farm_id,farmer_name,district,state,latitude,longitude,crop_type,farm_area,soil_health,soil_moisture,temperature,precipitation,humidity,drought_index,flood_risk,pest_risk,historical_yield,expected_yield,yield_variation,season,irrigation_status,weather_volatility,crop_price,previous_loss,climate_resilience,risk_score,crop_failure
FARM-001,Gurpreet Singh,Ludhiana,Punjab,30.9124,75.8573,Wheat,6.5,78.0,32.0,24.8,58.0,60.0,0.52,0.18,0.22,4.6,4.7,0.4,Rabi,Good,0.66,2275.0,0.28,0.52,0.1637,0
FARM-002,Geeta Das,Latur,Maharashtra,18.5569,76.6002,Cotton,2.58,61.2,30.7,28.9,28.6,51.2,0.356,0.142,0.676,1.57,1.57,0.324,Kharif,Good,0.648,6418.0,0.128,0.627,0.3489,1
FARM-003,Suresh Yadav,Sri Ganganagar,Rajasthan,30.0004,73.9998,Wheat,1.83,47.1,27.1,24.3,12.3,32.0,0.696,0.22,0.236,4.64,4.82,0.387,Rabi,Good,0.672,2541.0,0.273,0.623,0.5192,0
FARM-004,Raju Patil,Surat,Gujarat,20.9222,72.9443,Cotton,0.88,44.8,17.6,28.7,82.8,78.3,0.722,0.247,0.698,1.3,1.39,0.432,Kharif,Partial,0.326,6824.0,0.165,0.517,0.7079,0
FARM-005,Gurpreet Sharma,Agra,Uttar Pradesh,26.9594,77.78,Pulses,7.43,65.8,28.7,26.2,84.8,63.8,0.275,0.21,0.448,0.92,0.93,0.209,Rabi,Partial,0.204,6869.0,0.316,0.531,0.0534,0
FARM-006,Bhagwan Choudhary,Darbhanga,Bihar,26.0628,85.841,Wheat,3.58,76.7,31.2,26.2,62.2,71.9,0.482,0.69,0.373,5.86,6.83,0.228,Rabi,Good,0.345,2062.0,0.168,0.655,0.154,0
FARM-007,Suresh Murugan,Kolhapur,Maharashtra,16.8399,74.3183,Cotton,2.24,42.9,21.4,27.0,59.6,50.6,0.537,0.371,0.829,1.76,1.77,0.47,Kharif,None,0.261,6565.0,0.592,0.377,0.9557,1
FARM-008,Laxman Ghosh,Kota,Rajasthan,25.1674,75.8918,Mustard,1.9,28.7,14.0,28.7,64.5,46.9,0.79,0.218,0.362,0.93,0.92,0.483,Rabi,None,0.359,6333.0,0.394,0.286,0.8894,0
FARM-009,Sohan Pillai,Varanasi,Uttar Pradesh,25.1992,83.0262,Rice,3.77,38.8,38.6,27.2,76.1,74.9,0.323,0.28,0.532,4.27,4.47,0.385,Kharif,Good,0.222,2728.0,0.266,0.665,0.1035,0
FARM-010,Kishan Meena,Anantapur,Andhra Pradesh,14.6994,77.8357,Pulses,1.02,42.4,37.3,26.8,91.5,67.2,0.428,0.391,0.535,1.46,1.48,0.226,Rabi,Good,0.48,7093.0,0.209,0.624,0.2667,1
FARM-011,Mahesh Rathore,Guntur,Andhra Pradesh,16.2456,80.5846,Maize,0.93,64.3,35.0,26.2,93.1,50.4,0.581,0.453,0.336,3.65,3.57,0.268,Kharif,Partial,0.336,1824.0,0.441,0.532,0.2746,1
FARM-012,Narayan Rathore,Jabalpur,Madhya Pradesh,23.5287,80.1891,Pulses,3.14,55.5,32.0,25.4,85.7,52.3,0.559,0.335,0.343,0.91,0.86,0.39,Rabi,Good,0.468,4882.0,0.39,0.673,0.3848,0
FARM-013,Savita Das,Latur,Maharashtra,18.119,76.5065,Pulses,2.32,66.7,30.0,28.3,95.6,62.2,0.708,0.283,0.674,1.14,1.18,0.647,Rabi,Good,0.569,5884.0,0.158,0.618,0.599,0
FARM-014,Sukhwinder Bishnoi,Kota,Rajasthan,25.2634,76.2263,Wheat,1.98,39.7,15.3,25.7,14.1,35.9,0.446,0.273,0.177,3.48,3.59,0.611,Rabi,None,0.386,2568.0,0.187,0.253,0.9027,1
FARM-015,Prakash Ghosh,Nizamabad,Telangana,18.3727,77.8694,Maize,1.71,66.9,8.1,29.0,23.6,53.4,0.705,0.306,0.221,2.74,2.47,0.546,Kharif,None,0.229,2359.0,0.283,0.53,0.7232,1
FARM-016,Raju Jat,Ujjain,Madhya Pradesh,23.1285,75.7458,Wheat,3.69,65.8,47.1,22.7,110.0,56.4,0.277,0.127,0.457,4.22,3.76,0.317,Rabi,Good,0.333,2418.0,0.304,0.715,0.01,0
FARM-017,Suresh Sharma,Nashik,Maharashtra,20.4189,73.8656,Maize,2.19,67.0,40.7,28.9,124.2,51.5,0.3,0.177,0.289,3.96,3.84,0.115,Kharif,Good,0.108,2088.0,0.104,0.725,0.01,0
FARM-018,Sunita Murugan,Jabalpur,Madhya Pradesh,23.1168,79.806,Wheat,5.42,34.9,18.7,22.7,46.1,57.3,0.643,0.335,0.358,5.11,5.67,0.375,Rabi,Good,0.731,2482.0,0.275,0.448,0.842,1
FARM-019,Anil Murugan,Mysuru,Karnataka,12.4144,76.7832,Rice,3.12,40.4,41.6,26.7,57.4,75.5,0.573,0.194,0.496,4.41,4.73,0.396,Kharif,Good,0.5,2489.0,0.128,0.553,0.4387,0
FARM-020,Shanti Chauhan,Bhopal,Madhya Pradesh,23.3283,77.6417,Pulses,2.24,46.3,20.6,25.3,87.1,50.4,0.528,0.46,0.287,1.65,1.69,0.671,Rabi,Partial,0.432,7298.0,0.174,0.439,0.6797,1
FARM-021,Mohan Rathore,Dharwad,Karnataka,15.3327,75.1844,Cotton,1.75,70.0,33.3,26.6,89.8,64.7,0.347,0.252,0.6,1.39,1.35,0.138,Kharif,Partial,0.306,6773.0,0.207,0.498,0.0862,0
FARM-022,Lakshmi Gowda,Murshidabad,West Bengal,24.0301,88.1696,Rice,2.53,62.6,45.0,29.3,81.9,78.8,0.157,0.493,0.39,5.46,5.53,0.435,Kharif,Good,0.31,2376.0,0.186,0.662,0.1125,0
FARM-023,Bhagwan Gowda,Thanjavur,Tamil Nadu,11.0865,79.1957,Sugarcane,1.1,57.0,34.0,31.1,111.7,75.1,0.468,0.5,0.392,76.76,80.67,0.537,Annual,Partial,0.457,313.0,0.218,0.479,0.7262,1
FARM-024,Anita Kumar,Raichur,Karnataka,16.2899,77.4434,Maize,2.89,68.1,34.1,27.3,106.6,64.6,0.413,0.357,0.464,2.76,2.67,0.417,Kharif,Partial,0.208,2099.0,0.235,0.485,0.1484,0
FARM-025,Pushpa Rao,Krishna,Andhra Pradesh,16.6238,81.0109,Pulses,1.91,36.0,30.5,28.6,73.2,74.5,0.435,0.352,0.664,1.15,1.18,0.315,Rabi,Partial,0.302,6628.0,0.44,0.456,0.6896,0
FARM-026,Dinesh Jat,Murshidabad,West Bengal,24.064,88.2592,Rice,3.38,81.9,29.2,26.8,107.3,73.2,0.205,0.486,0.498,5.31,5.58,0.164,Kharif,None,0.103,2410.0,0.207,0.611,0.0115,0
FARM-027,Lakshmi Das,Hooghly,West Bengal,23.1346,88.5412,Pulses,2.03,53.3,34.1,26.5,125.6,84.1,0.362,0.563,0.584,0.96,0.98,0.326,Rabi,Good,0.307,6753.0,0.205,0.517,0.2997,1
FARM-028,Radha Yadav,Bardhaman,West Bengal,23.2731,88.0333,Rice,1.66,73.7,32.8,27.2,119.3,55.4,0.054,0.355,0.358,3.4,3.41,0.216,Kharif,Partial,0.269,2367.0,0.056,0.583,0.0204,0
FARM-029,Shanti Murugan,Sri Ganganagar,Rajasthan,30.055,74.2281,Pulses,1.04,37.8,8.0,31.3,15.9,36.1,0.712,0.037,0.333,1.2,1.26,0.464,Rabi,None,0.434,6119.0,0.36,0.267,0.8714,1
FARM-030,Babu Rathore,Salem,Tamil Nadu,11.6756,78.2089,Sugarcane,2.51,64.3,28.1,30.4,150.3,60.0,0.464,0.291,0.279,83.64,87.8,0.269,Annual,None,0.274,382.0,0.219,0.475,0.158,0
FARM-031,Rajinder Das,Bhavnagar,Gujarat,21.652,72.4416,Wheat,2.11,69.1,10.2,23.2,15.1,55.5,0.572,0.328,0.354,4.2,4.37,0.789,Rabi,None,0.224,2378.0,0.545,0.508,0.8724,1
FARM-032,Harpreet Chauhan,Sri Ganganagar,Rajasthan,30.1343,73.7431,Pulses,2.42,30.8,8.0,28.5,46.8,27.3,0.891,0.11,0.637,1.57,1.64,0.853,Rabi,None,0.593,6207.0,0.294,0.275,0.9694,1
FARM-033,Harpreet Naidu,Sri Ganganagar,Rajasthan,29.608,74.0352,Mustard,3.2,35.6,18.6,30.9,52.9,27.9,0.884,0.245,0.0,0.9,0.97,0.448,Rabi,Partial,0.197,5504.0,0.269,0.509,0.4325,1
FARM-034,Kamla Meena,Rajkot,Gujarat,22.3461,70.9173,Pulses,3.52,51.4,30.4,32.9,21.1,65.9,0.317,0.232,0.395,1.22,1.16,0.271,Rabi,Partial,0.47,7137.0,0.26,0.437,0.414,0
FARM-035,Pushpa Ghosh,Kota,Rajasthan,25.1032,75.8014,Cotton,2.28,43.7,14.1,31.2,27.6,40.7,0.653,0.126,0.357,2.13,2.09,0.672,Kharif,None,0.896,7085.0,0.498,0.257,0.99,1
FARM-036,Babu Murugan,Aurangabad,Maharashtra,19.8759,75.2279,Maize,1.92,45.9,32.1,28.2,35.2,45.5,0.312,0.307,0.361,3.52,3.65,0.504,Kharif,Partial,0.068,2254.0,0.43,0.565,0.3579,1
FARM-037,Meena Jat,Warangal,Telangana,17.8126,79.8629,Maize,4.43,60.6,31.9,28.3,135.5,43.8,0.312,0.317,0.436,3.36,3.18,0.33,Kharif,None,0.369,1879.0,0.354,0.435,0.3228,0
FARM-038,Raju Rao,Ludhiana,Punjab,31.1141,75.8225,Maize,1.5,70.7,28.6,21.4,10.5,50.1,0.404,0.326,0.247,3.9,4.55,0.546,Kharif,Partial,0.606,1793.0,0.314,0.464,0.5832,1
FARM-039,Radha Rao,Dharwad,Karnataka,15.6716,75.0446,Sugarcane,0.48,77.5,38.1,27.3,130.5,55.4,0.341,0.392,0.062,89.42,91.78,0.181,Annual,Good,0.258,405.0,0.345,0.617,0.0228,0
FARM-040,Dinesh Das,Coimbatore,Tamil Nadu,10.8947,77.0003,Pulses,3.0,50.3,31.7,28.8,27.6,71.6,0.272,0.413,0.456,0.76,0.76,0.176,Rabi,Good,0.294,6472.0,0.173,0.648,0.1138,0
FARM-041,Babu Chauhan,Jaipur,Rajasthan,27.0945,75.7605,Cotton,0.5,55.1,12.0,27.8,16.4,35.3,0.674,0.0,0.438,1.19,1.25,0.438,Kharif,None,0.39,6210.0,0.18,0.398,0.8976,1
FARM-042,Kavita Bishnoi,Meerut,Uttar Pradesh,28.8406,77.5986,Wheat,1.66,76.1,46.3,27.9,160.2,53.8,0.412,0.315,0.581,4.16,4.38,0.742,Rabi,Good,0.453,2496.0,0.113,0.539,0.1779,0
FARM-043,Sukhwinder Meena,Meerut,Uttar Pradesh,28.9786,77.7593,Sugarcane,0.67,60.4,33.3,25.8,67.8,58.5,0.397,0.553,0.388,83.22,85.13,0.491,Annual,Partial,0.582,310.0,0.297,0.456,0.859,1
FARM-044,Anita Patil,Dharwad,Karnataka,15.4134,75.2761,Maize,1.63,60.1,19.4,28.4,31.5,45.7,0.462,0.209,0.333,2.93,2.81,0.471,Kharif,None,0.229,1912.0,0.342,0.391,0.6303,1
FARM-045,Sunil Patil,Latur,Maharashtra,18.5305,76.816,Maize,2.64,35.9,22.1,28.1,37.2,42.5,0.539,0.344,0.208,0.96,0.95,0.443,Kharif,None,0.427,2261.0,0.182,0.378,0.7479,1
FARM-046,Prakash Chauhan,Guntur,Andhra Pradesh,15.9641,80.6432,Cotton,1.07,53.6,17.6,26.3,111.8,51.2,0.385,0.36,0.593,1.23,1.24,0.256,Kharif,None,0.387,6310.0,0.089,0.421,0.429,1
FARM-047,Savita Jadhav,Karnal,Haryana,29.7773,77.0329,Wheat,1.82,76.8,31.7,25.0,37.3,68.6,0.545,0.289,0.224,4.49,4.43,0.386,Rabi,Good,0.425,2354.0,0.363,0.827,0.0172,0
FARM-048,Sukhwinder Pillai,Ludhiana,Punjab,30.7,76.064,Wheat,1.01,91.5,31.7,26.4,50.1,59.3,0.24,0.094,0.339,6.22,6.11,0.236,Rabi,Partial,0.26,2024.0,0.307,0.684,0.0524,0
FARM-049,Prakash Kaur,Muzaffarpur,Bihar,26.258,85.1696,Rice,18.18,66.0,34.9,27.8,70.0,65.2,0.454,0.583,0.282,3.89,3.84,0.153,Kharif,Good,0.427,2386.0,0.171,0.7,0.1474,0
FARM-050,Rajinder Ghosh,Gwalior,Madhya Pradesh,26.237,78.3212,Pulses,1.4,40.1,28.9,29.4,88.8,49.3,0.527,0.221,0.445,1.37,1.4,0.553,Rabi,Partial,0.364,7597.0,0.168,0.471,0.5214,0
FARM-051,Narayan Meena,Rohtak,Haryana,29.0423,76.6474,Rice,2.3,64.3,40.8,31.4,53.7,49.4,0.278,0.394,0.412,4.41,4.51,0.303,Kharif,Good,0.181,2389.0,0.235,0.63,0.1365,0
FARM-052,Meena Pillai,Nagpur,Maharashtra,21.1922,78.7548,Rice,0.73,58.2,16.4,27.2,53.3,59.4,0.691,0.06,0.357,4.07,4.13,0.537,Kharif,None,0.533,2181.0,0.295,0.352,0.9576,1
FARM-053,Meena Rao,Nizamabad,Telangana,18.4721,78.1422,Cotton,3.69,82.0,31.1,29.1,91.2,47.7,0.708,0.093,0.677,2.36,2.13,0.148,Kharif,Good,0.179,6204.0,0.426,0.839,0.0315,0
FARM-054,Anita Patil,Aurangabad,Maharashtra,19.9895,75.3014,Sugarcane,1.79,62.6,42.8,25.1,94.0,56.0,0.102,0.302,0.399,72.18,74.96,0.445,Annual,None,0.386,327.0,0.146,0.237,0.4062,0
FARM-055,Lakshmi Rao,Sirsa,Haryana,29.5803,75.2664,Cotton,3.48,72.0,40.7,24.9,54.0,52.8,0.172,0.216,0.481,1.91,1.88,0.39,Kharif,Good,0.273,7415.0,0.172,0.66,0.0731,0
FARM-056,Bhagwan Yadav,Nizamabad,Telangana,18.7056,77.8867,Rice,2.73,61.6,46.1,31.2,147.7,50.0,0.327,0.201,0.361,4.91,5.0,0.205,Kharif,Good,0.045,1939.0,0.189,0.763,0.01,0
FARM-057,Mohan Choudhary,Sri Ganganagar,Rajasthan,29.8405,73.847,Pulses,3.71,43.1,15.3,30.2,33.9,33.1,0.42,0.272,0.503,1.09,1.1,0.706,Rabi,None,0.742,5909.0,0.414,0.214,0.878,0
FARM-058,Kishan Meena,Indore,Madhya Pradesh,22.8992,75.8366,Rice,3.67,49.3,35.1,27.6,116.2,52.0,0.291,0.399,0.312,4.3,4.19,0.244,Kharif,Good,0.164,2307.0,0.405,0.681,0.0868,0
FARM-059,Kavita Verma,Ludhiana,Punjab,30.7414,75.8891,Wheat,2.29,70.7,43.6,25.2,76.2,58.0,0.363,0.573,0.331,4.64,5.07,0.461,Rabi,Good,0.37,2376.0,0.49,0.652,0.1814,0
FARM-060,Mohan Murugan,Sirsa,Haryana,29.6278,74.9815,Cotton,9.25,75.5,30.8,25.3,36.0,50.7,0.438,0.457,0.636,0.98,1.04,0.678,Kharif,Good,0.586,7380.0,0.521,0.68,0.6153,0
FARM-061,Sunil Mondal,Coimbatore,Tamil Nadu,11.224,76.7905,Rice,3.35,38.1,44.4,30.0,199.4,79.8,0.36,0.467,0.565,4.39,4.36,0.229,Kharif,None,0.353,2560.0,0.102,0.218,0.5846,1
FARM-062,Sunita Murugan,Jodhpur,Rajasthan,26.0613,72.9846,Mustard,0.97,29.7,22.0,29.8,21.0,25.1,0.545,0.003,0.182,1.14,1.2,0.237,Rabi,None,0.212,5610.0,0.379,0.357,0.4303,0
FARM-063,Sunil Ghosh,Muzaffarpur,Bihar,26.0275,85.4424,Pulses,1.17,41.1,22.6,29.3,57.5,65.3,0.347,0.616,0.454,1.35,1.33,0.361,Rabi,None,0.197,5639.0,0.35,0.348,0.5596,1
FARM-064,Laxman Rao,Lucknow,Uttar Pradesh,26.5062,80.7197,Wheat,2.35,60.0,29.3,29.6,116.3,63.2,0.356,0.341,0.327,4.06,4.06,0.449,Rabi,None,0.633,2110.0,0.098,0.358,0.5861,1
FARM-065,Rekha Jadhav,Warangal,Telangana,18.2909,79.5068,Cotton,1.86,47.6,38.7,28.0,208.2,51.2,0.79,0.341,0.628,0.87,0.96,0.433,Kharif,Good,0.648,7057.0,0.186,0.506,0.7982,1
FARM-066,Ramesh Kumar,Dharwad,Karnataka,15.4305,74.933,Maize,3.63,54.9,24.5,27.5,43.6,56.7,0.457,0.293,0.314,3.47,3.3,0.275,Kharif,None,0.516,1984.0,0.147,0.246,0.6622,1
FARM-067,Suresh Kumar,Ludhiana,Punjab,30.6368,75.9904,Wheat,4.44,55.1,27.0,25.7,70.4,58.1,0.257,0.138,0.252,5.16,5.62,0.583,Rabi,None,0.512,2319.0,0.082,0.358,0.3527,1
FARM-068,Sunita Choudhary,Sirsa,Haryana,29.4689,74.8598,Rice,3.83,59.4,33.4,32.2,23.5,59.1,0.411,0.044,0.356,3.62,3.57,0.309,Kharif,Good,0.292,2077.0,0.214,0.667,0.1134,0
FARM-069,Sanjay Jat,Kolhapur,Maharashtra,16.4468,74.4238,Sugarcane,1.85,58.5,29.7,30.0,69.5,59.4,0.459,0.33,0.285,57.37,62.6,0.4,Annual,Good,0.21,329.0,0.326,0.509,0.3128,1
FARM-070,Bhagwan Sharma,Nizamabad,Telangana,18.6172,78.0762,Maize,7.54,62.6,37.6,30.1,124.6,64.0,0.75,0.198,0.482,2.98,3.38,0.409,Kharif,Good,0.323,2075.0,0.527,0.692,0.1952,0
FARM-071,Bhagwan Kumar,Mandya,Karnataka,12.776,76.9379,Rice,2.87,75.2,35.3,27.9,164.7,81.1,0.589,0.12,0.499,3.53,3.87,0.341,Kharif,Good,0.46,2374.0,0.153,0.566,0.1101,0
FARM-072,Harpreet Ghosh,Meerut,Uttar Pradesh,29.1124,77.4655,Mustard,2.98,62.9,35.3,27.8,35.6,70.7,0.42,0.553,0.384,1.67,1.91,0.296,Rabi,Good,0.431,5727.0,0.298,0.722,0.1818,0
FARM-073,Rekha Das,Gorakhpur,Uttar Pradesh,26.6078,83.5246,Sugarcane,0.82,72.5,36.0,29.3,45.2,48.2,0.258,0.24,0.334,79.38,81.15,0.234,Annual,Partial,0.287,361.0,0.36,0.634,0.0997,0
FARM-074,Mahesh Verma,Amritsar,Punjab,31.8488,75.1609,Maize,3.01,80.2,36.8,23.5,46.5,48.0,0.28,0.274,0.445,4.27,4.33,0.356,Kharif,Good,0.352,2387.0,0.642,0.751,0.0988,0
FARM-075,Babu Bishnoi,Lucknow,Uttar Pradesh,26.7405,80.8102,Wheat,2.05,48.0,29.2,25.0,71.4,66.4,0.363,0.296,0.312,3.34,3.17,0.297,Rabi,Good,0.414,2125.0,0.472,0.576,0.1706,1
FARM-076,Lakshmi Rathore,Salem,Tamil Nadu,11.4257,78.1128,Maize,1.84,51.7,29.6,31.6,62.2,71.4,0.327,0.301,0.538,4.28,4.14,0.207,Kharif,None,0.505,2235.0,0.108,0.314,0.5962,0
FARM-077,Harpreet Patel,Aurangabad,Maharashtra,19.6727,75.5405,Cotton,2.95,60.8,32.0,28.6,81.6,44.2,0.404,0.392,0.441,0.94,0.9,0.368,Kharif,Partial,0.134,7129.0,0.188,0.551,0.1002,0
FARM-078,Meena Kaur,Kota,Rajasthan,25.3483,75.7597,Wheat,1.46,59.1,28.2,25.0,49.0,31.8,0.632,0.223,0.2,4.29,4.24,0.572,Rabi,Partial,0.5,2482.0,0.391,0.538,0.4762,0
FARM-079,Harpreet Reddy,Mandya,Karnataka,12.6838,76.9511,Cotton,2.57,52.6,36.1,25.9,78.7,46.9,0.454,0.274,0.653,1.91,1.94,0.313,Kharif,Good,0.351,5424.0,0.263,0.568,0.2224,1
FARM-080,Harpreet Murugan,Bhopal,Madhya Pradesh,23.2654,77.359,Maize,2.68,57.2,16.4,22.6,31.9,54.9,0.387,0.182,0.451,3.89,3.83,0.175,Kharif,None,0.178,2266.0,0.238,0.455,0.2602,0
FARM-081,Savita Bishnoi,Warangal,Telangana,18.2808,79.6788,Cotton,0.83,57.6,20.1,23.7,19.4,55.1,0.343,0.354,0.938,2.86,2.92,0.567,Kharif,None,0.35,6654.0,0.329,0.502,0.9885,1
FARM-082,Rajinder Patil,Murshidabad,West Bengal,24.3561,88.1731,Rice,0.81,73.7,43.5,31.3,169.9,68.2,0.334,0.594,0.63,5.05,5.48,0.462,Kharif,None,0.579,2461.0,0.269,0.451,0.6929,1
FARM-083,Suresh Patil,Khammam,Telangana,17.0318,79.978,Rice,2.91,73.8,22.5,28.4,115.9,56.1,0.36,0.348,0.281,5.46,5.68,0.397,Kharif,None,0.225,2056.0,0.179,0.426,0.1929,0
FARM-084,Geeta Reddy,Anantapur,Andhra Pradesh,14.9153,77.6633,Rice,0.97,70.3,19.2,27.8,111.6,66.4,0.427,0.516,0.315,3.46,3.62,0.457,Kharif,None,0.576,2457.0,0.141,0.43,0.7309,1
FARM-085,Anita Choudhary,Gwalior,Madhya Pradesh,26.1105,77.8384,Rice,2.8,66.1,56.3,23.1,107.2,55.6,0.281,0.288,0.457,4.19,4.41,0.742,Kharif,Good,0.506,2159.0,0.419,0.694,0.2167,0
FARM-086,Radha Deshmukh,Patna,Bihar,25.2565,85.2951,Wheat,1.51,65.8,31.6,25.9,108.3,62.9,0.221,0.574,0.274,4.56,4.98,0.16,Rabi,Partial,0.287,2322.0,0.166,0.634,0.0974,0
FARM-087,Narayan Kumar,Hooghly,West Bengal,23.2448,88.2268,Rice,2.49,70.4,40.1,26.1,139.8,62.3,0.514,0.841,0.311,2.94,2.81,0.306,Kharif,Good,0.422,2536.0,0.367,0.672,0.2621,0
FARM-088,Kishan Das,Gaya,Bihar,24.5692,84.9909,Rice,1.46,53.4,27.1,27.6,81.0,74.8,0.271,0.658,0.554,4.02,4.01,0.521,Kharif,None,0.391,2210.0,0.286,0.345,0.8714,1
FARM-089,Shanti Jat,Latur,Maharashtra,18.0925,76.6737,Pulses,1.9,39.7,38.5,29.5,45.8,52.7,0.328,0.186,0.53,1.18,1.2,0.524,Rabi,Good,0.226,5434.0,0.204,0.551,0.0936,0
FARM-090,Sanjay Rao,Hisar,Haryana,29.4785,75.5012,Wheat,2.53,87.6,8.0,24.4,33.9,52.0,0.401,0.299,0.271,4.81,5.14,0.43,Rabi,None,0.233,2499.0,0.45,0.619,0.2513,0
FARM-091,Kishan Patel,Sri Ganganagar,Rajasthan,29.9616,73.9224,Mustard,1.25,71.6,23.8,27.6,19.0,42.3,0.654,0.0,0.275,1.25,1.37,0.523,Rabi,Partial,0.317,4874.0,0.238,0.607,0.203,1
FARM-092,Ganesh Kumar,Ujjain,Madhya Pradesh,23.2813,75.7832,Maize,1.75,46.7,28.2,23.2,95.4,57.6,0.343,0.346,0.381,2.42,2.29,0.317,Kharif,Partial,0.214,2316.0,0.126,0.438,0.1627,0
FARM-093,Suresh Naidu,Bikaner,Rajasthan,27.9631,73.1928,Mustard,3.24,51.6,18.5,27.3,15.5,40.1,0.816,0.066,0.301,2.35,2.39,0.22,Rabi,Partial,0.425,5466.0,0.532,0.441,0.6741,0
FARM-094,Savita Yadav,Coimbatore,Tamil Nadu,11.197,76.8468,Rice,6.15,72.7,34.2,30.1,57.2,61.6,0.297,0.231,0.47,4.13,4.07,0.261,Kharif,Partial,0.483,2411.0,0.386,0.503,0.3903,0
FARM-095,Mahesh Kaur,Murshidabad,West Bengal,24.2256,88.4311,Rice,11.79,81.7,27.8,26.3,100.5,68.3,0.449,0.445,0.467,4.63,5.23,0.258,Kharif,None,0.25,2297.0,0.146,0.503,0.2197,0
FARM-096,Prakash Meena,Bathinda,Punjab,30.2044,74.6902,Rice,2.22,70.2,31.6,23.8,45.9,65.1,0.378,0.281,0.578,3.96,3.96,0.416,Kharif,Good,0.49,2206.0,0.337,0.504,0.4943,0
FARM-097,Sunita Kumar,Patna,Bihar,25.5864,84.9927,Wheat,1.81,70.3,14.6,31.5,94.6,60.5,0.368,0.617,0.235,4.24,4.48,0.475,Rabi,None,0.597,2093.0,0.196,0.343,0.7503,1
FARM-098,Shanti Mondal,Latur,Maharashtra,18.3452,76.5215,Rice,5.01,49.6,15.2,28.3,66.2,50.1,0.709,0.486,0.362,3.73,3.87,0.355,Kharif,None,0.805,2091.0,0.599,0.212,0.99,1
FARM-099,Radha Singh,Nadia,West Bengal,23.4833,88.4157,Mustard,1.72,70.5,32.5,27.7,30.4,84.6,0.117,0.678,0.597,1.96,2.11,0.207,Rabi,Good,0.512,5495.0,0.246,0.655,0.2296,0
FARM-100,Kamla Jat,Agra,Uttar Pradesh,27.1584,78.2584,Mustard,3.44,82.9,38.6,25.6,154.7,88.2,0.275,0.211,0.685,1.92,1.9,0.5,Rabi,None,0.356,6312.0,0.076,0.502,0.1072,0
FARM-101,Kavita Jadhav,Krishna,Andhra Pradesh,16.7266,80.5873,Pulses,7.08,55.9,37.9,29.1,125.1,57.8,0.621,0.585,0.685,1.26,1.25,0.58,Rabi,Good,0.632,5594.0,0.364,0.604,0.8422,1
FARM-102,Manoj Reddy,Hisar,Haryana,29.1029,75.6013,Mustard,2.16,63.1,35.6,27.9,29.4,55.1,0.07,0.237,0.344,1.18,1.3,0.17,Rabi,Good,0.179,6112.0,0.275,0.808,0.01,0
FARM-103,Anita Chauhan,Nagpur,Maharashtra,21.105,78.7231,Sugarcane,2.32,52.7,23.4,26.3,82.4,37.0,0.572,0.141,0.206,81.72,74.35,0.585,Annual,None,0.512,299.0,0.452,0.452,0.8501,1
FARM-104,Shanti Pillai,Nadia,West Bengal,23.5263,88.6355,Rice,4.08,61.8,45.3,26.4,161.4,87.8,0.37,0.529,0.558,5.0,5.17,0.66,Kharif,Good,0.478,2368.0,0.34,0.593,0.5081,0
FARM-105,Savita Patel,Krishna,Andhra Pradesh,16.3693,81.031,Pulses,0.93,57.9,30.9,25.2,71.3,69.2,0.459,0.237,0.399,1.21,1.25,0.358,Rabi,Good,0.294,6373.0,0.421,0.615,0.1252,0
FARM-106,Sukhwinder Bishnoi,Nagpur,Maharashtra,21.1478,79.0333,Sugarcane,1.39,61.3,30.9,25.8,154.9,49.6,0.634,0.245,0.246,86.92,82.97,0.235,Annual,Partial,0.313,362.0,0.229,0.441,0.2817,0
FARM-107,Laxman Ghosh,Anantapur,Andhra Pradesh,14.789,77.5528,Rice,5.99,51.8,44.4,28.7,116.3,63.7,0.562,0.491,0.359,4.33,4.42,0.499,Kharif,Good,0.697,1804.0,0.422,0.52,0.6819,1
FARM-108,Lakshmi Sharma,Bhavnagar,Gujarat,21.638,72.0261,Sugarcane,8.56,73.9,21.8,28.8,69.4,44.9,0.559,0.289,0.287,63.52,63.34,0.429,Annual,None,0.426,363.0,0.454,0.565,0.726,1
FARM-109,Radha Kumar,Aurangabad,Maharashtra,20.0163,75.4964,Rice,3.1,71.0,31.3,31.7,99.0,54.6,0.604,0.125,0.318,3.21,3.13,0.415,Kharif,None,0.88,2083.0,0.245,0.235,0.839,1
FARM-110,Savita Pillai,Darbhanga,Bihar,26.0651,85.791,Pulses,1.6,71.7,36.2,26.5,89.7,69.5,0.326,0.54,0.531,1.46,1.42,0.324,Rabi,Good,0.126,5839.0,0.352,0.758,0.0754,0
FARM-111,Gurpreet Gowda,Gorakhpur,Uttar Pradesh,26.6324,83.139,Sugarcane,2.15,57.5,35.5,28.9,85.1,56.1,0.326,0.425,0.442,47.24,46.04,0.333,Annual,Partial,0.252,339.0,0.569,0.543,0.4621,1
FARM-112,Prakash Naidu,Jabalpur,Madhya Pradesh,22.9896,80.0485,Maize,2.21,56.8,28.1,30.9,17.7,55.0,0.264,0.276,0.49,3.52,3.87,0.128,Kharif,Good,0.069,2292.0,0.418,0.87,0.01,0
FARM-113,Kamla Jat,Karnal,Haryana,29.726,76.513,Wheat,3.89,65.4,19.0,27.1,27.2,54.4,0.261,0.433,0.317,5.11,5.09,0.376,Rabi,Good,0.338,2033.0,0.172,0.684,0.0827,0
FARM-114,Raju Meena,Nalgonda,Telangana,17.0621,79.2004,Rice,2.39,59.9,26.0,23.3,167.2,62.6,0.35,0.458,0.211,4.7,5.01,0.134,Kharif,None,0.369,2416.0,0.479,0.398,0.293,1
FARM-115,Anita Kaur,Latur,Maharashtra,18.0828,76.5178,Sugarcane,0.88,50.9,13.0,26.3,61.0,59.8,0.62,0.224,0.212,70.61,76.19,0.188,Annual,None,0.28,355.0,0.284,0.473,0.7193,1
FARM-116,Harpreet Jadhav,Nashik,Maharashtra,19.9737,73.9006,Pulses,3.05,53.1,11.4,22.9,71.3,56.5,0.582,0.157,0.601,1.64,1.71,0.368,Rabi,None,0.283,6202.0,0.251,0.343,0.6391,1
FARM-117,Mahesh Bishnoi,Bathinda,Punjab,30.2767,74.8561,Wheat,1.45,70.2,43.8,29.2,96.4,57.8,0.386,0.355,0.155,4.25,4.37,0.377,Rabi,Good,0.491,2377.0,0.189,0.63,0.0379,0
FARM-118,Gurpreet Choudhary,Jalandhar,Punjab,31.0219,75.9221,Rice,3.3,76.3,34.9,25.6,38.5,45.5,0.435,0.188,0.317,3.76,3.74,0.302,Kharif,Good,0.637,2081.0,0.089,0.634,0.1137,0
FARM-119,Meena Naidu,Nashik,Maharashtra,19.9133,73.3176,Rice,2.18,67.1,33.7,23.4,119.5,65.0,0.642,0.121,0.615,3.5,3.71,0.417,Kharif,Good,0.176,2120.0,0.313,0.715,0.0996,0
FARM-120,Prakash Yadav,Rajkot,Gujarat,22.4604,70.6781,Cotton,1.76,55.5,20.2,32.2,47.4,55.3,0.408,0.289,0.484,2.37,2.4,0.468,Kharif,Partial,0.604,6639.0,0.738,0.55,0.8876,1
FARM-121,Ganesh Jat,Patna,Bihar,25.5562,85.0977,Wheat,4.29,80.1,28.3,27.8,135.8,64.3,0.56,0.495,0.306,4.9,5.39,0.54,Rabi,None,0.496,2137.0,0.349,0.356,0.5731,0
FARM-122,Savita Naidu,Ujjain,Madhya Pradesh,23.1884,76.0238,Maize,1.33,52.9,20.0,27.1,55.2,54.6,0.212,0.135,0.387,3.68,3.75,0.185,Kharif,None,0.363,2108.0,0.146,0.384,0.2023,1
FARM-123,Ganesh Naidu,Patna,Bihar,25.8443,85.3087,Wheat,1.08,55.4,41.9,26.0,104.3,62.5,0.168,0.469,0.235,4.13,4.39,0.321,Rabi,Good,0.143,1986.0,0.392,0.694,0.147,0
FARM-124,Sukhwinder Kaur,Dharwad,Karnataka,15.3011,75.0705,Cotton,2.16,69.3,29.1,25.0,114.6,70.4,0.504,0.209,0.771,2.41,2.59,0.397,Kharif,None,0.169,6292.0,0.475,0.427,0.4309,1
FARM-125,Suresh Verma,Gwalior,Madhya Pradesh,26.1408,78.5356,Pulses,3.22,49.1,31.5,28.0,90.7,47.4,0.185,0.254,0.407,1.04,1.06,0.508,Rabi,None,0.112,6949.0,0.535,0.448,0.2658,0
FARM-126,Geeta Chauhan,Latur,Maharashtra,18.525,76.2852,Pulses,1.37,58.2,32.6,31.1,169.9,59.2,0.601,0.305,0.607,0.56,0.57,0.218,Rabi,None,0.438,6180.0,0.245,0.427,0.6161,1
FARM-127,Manoj Murugan,Nizamabad,Telangana,18.7225,78.4591,Rice,8.76,58.1,48.5,32.4,103.3,57.5,0.314,0.17,0.458,4.88,4.55,0.764,Kharif,Good,0.197,2519.0,0.222,0.751,0.1198,0
FARM-128,Meena Naidu,Nizamabad,Telangana,18.7125,78.308,Rice,2.51,46.1,31.4,29.6,104.6,53.7,0.779,0.206,0.389,4.16,4.24,0.202,Kharif,Good,0.261,2055.0,0.243,0.644,0.1987,0
FARM-129,Meena Sharma,Guntur,Andhra Pradesh,16.3039,80.6733,Rice,2.14,50.4,31.4,32.4,40.5,69.6,0.243,0.392,0.57,3.92,4.28,0.473,Kharif,Partial,0.548,2449.0,0.451,0.418,0.99,1
FARM-130,Radha Das,Sri Ganganagar,Rajasthan,29.79,73.8342,Pulses,2.13,42.0,15.6,29.7,35.1,44.7,0.701,0.096,0.419,0.81,0.87,0.291,Rabi,None,0.288,6318.0,0.645,0.391,0.8097,1
FARM-131,Ramesh Rathore,Rajkot,Gujarat,22.1706,70.9098,Cotton,2.76,59.9,27.5,25.5,33.1,59.5,0.258,0.19,0.502,2.14,2.33,0.489,Kharif,Partial,0.421,5978.0,0.412,0.466,0.5045,1
FARM-132,Narayan Kaur,Gaya,Bihar,24.5085,85.1118,Wheat,2.32,66.5,35.3,25.5,56.8,73.1,0.527,0.52,0.361,4.61,4.75,0.338,Rabi,Good,0.523,2360.0,0.443,0.629,0.3357,0
FARM-133,Kavita Naidu,Thanjavur,Tamil Nadu,10.7197,79.1207,Maize,2.51,63.2,24.9,34.6,80.8,54.5,0.378,0.194,0.065,3.96,4.15,0.612,Kharif,None,0.039,1998.0,0.123,0.393,0.039,0
FARM-134,Raju Jadhav,Belagavi,Karnataka,15.8804,74.5682,Pulses,2.04,63.1,34.4,28.7,74.1,60.5,0.433,0.297,0.505,1.37,1.55,0.262,Rabi,Good,0.764,6527.0,0.168,0.667,0.2426,0
FARM-135,Bhagwan Patel,Sri Ganganagar,Rajasthan,30.0278,73.8837,Wheat,2.88,59.1,10.9,28.9,32.0,46.9,0.678,0.176,0.233,5.07,5.32,0.779,Rabi,None,0.899,2394.0,0.597,0.341,0.99,1
FARM-136,Bhagwan Yadav,Jodhpur,Rajasthan,26.1075,72.9966,Mustard,3.09,60.3,15.5,30.5,17.9,33.2,0.641,0.155,0.259,2.2,2.3,0.247,Rabi,None,0.21,5238.0,0.35,0.434,0.5205,0
FARM-137,Gurpreet Meena,Patna,Bihar,25.7925,84.9612,Rice,12.07,64.3,39.1,24.8,112.7,58.8,0.405,0.65,0.488,3.9,3.88,0.59,Kharif,Partial,0.371,2096.0,0.272,0.732,0.3588,1
FARM-138,Mahesh Meena,Bhavnagar,Gujarat,21.4038,72.3167,Cotton,2.4,40.3,21.3,26.7,47.4,58.8,0.571,0.129,0.518,1.8,2.06,0.47,Kharif,None,0.256,6714.0,0.085,0.475,0.6492,1
FARM-139,Lakshmi Pillai,Hisar,Haryana,29.3806,75.9285,Sugarcane,1.91,67.4,30.8,25.4,64.5,57.9,0.629,0.198,0.419,81.42,83.28,0.286,Annual,Good,0.241,344.0,0.493,0.731,0.1541,0
FARM-140,Sunil Bishnoi,Aurangabad,Maharashtra,20.3679,75.1232,Cotton,1.26,56.9,12.7,29.5,92.2,59.2,0.358,0.049,0.443,2.48,2.48,0.783,Kharif,None,0.404,5877.0,0.244,0.289,0.5965,1
FARM-141,Sukhwinder Reddy,Raichur,Karnataka,16.1947,77.3818,Cotton,3.34,61.9,21.0,26.1,75.9,62.0,0.427,0.27,0.703,2.21,1.92,0.229,Kharif,None,0.363,6909.0,0.274,0.466,0.4254,1
FARM-142,Kishan Patil,Gwalior,Madhya Pradesh,25.9247,78.3068,Wheat,2.54,50.5,28.6,23.8,127.6,63.5,0.579,0.254,0.395,4.68,4.76,0.32,Rabi,None,0.599,2435.0,0.421,0.241,0.863,1
FARM-143,Suresh Bishnoi,Nizamabad,Telangana,18.4545,78.4581,Cotton,3.86,52.1,31.7,26.2,63.1,53.8,0.35,0.39,0.434,2.17,2.42,0.719,Kharif,Partial,0.208,6257.0,0.437,0.581,0.3849,1
FARM-144,Laxman Sharma,Nizamabad,Telangana,18.7536,78.2831,Pulses,1.36,69.0,30.1,28.4,60.1,53.5,0.745,0.427,0.358,1.14,1.16,0.542,Rabi,Partial,0.296,6487.0,0.29,0.638,0.318,0
FARM-145,Kavita Kumar,Jodhpur,Rajasthan,25.8648,72.9954,Pulses,7.94,51.9,19.6,32.3,28.7,36.4,0.812,0.199,0.158,1.62,1.68,0.367,Rabi,Good,0.694,6007.0,0.895,0.518,0.6464,0
FARM-146,Dinesh Reddy,Jabalpur,Madhya Pradesh,23.3322,79.6406,Wheat,4.99,44.0,34.9,26.5,80.6,53.2,0.623,0.285,0.151,4.67,4.81,0.181,Rabi,Partial,0.295,2414.0,0.236,0.568,0.1468,0
FARM-147,Kamla Meena,Kota,Rajasthan,25.4773,75.8031,Pulses,4.18,48.3,28.2,27.3,28.9,34.7,0.615,0.102,0.285,1.37,1.32,0.134,Rabi,Good,0.198,6406.0,0.185,0.667,0.01,0
FARM-148,Kamla Kumar,Anantapur,Andhra Pradesh,14.622,77.4833,Rice,1.1,64.7,24.2,31.0,70.3,68.0,0.766,0.446,0.326,3.79,4.17,0.375,Kharif,Good,0.659,2168.0,0.295,0.66,0.6042,0
FARM-149,Sunita Chauhan,Bareilly,Uttar Pradesh,28.7476,79.1129,Rice,5.96,48.1,60.6,27.7,130.8,64.4,0.216,0.398,0.386,3.88,3.91,0.574,Kharif,Good,0.216,2145.0,0.059,0.736,0.01,0
FARM-150,Sanjay Pillai,Bhavnagar,Gujarat,21.8238,72.1077,Cotton,2.48,60.2,27.4,26.2,138.5,67.4,0.361,0.28,0.868,2.26,2.17,0.379,Kharif,None,0.367,6891.0,0.36,0.349,0.7236,0
FARM-151,Suresh Reddy,Jalandhar,Punjab,31.3173,75.3281,Wheat,2.44,93.1,43.6,24.4,87.8,49.8,0.413,0.196,0.146,5.07,5.55,0.252,Rabi,Good,0.395,2451.0,0.189,0.774,0.0722,0
FARM-152,Gurpreet Rao,Rohtak,Haryana,28.9255,76.5535,Wheat,3.12,70.3,39.3,27.5,74.2,66.4,0.303,0.146,0.268,6.18,6.76,0.361,Rabi,Good,0.182,2404.0,0.474,0.737,0.0308,0
FARM-153,Prakash Patil,Varanasi,Uttar Pradesh,25.3114,82.591,Wheat,2.07,61.6,43.1,25.0,61.0,67.3,0.256,0.55,0.075,4.03,4.2,0.721,Rabi,Good,0.306,2250.0,0.237,0.628,0.055,0
FARM-154,Suresh Das,Solapur,Maharashtra,17.7546,75.9494,Pulses,4.17,69.8,22.6,28.8,76.6,62.4,0.656,0.177,0.449,1.14,1.13,0.43,Rabi,None,0.573,6315.0,0.311,0.442,0.5507,0
FARM-155,Meena Sharma,Bhavnagar,Gujarat,21.8664,72.3606,Sugarcane,1.9,42.3,32.6,26.4,99.4,45.8,0.306,0.368,0.287,78.07,78.44,0.507,Annual,None,0.387,357.0,0.186,0.408,0.6904,0
FARM-156,Sukhwinder Sharma,Kota,Rajasthan,25.1996,75.9723,Wheat,0.43,36.1,15.0,27.9,30.3,44.7,0.519,0.0,0.185,3.76,3.73,0.26,Rabi,None,0.227,2085.0,0.146,0.367,0.4778,1
FARM-157,Mahesh Ghosh,Dharwad,Karnataka,15.161,75.1575,Pulses,1.37,48.0,34.7,27.4,148.3,60.3,0.235,0.32,0.463,0.97,0.98,0.269,Rabi,None,0.652,5518.0,0.259,0.213,0.5651,1
FARM-158,Anita Meena,Karnal,Haryana,29.6453,77.069,Wheat,3.81,62.5,31.8,23.1,37.7,52.4,0.374,0.188,0.417,3.07,3.3,0.566,Rabi,Good,0.502,2236.0,0.543,0.669,0.2178,0
FARM-159,Kamla Reddy,Surat,Gujarat,20.9234,72.9372,Maize,8.58,67.1,33.3,26.7,30.9,66.8,0.34,0.348,0.363,4.71,4.48,0.723,Kharif,Good,0.606,2177.0,0.552,0.662,0.4299,0
FARM-160,Mahesh Choudhary,Anantapur,Andhra Pradesh,14.8748,77.4614,Maize,1.04,77.1,25.4,31.0,72.1,77.3,0.585,0.304,0.519,3.88,3.87,0.455,Kharif,Partial,0.322,2098.0,0.295,0.558,0.3497,1
FARM-161,Ramesh Meena,Jalandhar,Punjab,31.3541,75.4691,Rice,1.22,97.8,30.9,27.3,58.0,42.2,0.059,0.316,0.323,3.93,3.92,0.789,Kharif,Partial,0.441,2302.0,0.409,0.63,0.295,1
FARM-162,Sunil Ghosh,Lucknow,Uttar Pradesh,26.848,80.7169,Sugarcane,2.59,60.8,30.7,27.6,53.1,67.2,0.177,0.289,0.411,74.97,73.28,0.496,Annual,Good,0.304,343.0,0.402,0.724,0.1125,0
FARM-163,Ramesh Deshmukh,Coimbatore,Tamil Nadu,10.888,77.0439,Pulses,4.19,46.7,47.2,29.1,75.4,73.0,0.172,0.365,0.37,0.92,0.93,0.427,Rabi,Good,0.495,6353.0,0.148,0.546,0.0562,0
FARM-164,Prakash Deshmukh,Gwalior,Madhya Pradesh,26.2445,78.3959,Rice,4.19,75.2,34.0,27.7,170.3,62.6,0.553,0.418,0.493,4.0,3.99,0.55,Kharif,None,0.393,2075.0,0.276,0.556,0.4822,0
FARM-165,Shankar Bishnoi,Patna,Bihar,25.3717,85.045,Wheat,2.03,62.4,38.2,28.0,153.9,61.6,0.499,0.416,0.243,4.49,4.91,0.242,Rabi,Good,0.339,2510.0,0.248,0.709,0.063,1
FARM-166,Rajinder Yadav,Gorakhpur,Uttar Pradesh,27.0625,83.3841,Sugarcane,1.78,50.7,19.5,27.7,46.2,51.7,0.594,0.387,0.396,81.6,74.4,0.459,Annual,None,0.935,338.0,0.247,0.277,0.99,1
FARM-167,Narayan Yadav,Surat,Gujarat,21.3826,72.4198,Wheat,1.95,46.0,43.8,28.7,98.3,53.9,0.566,0.467,0.179,4.45,4.32,0.461,Rabi,Good,0.238,2455.0,0.283,0.66,0.1756,0
FARM-168,Mohan Rao,Hisar,Haryana,29.185,75.514,Rice,0.92,74.7,26.5,25.9,16.0,54.5,0.48,0.211,0.699,4.48,4.97,0.201,Kharif,Good,0.221,2456.0,0.467,0.795,0.1963,0
FARM-169,Ramesh Rathore,Jaipur,Rajasthan,26.9498,75.7151,Mustard,2.5,56.5,10.5,29.5,32.0,54.3,0.728,0.281,0.324,1.35,1.36,0.563,Rabi,None,0.413,5193.0,0.247,0.455,0.8491,1
FARM-170,Kishan Yadav,Kolhapur,Maharashtra,16.7132,74.1456,Cotton,6.07,66.4,23.4,26.0,70.2,46.0,0.558,0.207,0.624,2.87,2.88,0.404,Kharif,Partial,0.345,7202.0,0.151,0.572,0.3232,0
FARM-171,Mahesh Mondal,Nalgonda,Telangana,16.8138,79.3469,Cotton,1.73,47.3,28.2,27.5,41.2,58.8,0.489,0.259,0.67,1.55,1.68,0.302,Kharif,Partial,0.588,6643.0,0.699,0.372,0.9414,1
FARM-172,Gurpreet Choudhary,Mysuru,Karnataka,12.1909,76.8392,Maize,1.36,57.9,21.7,27.4,48.0,60.2,0.377,0.236,0.208,2.54,2.77,0.407,Kharif,None,0.312,2229.0,0.13,0.245,0.4928,0
FARM-173,Kamla Jat,Patiala,Punjab,30.5464,76.4016,Maize,1.9,93.7,47.0,24.7,94.4,49.8,0.401,0.392,0.438,3.87,3.96,0.248,Kharif,Good,0.348,2016.0,0.427,0.844,0.0979,0
FARM-174,Kavita Chauhan,Muzaffarpur,Bihar,26.2291,85.1416,Pulses,2.13,54.0,14.7,24.2,28.1,67.9,0.383,0.523,0.366,0.55,0.55,0.534,Rabi,None,0.449,4982.0,0.66,0.346,0.9268,1
FARM-175,Sohan Jadhav,Jabalpur,Madhya Pradesh,22.865,79.7521,Pulses,1.45,56.8,24.3,23.2,87.0,59.4,0.623,0.383,0.562,1.14,1.03,0.328,Rabi,Good,0.703,5834.0,0.302,0.635,0.5325,1
FARM-176,Narayan Pillai,Darbhanga,Bihar,26.4145,85.7965,Wheat,2.37,65.9,34.9,26.2,151.6,71.0,0.346,0.687,0.406,3.42,3.31,0.337,Rabi,None,0.544,2550.0,0.414,0.31,0.716,0
FARM-177,Savita Chauhan,Jodhpur,Rajasthan,25.849,72.9201,Mustard,1.6,50.5,19.4,26.4,9.2,34.0,0.702,0.204,0.065,1.66,1.95,0.326,Rabi,Partial,0.56,5797.0,0.404,0.47,0.6143,1
FARM-178,Vijay Bishnoi,Karnal,Haryana,29.6175,76.8843,Wheat,7.5,71.3,21.2,25.0,63.8,57.2,0.37,0.249,0.188,4.63,5.04,0.895,Rabi,None,0.332,2271.0,0.167,0.472,0.3358,1
FARM-179,Sukhwinder Pillai,Rohtak,Haryana,28.8076,76.7188,Wheat,1.07,89.7,38.2,23.4,75.9,51.6,0.337,0.409,0.168,5.48,5.52,0.303,Rabi,Good,0.181,2245.0,0.145,0.867,0.01,0
FARM-180,Pushpa Patil,Surat,Gujarat,20.8663,72.7959,Pulses,5.05,35.7,28.3,27.2,42.3,54.7,0.671,0.47,0.184,0.83,0.82,0.389,Rabi,Good,0.273,6122.0,0.292,0.655,0.2775,0
FARM-181,Sunil Ghosh,Lucknow,Uttar Pradesh,26.8877,81.1721,Sugarcane,1.61,64.3,39.3,23.7,65.8,58.8,0.124,0.304,0.274,73.04,80.92,0.235,Annual,Good,0.074,308.0,0.37,0.725,0.01,0
FARM-182,Narayan Choudhary,Mandya,Karnataka,12.786,76.7739,Cotton,1.09,74.4,18.9,29.0,73.7,51.5,0.39,0.301,0.466,1.43,1.41,0.562,Kharif,None,0.533,6719.0,0.06,0.332,0.6052,0
FARM-183,Sanjay Jat,Ujjain,Madhya Pradesh,23.2203,75.6825,Maize,2.7,49.5,37.9,24.7,99.1,54.7,0.538,0.111,0.705,3.08,3.08,0.245,Kharif,Good,0.445,2286.0,0.386,0.507,0.3244,0
FARM-184,Anita Choudhary,Bhavnagar,Gujarat,21.5983,72.4097,Sugarcane,3.65,66.7,20.8,27.7,24.2,61.9,0.355,0.015,0.462,80.82,84.67,0.623,Annual,None,0.405,372.0,0.196,0.551,0.727,1
FARM-185,Manoj Bishnoi,Bhavnagar,Gujarat,21.762,71.7205,Wheat,1.45,66.1,19.2,30.2,73.3,43.0,0.355,0.21,0.313,4.97,4.96,0.264,Rabi,None,0.291,2369.0,0.402,0.431,0.2376,0
FARM-186,Shanti Verma,Jodhpur,Rajasthan,26.251,73.2938,Maize,0.88,41.2,24.0,25.0,12.8,40.0,0.605,0.023,0.426,3.14,3.3,0.151,Kharif,Good,0.207,2469.0,0.328,0.568,0.2487,0
FARM-187,Ganesh Meena,Nashik,Maharashtra,19.7024,73.7926,Pulses,0.63,77.1,29.6,26.3,25.1,49.2,0.69,0.291,0.404,0.59,0.56,0.568,Rabi,Good,0.321,7451.0,0.155,0.698,0.2403,0
FARM-188,Manoj Singh,Bhopal,Madhya Pradesh,23.3725,77.2624,Wheat,2.59,65.1,26.0,25.4,107.9,53.9,0.473,0.366,0.236,5.26,5.68,0.495,Rabi,None,0.398,2193.0,0.564,0.434,0.433,1
FARM-189,Sanjay Reddy,Bhavnagar,Gujarat,21.4566,72.2229,Cotton,2.73,42.5,40.3,26.1,95.3,64.2,0.542,0.235,0.672,1.47,1.53,0.248,Kharif,Good,0.41,5086.0,0.529,0.459,0.5767,1
FARM-190,Ganesh Chauhan,Hisar,Haryana,29.3088,75.7587,Wheat,1.97,69.3,47.4,24.1,79.9,66.0,0.353,0.258,0.381,5.23,5.49,0.214,Rabi,Good,0.432,2358.0,0.174,0.664,0.1068,0
FARM-191,Kavita Rathore,Khammam,Telangana,17.3744,80.1679,Cotton,1.57,55.6,37.5,27.3,70.9,68.0,0.259,0.337,0.565,1.51,1.48,0.543,Kharif,Good,0.616,6509.0,0.329,0.633,0.3856,1
FARM-192,Kishan Choudhary,Guntur,Andhra Pradesh,16.1211,80.5617,Cotton,7.08,66.3,15.3,30.8,93.2,54.7,0.512,0.486,0.476,1.59,1.59,0.196,Kharif,None,0.491,6566.0,0.455,0.385,0.6034,0
FARM-193,Shankar Yadav,Bhopal,Madhya Pradesh,23.5906,77.4518,Wheat,3.3,66.0,26.8,25.7,38.2,46.4,0.478,0.197,0.083,3.76,3.91,0.254,Rabi,Partial,0.162,2075.0,0.479,0.528,0.1444,0
FARM-194,Kishan Jat,Murshidabad,West Bengal,24.0686,88.1073,Rice,4.64,61.4,39.2,28.3,53.1,75.8,0.29,0.5,0.363,4.52,4.45,0.298,Kharif,Good,0.646,2336.0,0.182,0.623,0.2431,0
FARM-195,Ganesh Naidu,Jaipur,Rajasthan,26.9164,75.8367,Wheat,1.08,44.2,31.9,29.5,37.3,62.0,0.71,0.17,0.264,3.82,4.1,0.366,Rabi,Good,0.312,2166.0,0.414,0.568,0.3427,1
FARM-196,Vijay Ghosh,Coimbatore,Tamil Nadu,10.7656,77.0731,Sugarcane,2.47,43.8,30.7,29.3,114.9,63.1,0.735,0.477,0.456,79.21,74.44,0.48,Annual,Partial,0.473,348.0,0.714,0.334,0.8808,1
FARM-197,Savita Reddy,Hisar,Haryana,28.9218,75.5837,Cotton,8.15,44.0,49.3,29.5,111.3,48.4,0.387,0.166,0.51,2.53,2.64,0.689,Kharif,Good,0.572,7323.0,0.487,0.6,0.3858,0
FARM-198,Rajinder Jadhav,Gwalior,Madhya Pradesh,26.307,78.1105,Wheat,3.49,47.4,21.4,27.7,60.0,51.9,0.35,0.259,0.125,4.87,4.98,0.397,Rabi,None,0.374,2314.0,0.228,0.466,0.2837,0
FARM-199,Harpreet Rao,Thanjavur,Tamil Nadu,10.5903,79.3159,Rice,1.23,72.7,13.5,32.2,83.9,74.1,0.722,0.233,0.585,4.55,4.98,0.325,Kharif,None,0.475,2338.0,0.176,0.386,0.9152,1
FARM-200,Sanjay Das,Agra,Uttar Pradesh,27.1854,77.9693,Wheat,2.82,76.5,47.3,26.7,133.9,59.2,0.272,0.552,0.45,5.31,4.91,0.629,Rabi,Good,0.611,1914.0,0.258,0.626,0.2896,0
FARM-201,Prakash Sharma,Madurai,Tamil Nadu,9.9287,78.0405,Rice,1.96,57.4,26.5,34.4,66.1,73.2,0.456,0.288,0.387,4.69,4.75,0.46,Kharif,None,0.668,2209.0,0.167,0.308,0.99,1
FARM-202,Vijay Chauhan,Patiala,Punjab,30.1225,76.2288,Rice,2.51,61.4,35.8,23.4,27.3,42.3,0.143,0.433,0.193,3.92,4.08,0.252,Kharif,Partial,0.332,2452.0,0.2,0.542,0.2248,0
FARM-203,Sohan Yadav,Coimbatore,Tamil Nadu,10.779,76.8978,Rice,11.38,52.5,27.0,27.9,60.0,65.4,0.46,0.381,0.383,3.54,3.29,0.529,Kharif,Partial,0.436,2392.0,0.477,0.63,0.6586,1
FARM-204,Mohan Reddy,Rajkot,Gujarat,22.2516,70.782,Sugarcane,2.51,42.4,25.5,25.4,59.1,42.5,0.618,0.286,0.378,71.59,68.33,0.212,Annual,Good,0.662,325.0,0.249,0.668,0.5938,1
FARM-205,Pushpa Jat,Gorakhpur,Uttar Pradesh,26.6793,83.5161,Mustard,5.57,60.4,28.6,29.1,32.5,52.3,0.425,0.437,0.478,1.69,1.62,0.257,Rabi,Good,0.422,5951.0,0.212,0.621,0.239,1
FARM-206,Manoj Meena,Warangal,Telangana,17.9348,79.4337,Rice,6.98,51.9,32.3,29.7,88.9,45.8,0.664,0.554,0.27,3.94,3.93,0.517,Kharif,Good,0.513,2477.0,0.554,0.591,0.612,1
FARM-207,Sanjay Patel,Nizamabad,Telangana,18.4627,78.154,Rice,2.35,62.8,20.7,28.8,10.5,61.4,0.656,0.458,0.577,4.45,4.65,0.215,Kharif,Partial,0.32,2624.0,0.291,0.653,0.794,0
FARM-208,Manoj Choudhary,Bathinda,Punjab,29.942,75.0846,Cotton,2.03,70.9,25.1,26.7,26.0,63.6,0.223,0.446,0.462,2.88,2.73,0.795,Kharif,Good,0.13,6012.0,0.43,0.703,0.2089,0
FARM-209,Manoj Singh,Meerut,Uttar Pradesh,28.9113,77.5038,Sugarcane,2.42,79.4,43.5,28.5,55.1,73.6,0.391,0.408,0.434,95.57,96.96,0.686,Annual,Good,0.474,317.0,0.123,0.751,0.1477,0
FARM-210,Mahesh Bishnoi,Bhopal,Madhya Pradesh,23.5525,77.4441,Pulses,0.61,54.5,29.4,21.9,114.2,44.8,0.544,0.258,0.436,0.77,0.69,0.649,Rabi,None,0.422,6363.0,0.756,0.441,0.9132,0
FARM-211,Sukhwinder Reddy,Jaipur,Rajasthan,26.8438,75.7149,Wheat,6.1,58.5,36.3,25.0,44.6,26.6,0.378,0.374,0.068,3.09,3.18,0.152,Rabi,Good,0.313,2342.0,0.356,0.69,0.0106,0
FARM-212,Babu Bishnoi,Lucknow,Uttar Pradesh,26.6525,81.0826,Rice,1.8,79.7,48.6,26.5,113.3,49.2,0.488,0.176,0.067,5.28,5.11,0.277,Kharif,Good,0.163,2397.0,0.171,0.783,0.0276,0
FARM-213,Vijay Deshmukh,Patiala,Punjab,30.7733,76.647,Rice,4.2,91.4,33.9,21.8,95.8,53.5,0.496,0.057,0.237,5.34,5.85,0.271,Kharif,Good,0.484,1993.0,0.337,0.803,0.0673,0
FARM-214,Kavita Deshmukh,Hisar,Haryana,29.3408,75.6163,Wheat,1.16,62.3,16.7,24.4,30.1,52.8,0.345,0.303,0.368,4.56,4.63,0.249,Rabi,None,0.1,2374.0,0.24,0.373,0.361,0
FARM-215,Gurpreet Rathore,Bathinda,Punjab,29.9723,74.3748,Wheat,1.38,76.4,25.5,20.7,35.2,49.8,0.4,0.23,0.202,4.65,4.49,0.081,Rabi,Partial,0.159,2352.0,0.184,0.62,0.0444,0
FARM-216,Babu Naidu,Patiala,Punjab,30.2276,76.6207,Rice,5.35,85.6,51.0,24.4,108.0,51.0,0.165,0.132,0.523,4.6,4.26,0.127,Kharif,Good,0.009,2245.0,0.168,0.752,0.0855,0
FARM-217,Meena Singh,Coimbatore,Tamil Nadu,10.8295,77.0062,Maize,1.98,77.8,25.8,28.0,62.9,77.2,0.267,0.341,0.462,3.53,3.63,0.253,Kharif,None,0.255,1966.0,0.252,0.526,0.0253,0
FARM-218,Ganesh Patel,Patna,Bihar,25.5023,85.0981,Rice,6.1,97.6,31.1,29.2,67.2,75.4,0.155,0.417,0.784,3.94,3.75,0.294,Kharif,Good,0.308,2397.0,0.516,0.806,0.1521,0
FARM-219,Anil Kumar,Mysuru,Karnataka,12.4376,76.6495,Pulses,2.83,41.5,26.4,22.9,40.6,62.0,0.442,0.348,0.466,0.9,1.01,0.595,Rabi,Good,0.527,7259.0,0.312,0.472,0.6742,1
FARM-220,Rekha Murugan,Aurangabad,Maharashtra,19.7811,75.193,Pulses,1.77,67.6,38.0,23.2,71.5,51.7,0.482,0.253,0.36,0.72,0.76,0.318,Rabi,Good,0.434,7084.0,0.125,0.536,0.1748,0
FARM-221,Geeta Deshmukh,Bhavnagar,Gujarat,21.7926,72.3079,Cotton,1.53,54.1,17.1,32.4,62.5,59.3,0.451,0.342,0.437,2.6,2.45,0.352,Kharif,None,0.53,6070.0,0.618,0.248,0.8929,0
FARM-222,Suresh Choudhary,Agra,Uttar Pradesh,26.9997,77.9747,Wheat,4.04,69.1,34.6,24.7,61.5,68.0,0.24,0.262,0.398,4.88,4.9,0.215,Rabi,Good,0.227,2654.0,0.354,0.667,0.1004,0
FARM-223,Mohan Sharma,Jabalpur,Madhya Pradesh,23.1172,80.2834,Wheat,2.96,61.4,35.9,29.8,32.9,53.5,0.439,0.273,0.196,4.51,4.22,0.387,Rabi,Good,0.324,2401.0,0.265,0.558,0.2107,0
FARM-224,Bhagwan Singh,Jaipur,Rajasthan,26.5463,75.6541,Cotton,8.83,47.9,8.4,30.1,25.2,39.7,0.819,0.084,0.475,1.69,1.86,0.396,Kharif,None,0.537,6558.0,0.462,0.35,0.99,1
FARM-225,Kishan Kumar,Jaipur,Rajasthan,26.9101,75.6761,Pulses,4.9,59.3,23.6,24.4,18.5,44.8,0.812,0.127,0.377,1.61,1.62,0.417,Rabi,Good,0.475,7084.0,0.244,0.68,0.2266,0
FARM-226,Dinesh Rao,Amritsar,Punjab,31.7331,74.8882,Wheat,2.36,72.6,31.7,26.1,34.9,61.8,0.288,0.237,0.297,4.86,4.82,0.165,Rabi,Partial,0.327,2313.0,0.36,0.49,0.1332,0
FARM-227,Prakash Jat,Anantapur,Andhra Pradesh,14.7142,77.8164,Rice,4.11,78.5,28.0,28.9,73.4,65.0,0.516,0.406,0.544,5.32,5.42,0.521,Kharif,Good,0.325,2324.0,0.714,0.714,0.376,0
FARM-228,Ramesh Reddy,Mandya,Karnataka,12.3806,77.0716,Cotton,5.31,47.6,21.3,22.8,77.7,72.1,0.376,0.213,0.481,2.48,2.61,0.497,Kharif,Partial,0.237,6603.0,0.179,0.489,0.2851,1
FARM-229,Kamla Kaur,Nalgonda,Telangana,16.9897,78.967,Maize,1.04,55.6,32.3,29.9,107.6,57.3,0.302,0.565,0.26,1.97,2.1,0.21,Kharif,Partial,0.383,1817.0,0.342,0.507,0.2368,0
FARM-230,Savita Yadav,Ludhiana,Punjab,31.1734,75.9802,Rice,1.04,90.7,38.5,23.2,111.4,62.1,0.472,0.271,0.571,4.86,5.0,0.73,Kharif,Good,0.428,2485.0,0.291,0.748,0.1981,0
FARM-231,Anil Kumar,Madurai,Tamil Nadu,9.9163,78.0844,Rice,2.49,64.4,28.6,26.3,72.9,71.1,0.116,0.407,0.533,4.77,4.76,0.245,Kharif,None,0.307,2265.0,0.105,0.408,0.3033,1
FARM-232,Shankar Reddy,Bhavnagar,Gujarat,21.7733,72.2506,Maize,2.06,37.1,33.2,29.2,37.3,65.5,0.464,0.106,0.507,1.74,1.68,0.427,Kharif,Good,0.36,1745.0,0.112,0.62,0.323,0
FARM-233,Shankar Sharma,Ludhiana,Punjab,30.8601,75.9352,Rice,1.65,87.8,29.6,22.7,33.2,60.3,0.163,0.288,0.555,4.28,4.76,0.305,Kharif,Partial,0.043,2647.0,0.373,0.694,0.0404,0
FARM-234,Shankar Mondal,Aurangabad,Maharashtra,20.0165,75.2762,Pulses,2.46,59.4,13.3,24.1,94.6,58.7,0.522,0.112,0.503,1.15,1.16,0.424,Rabi,None,0.346,6735.0,0.309,0.298,0.5713,0
FARM-235,Geeta Bishnoi,Mandya,Karnataka,12.4588,77.0867,Sugarcane,5.25,58.1,27.4,21.8,72.0,61.0,0.559,0.183,0.416,83.93,79.43,0.334,Annual,None,0.521,332.0,0.437,0.32,0.9025,1
FARM-236,Radha Gowda,Nashik,Maharashtra,19.6858,73.9285,Cotton,2.15,62.4,32.4,29.1,43.5,56.5,0.633,0.165,0.417,2.88,2.89,0.358,Kharif,Good,0.388,5755.0,0.139,0.684,0.0647,0
FARM-237,Pushpa Deshmukh,Lucknow,Uttar Pradesh,26.8156,80.7375,Wheat,4.97,64.2,23.9,24.7,35.2,65.1,0.556,0.347,0.584,4.46,4.15,0.611,Rabi,Partial,0.303,2107.0,0.66,0.647,0.6792,1
FARM-238,Babu Patel,Murshidabad,West Bengal,24.3199,88.2842,Rice,1.92,98.0,29.5,25.8,71.3,73.3,0.249,0.395,0.405,5.31,5.75,0.161,Kharif,Partial,0.253,2554.0,0.245,0.638,0.054,0
FARM-239,Sunita Meena,Lucknow,Uttar Pradesh,26.9286,80.769,Wheat,2.67,66.7,48.3,28.6,110.0,58.5,0.405,0.383,0.293,4.51,4.59,0.428,Rabi,Good,0.325,2194.0,0.165,0.664,0.1187,1
FARM-240,Pushpa Rao,Jalandhar,Punjab,31.2456,75.6554,Wheat,1.73,70.9,36.0,27.4,59.7,54.1,0.383,0.421,0.35,4.54,4.71,0.079,Rabi,Good,0.17,2331.0,0.56,0.626,0.0661,0
FARM-241,Rajinder Mondal,Belagavi,Karnataka,16.2053,74.5013,Sugarcane,2.37,56.4,21.2,27.5,79.0,48.9,0.515,0.305,0.409,78.11,79.03,0.507,Annual,None,0.266,394.0,0.142,0.443,0.7278,1
FARM-242,Savita Kumar,Warangal,Telangana,17.9699,79.3328,Rice,2.04,63.8,18.8,29.5,51.1,54.0,0.402,0.567,0.291,3.38,3.31,0.315,Kharif,None,0.457,2256.0,0.454,0.371,0.9772,1
FARM-243,Mohan Verma,Indore,Madhya Pradesh,22.863,75.7649,Wheat,0.92,65.3,30.2,25.6,54.2,64.0,0.267,0.39,0.425,5.03,5.01,0.357,Rabi,None,0.296,2565.0,0.149,0.342,0.3186,0
FARM-244,Shankar Kaur,Jalandhar,Punjab,31.2424,75.8987,Wheat,1.41,51.9,25.9,21.2,37.6,56.2,0.429,0.376,0.304,3.26,3.33,0.301,Rabi,Good,0.229,2304.0,0.144,0.604,0.1823,0
FARM-245,Manoj Meena,Bhavnagar,Gujarat,21.8567,72.0587,Maize,3.21,56.8,23.9,29.7,21.1,52.8,0.358,0.434,0.532,4.14,4.44,0.589,Kharif,Good,0.327,2090.0,0.17,0.69,0.2971,0
FARM-246,Shankar Bishnoi,Bardhaman,West Bengal,23.0949,87.7462,Pulses,1.78,72.8,36.7,30.8,76.4,73.4,0.065,0.622,0.572,1.32,1.31,0.638,Rabi,None,0.288,6233.0,0.207,0.527,0.3231,0
FARM-247,Geeta Patil,Mysuru,Karnataka,12.3547,76.6289,Rice,1.25,79.0,37.0,26.8,133.3,58.7,0.652,0.142,0.479,4.51,4.67,0.431,Kharif,Good,0.287,2083.0,0.456,0.605,0.1443,0
FARM-248,Shankar Choudhary,Bathinda,Punjab,30.0181,75.0325,Rice,1.68,56.1,22.8,25.2,28.4,54.7,0.501,0.329,0.428,4.66,4.63,0.724,Kharif,Partial,0.615,2334.0,0.311,0.398,0.9209,1
FARM-249,Harpreet Patil,Sirsa,Haryana,29.1104,74.9193,Wheat,8.33,55.1,39.9,27.0,73.0,52.0,0.457,0.134,0.419,4.67,5.02,0.104,Rabi,Good,0.24,2069.0,0.139,0.721,0.01,0
FARM-250,Prakash Reddy,Krishna,Andhra Pradesh,16.7252,81.1517,Rice,2.28,57.2,40.0,24.7,137.5,69.0,0.651,0.194,0.666,5.03,5.19,0.424,Kharif,Good,0.212,2531.0,0.398,0.722,0.2034,1
FARM-251,Suresh Kumar,Rohtak,Haryana,28.7774,76.6015,Rice,0.48,77.1,36.0,24.7,38.3,66.2,0.375,0.32,0.361,4.43,4.68,0.815,Kharif,Partial,0.597,2201.0,0.332,0.643,0.6417,1
FARM-252,Kamla Verma,Salem,Tamil Nadu,11.5511,78.3751,Pulses,4.07,74.7,41.6,28.9,118.4,68.9,0.526,0.385,0.585,0.99,0.99,0.333,Rabi,Good,0.287,6497.0,0.283,0.67,0.0569,0
FARM-253,Rekha Jadhav,Hisar,Haryana,29.1197,75.6963,Rice,8.65,57.2,32.7,25.8,18.2,45.4,0.288,0.366,0.312,4.29,4.57,0.477,Kharif,Good,0.19,2423.0,0.401,0.685,0.188,0
FARM-254,Sanjay Gowda,Thanjavur,Tamil Nadu,10.7839,79.1695,Cotton,1.74,43.3,45.2,30.1,65.7,72.0,0.446,0.342,0.694,1.36,1.4,0.579,Kharif,Good,0.259,6747.0,0.293,0.589,0.4399,0
FARM-255,Anita Reddy,Karnal,Haryana,29.5254,76.7993,Wheat,1.86,70.6,32.2,29.9,43.8,59.2,0.305,0.336,0.366,4.48,4.28,0.344,Rabi,Good,0.162,2402.0,0.205,0.722,0.073,0
FARM-256,Anil Pillai,Bikaner,Rajasthan,28.0569,73.335,Pulses,5.65,70.6,38.7,25.6,41.8,45.3,0.562,0.04,0.26,1.54,1.53,0.395,Rabi,Good,0.512,6267.0,0.187,0.679,0.0173,0
FARM-257,Kamla Patel,Lucknow,Uttar Pradesh,26.85,81.0776,Pulses,5.3,64.8,33.0,26.1,20.2,65.0,0.406,0.42,0.46,1.33,1.49,0.388,Rabi,Partial,0.537,5404.0,0.181,0.491,0.4162,1
FARM-258,Pushpa Murugan,Karnal,Haryana,29.8694,76.9975,Rice,0.63,68.8,34.4,27.4,38.8,64.1,0.281,0.314,0.636,4.7,4.76,0.038,Kharif,Good,0.089,2267.0,0.393,0.729,0.0176,0
FARM-259,Vijay Ghosh,Kota,Rajasthan,25.2607,75.6834,Pulses,8.43,31.2,29.5,29.0,38.4,53.1,0.707,0.142,0.386,1.57,1.67,0.672,Rabi,Good,0.599,6166.0,0.381,0.488,0.7049,1
FARM-260,Pushpa Bishnoi,Hooghly,West Bengal,22.7341,88.4947,Rice,15.34,57.8,36.1,30.2,120.2,74.0,0.253,0.538,0.528,4.34,4.31,0.537,Kharif,Partial,0.263,2123.0,0.094,0.528,0.2764,0
FARM-261,Ganesh Murugan,Ujjain,Madhya Pradesh,23.4576,75.8352,Wheat,13.39,62.0,36.1,26.8,131.0,61.0,0.33,0.212,0.272,4.92,5.33,0.583,Rabi,Partial,0.252,2435.0,0.176,0.589,0.0181,0
FARM-262,Sukhwinder Rathore,Ludhiana,Punjab,30.9463,75.9436,Rice,1.73,74.7,21.7,23.0,62.7,52.2,0.439,0.228,0.344,3.75,4.02,0.217,Kharif,Partial,0.272,2206.0,0.152,0.56,0.0908,0
FARM-263,Shanti Jat,Murshidabad,West Bengal,24.578,88.4378,Pulses,23.09,55.9,34.9,29.6,47.0,64.2,0.313,0.693,0.572,1.49,1.49,0.277,Rabi,Good,0.312,6113.0,0.539,0.624,0.2665,0
FARM-264,Radha Meena,Belagavi,Karnataka,15.774,74.4227,Maize,1.1,60.7,30.8,27.2,33.1,68.1,0.461,0.074,0.378,3.16,3.13,0.311,Kharif,Partial,0.076,1923.0,0.3,0.552,0.117,0
FARM-265,Rajinder Kumar,Kota,Rajasthan,25.1569,75.777,Maize,3.97,34.4,13.5,28.1,18.6,49.2,0.558,0.077,0.398,3.18,3.46,0.518,Kharif,None,0.737,2047.0,0.126,0.295,0.9529,1
FARM-266,Sunil Patel,Surat,Gujarat,20.9689,73.0145,Wheat,6.69,38.1,12.3,32.2,21.1,50.0,0.578,0.141,0.076,2.87,2.75,0.387,Rabi,None,0.218,2314.0,0.409,0.522,0.7007,1
FARM-267,Vijay Yadav,Ujjain,Madhya Pradesh,23.1948,75.6615,Maize,0.8,69.8,33.7,26.1,69.5,47.2,0.53,0.09,0.32,3.35,3.23,0.212,Kharif,Good,0.429,2077.0,0.237,0.575,0.0143,0
FARM-268,Lakshmi Rao,Salem,Tamil Nadu,11.4235,78.3449,Rice,0.53,51.1,16.4,31.0,47.9,61.1,0.388,0.329,0.264,3.18,3.41,0.312,Kharif,None,0.346,2315.0,0.217,0.264,0.8869,1
FARM-269,Kavita Jadhav,Gaya,Bihar,24.97,84.6462,Rice,2.68,79.4,37.2,27.7,56.8,59.2,0.456,0.65,0.416,5.93,5.79,0.112,Kharif,Good,0.329,2154.0,0.568,0.694,0.2856,1
FARM-270,Shankar Choudhary,Bathinda,Punjab,30.4644,75.0543,Rice,1.04,84.7,34.3,25.0,19.6,49.1,0.258,0.369,0.418,4.7,4.67,0.518,Kharif,Good,0.83,2450.0,0.251,0.659,0.4543,1
FARM-271,Dinesh Ghosh,Varanasi,Uttar Pradesh,25.3336,83.0572,Sugarcane,1.39,68.2,41.5,26.4,168.9,57.2,0.317,0.457,0.515,97.37,99.79,0.622,Annual,Partial,0.368,310.0,0.236,0.49,0.4093,0
FARM-272,Manoj Kumar,Gaya,Bihar,25.0275,85.219,Maize,3.1,67.9,38.4,28.1,60.6,81.7,0.205,0.653,0.687,3.88,3.88,0.264,Kharif,Good,0.152,2091.0,0.202,0.738,0.0424,0
FARM-273,Manoj Murugan,Gorakhpur,Uttar Pradesh,26.9027,83.485,Sugarcane,1.41,79.3,38.4,35.6,129.3,66.2,0.336,0.392,0.326,83.21,85.21,0.115,Annual,Good,0.226,338.0,0.247,0.715,0.1022,0
FARM-274,Ganesh Kumar,Sri Ganganagar,Rajasthan,29.8659,73.8395,Pulses,0.67,40.6,8.0,27.2,12.3,49.3,0.889,0.21,0.48,0.83,0.83,0.375,Rabi,None,0.348,7457.0,0.357,0.265,0.9465,1
FARM-275,Shankar Meena,Rohtak,Haryana,28.8345,76.5478,Cotton,8.74,83.5,38.3,25.2,42.9,56.2,0.17,0.279,0.831,2.36,2.22,0.219,Kharif,Partial,0.222,6180.0,0.09,0.711,0.0734,0
FARM-276,Prakash Reddy,Bareilly,Uttar Pradesh,28.1076,79.8487,Wheat,3.49,58.1,58.4,25.1,173.7,64.2,0.276,0.271,0.225,4.36,4.48,0.488,Rabi,Good,0.467,2308.0,0.458,0.564,0.1646,0
FARM-277,Sunita Kumar,Surat,Gujarat,21.1379,73.0275,Maize,1.41,50.0,28.6,25.8,38.2,53.9,0.63,0.301,0.378,2.86,2.73,0.546,Kharif,Partial,0.547,2220.0,0.458,0.425,0.854,1
FARM-278,Sohan Naidu,Gaya,Bihar,24.7865,84.8052,Wheat,2.0,64.7,37.7,26.5,102.1,75.3,0.535,0.6,0.403,4.44,4.18,0.488,Rabi,Good,0.241,2310.0,0.371,0.671,0.2312,0
FARM-279,Kavita Rathore,Varanasi,Uttar Pradesh,25.1725,83.2313,Wheat,1.82,51.8,46.0,23.3,84.2,71.6,0.252,0.362,0.38,3.39,3.4,0.354,Rabi,Good,0.317,2283.0,0.405,0.536,0.068,0
FARM-280,Vijay Patil,Ludhiana,Punjab,31.1306,76.0454,Wheat,1.36,72.8,35.8,29.6,41.7,66.9,0.447,0.371,0.348,4.69,4.79,0.292,Rabi,Good,0.349,2111.0,0.36,0.646,0.1372,0
FARM-281,Manoj Jadhav,Aurangabad,Maharashtra,19.8305,75.2897,Cotton,1.25,65.5,22.2,26.0,50.3,47.1,0.327,0.206,0.559,1.25,1.36,0.366,Kharif,None,0.306,6435.0,0.111,0.39,0.4527,1
FARM-282,Savita Naidu,Patiala,Punjab,30.3436,76.4187,Wheat,3.11,76.7,29.4,27.4,51.9,56.8,0.629,0.158,0.104,3.93,4.04,0.301,Rabi,Good,0.297,2137.0,0.184,0.653,0.0849,0
FARM-283,Raju Naidu,Bareilly,Uttar Pradesh,28.4231,79.3919,Mustard,3.17,51.5,39.2,26.2,88.2,61.6,0.273,0.468,0.237,1.14,1.16,0.49,Rabi,Partial,0.395,5569.0,0.258,0.512,0.2855,1
FARM-284,Mahesh Kaur,Bikaner,Rajasthan,27.7903,73.3294,Pulses,7.79,20.0,8.0,28.1,46.1,36.3,0.742,0.165,0.614,0.87,0.91,0.666,Rabi,None,0.27,6201.0,0.294,0.285,0.8627,1
FARM-285,Radha Chauhan,Meerut,Uttar Pradesh,28.8959,77.7799,Wheat,1.42,65.0,33.7,28.6,47.4,61.7,0.133,0.211,0.338,4.54,4.65,0.342,Rabi,Partial,0.184,2235.0,0.25,0.578,0.0599,0
FARM-286,Anita Kaur,Amritsar,Punjab,31.4877,74.8894,Rice,2.12,49.9,38.7,26.3,53.6,64.2,0.142,0.231,0.223,4.52,4.23,0.371,Kharif,Good,0.113,2299.0,0.088,0.659,0.01,0
FARM-287,Ramesh Meena,Nashik,Maharashtra,20.2284,73.9556,Maize,0.88,64.5,20.9,26.9,137.9,57.4,0.563,0.132,0.36,3.52,3.45,0.31,Kharif,None,0.228,2010.0,0.284,0.376,0.2875,0
FARM-288,Ganesh Sharma,Anantapur,Andhra Pradesh,14.6954,77.7921,Rice,1.61,58.6,46.6,24.0,68.1,57.5,0.244,0.287,0.477,4.02,3.99,0.358,Kharif,Good,0.343,2364.0,0.252,0.594,0.1323,0
FARM-289,Raju Murugan,Ujjain,Madhya Pradesh,23.1503,75.6257,Pulses,2.01,50.0,26.8,28.2,82.0,65.7,0.468,0.474,0.25,1.14,1.29,0.415,Rabi,Partial,0.1,6180.0,0.129,0.559,0.1652,0
FARM-290,Mohan Jat,Coimbatore,Tamil Nadu,11.0532,76.8891,Rice,5.79,62.2,26.8,31.7,50.5,68.1,0.529,0.321,0.51,4.69,4.45,0.668,Kharif,Partial,0.502,1945.0,0.205,0.438,0.8681,1
FARM-291,Bhagwan Murugan,Rajkot,Gujarat,22.0866,70.751,Cotton,3.05,50.9,16.1,28.4,59.6,59.0,0.465,0.339,0.709,2.11,2.28,0.502,Kharif,None,0.599,6831.0,0.244,0.301,0.9083,0
FARM-292,Anil Sharma,Nashik,Maharashtra,19.8511,73.7407,Cotton,1.31,41.5,19.3,26.5,55.5,64.9,0.502,0.365,0.565,1.89,2.04,0.607,Kharif,None,0.243,6499.0,0.299,0.291,0.9044,0
FARM-293,Ramesh Chauhan,Rohtak,Haryana,29.2157,76.6941,Wheat,2.91,61.8,17.7,24.3,89.1,58.9,0.571,0.297,0.248,4.89,5.15,0.256,Rabi,None,0.209,2190.0,0.717,0.361,0.4856,1
FARM-294,Anil Rathore,Aurangabad,Maharashtra,19.8481,75.1681,Cotton,4.43,52.4,34.0,28.5,36.7,57.5,0.234,0.313,0.542,1.89,2.1,0.28,Kharif,Good,0.262,6900.0,0.251,0.642,0.0554,0
FARM-295,Babu Patel,Guntur,Andhra Pradesh,16.4076,80.4074,Rice,0.8,77.6,43.2,26.1,108.1,64.1,0.458,0.417,0.379,5.01,5.4,0.423,Kharif,Good,0.302,2231.0,0.262,0.838,0.0609,0
FARM-296,Ganesh Naidu,Amritsar,Punjab,31.5113,74.7934,Rice,5.28,72.7,34.5,22.4,43.0,58.6,0.318,0.1,0.484,4.22,4.13,0.531,Kharif,Good,0.336,2260.0,0.464,0.591,0.269,0
FARM-297,Kavita Kaur,Nizamabad,Telangana,18.6092,78.1321,Maize,0.96,46.7,37.4,28.9,75.3,51.6,0.45,0.366,0.18,2.86,2.88,0.574,Kharif,Good,0.376,1910.0,0.439,0.477,0.3583,0
FARM-298,Radha Singh,Latur,Maharashtra,18.4639,76.5732,Maize,2.69,57.4,27.4,25.0,58.9,59.6,0.587,0.378,0.691,3.15,3.42,0.508,Kharif,Good,0.489,2027.0,0.24,0.551,0.6256,1
FARM-299,Shankar Gowda,Bikaner,Rajasthan,27.9842,73.4765,Cotton,2.5,46.9,9.1,25.8,13.8,41.0,0.854,0.172,0.725,1.21,1.34,0.541,Kharif,None,0.955,6985.0,0.206,0.126,0.99,1
FARM-300,Sunita Jadhav,Karnal,Haryana,29.6868,76.8852,Sugarcane,0.87,51.6,29.0,21.7,73.9,70.6,0.375,0.344,0.441,72.52,72.08,0.165,Annual,Good,0.283,349.0,0.353,0.608,0.3276,1
FARM-301,Bhagwan Patil,Bardhaman,West Bengal,23.2033,88.2221,Maize,1.73,73.9,51.3,25.7,119.3,83.9,0.074,0.385,0.49,3.17,3.44,0.098,Kharif,Good,0.238,2231.0,0.408,0.643,0.01,0
FARM-302,Laxman Deshmukh,Bhavnagar,Gujarat,21.7743,72.2223,Wheat,2.94,48.8,13.6,26.8,28.4,54.1,0.463,0.243,0.156,4.37,4.71,0.3,Rabi,None,0.355,2222.0,0.097,0.413,0.5209,1
FARM-303,Anil Jadhav,Patiala,Punjab,30.4699,76.3103,Wheat,2.38,63.6,42.0,22.7,12.6,73.9,0.108,0.094,0.23,4.33,4.28,0.272,Rabi,Good,0.547,2275.0,0.013,0.635,0.0308,0
FARM-304,Sunita Reddy,Jabalpur,Madhya Pradesh,23.1459,79.9566,Pulses,1.81,68.4,26.3,22.1,161.1,59.9,0.605,0.267,0.614,0.84,0.77,0.578,Rabi,None,0.409,6318.0,0.66,0.417,0.8545,0
FARM-305,Anita Yadav,Agra,Uttar Pradesh,27.1317,77.9943,Wheat,1.55,30.8,27.4,29.1,86.7,65.8,0.364,0.317,0.224,4.51,4.68,0.606,Rabi,None,0.17,2211.0,0.411,0.241,0.5585,0
FARM-306,Radha Patil,Khammam,Telangana,17.286,80.0881,Rice,2.16,58.6,23.2,25.4,58.9,55.0,0.363,0.386,0.466,3.77,3.85,0.418,Kharif,None,0.401,2166.0,0.441,0.313,0.9093,1
FARM-307,Manoj Mondal,Jodhpur,Rajasthan,26.6518,73.0003,Mustard,11.24,35.1,12.2,25.8,50.7,29.1,0.659,0.488,0.436,1.47,1.51,0.3,Rabi,None,0.422,5551.0,0.394,0.31,0.8433,0
FARM-308,Pushpa Kumar,Patna,Bihar,25.5029,84.9969,Maize,9.11,61.3,33.4,24.0,143.1,72.3,0.291,0.505,0.517,2.98,3.04,0.227,Kharif,Partial,0.104,2119.0,0.287,0.55,0.0747,0
FARM-309,Rekha Pillai,Warangal,Telangana,18.0134,79.4263,Rice,3.98,48.4,25.8,30.4,137.4,62.4,0.699,0.291,0.393,3.67,3.57,0.727,Kharif,None,0.37,2498.0,0.483,0.412,0.9832,1
FARM-310,Shankar Kumar,Lucknow,Uttar Pradesh,26.8168,81.2345,Wheat,2.49,72.9,44.5,28.0,124.1,62.7,0.433,0.395,0.477,4.37,4.48,0.358,Rabi,Good,0.156,2397.0,0.221,0.738,0.0902,0
FARM-311,Geeta Reddy,Bhopal,Madhya Pradesh,23.2514,77.2853,Rice,0.77,51.6,26.7,27.3,45.0,47.7,0.475,0.451,0.467,3.04,3.07,0.318,Kharif,None,0.624,2338.0,0.304,0.371,0.99,1
FARM-312,Pushpa Verma,Gaya,Bihar,24.6477,85.053,Pulses,7.34,46.6,26.3,25.7,41.9,70.1,0.25,0.767,0.568,1.16,1.15,0.241,Rabi,None,0.215,6494.0,0.166,0.42,0.4178,0
FARM-313,Lakshmi Yadav,Aurangabad,Maharashtra,19.7858,74.8251,Pulses,4.27,52.0,8.0,24.4,35.1,54.3,0.515,0.19,0.427,1.11,1.06,0.763,Rabi,None,0.25,6361.0,0.315,0.443,0.5893,1
FARM-314,Lakshmi Kaur,Hisar,Haryana,28.9166,75.6601,Wheat,9.5,70.4,29.0,27.8,41.3,60.4,0.471,0.123,0.06,3.6,3.41,0.133,Rabi,Good,0.236,2100.0,0.109,0.687,0.01,0
FARM-315,Kamla Yadav,Amritsar,Punjab,31.3232,74.8991,Rice,1.2,73.0,40.9,26.7,53.0,40.6,0.187,0.197,0.351,2.79,2.88,0.63,Kharif,Good,0.134,1934.0,0.3,0.672,0.01,0
FARM-316,Anita Naidu,Anantapur,Andhra Pradesh,14.64,77.5535,Cotton,1.55,64.1,27.2,28.4,109.6,63.0,0.71,0.481,0.737,2.68,2.78,0.359,Kharif,Partial,0.356,6632.0,0.196,0.567,0.7317,0
FARM-317,Sohan Mondal,Bhopal,Madhya Pradesh,23.3061,77.4133,Pulses,1.46,72.7,8.0,25.7,31.9,50.6,0.674,0.368,0.444,0.91,0.98,0.642,Rabi,None,0.487,6884.0,0.243,0.435,0.915,1
FARM-318,Narayan Yadav,Bikaner,Rajasthan,28.0845,73.3054,Cotton,2.8,44.3,13.8,23.5,38.2,46.2,0.582,0.139,0.643,0.57,0.58,0.391,Kharif,None,0.448,7525.0,0.251,0.305,0.9079,0
FARM-319,Narayan Deshmukh,Nashik,Maharashtra,20.4628,73.6969,Maize,4.19,50.3,54.3,26.6,112.2,57.7,0.299,0.34,0.523,3.31,3.68,0.271,Kharif,Good,0.197,2119.0,0.171,0.664,0.01,0
FARM-320,Narayan Patel,Dharwad,Karnataka,15.4405,74.91,Cotton,1.65,49.9,40.9,27.8,148.0,63.9,0.211,0.291,0.613,1.75,1.57,0.399,Kharif,Partial,0.223,5767.0,0.133,0.522,0.0874,0
FARM-321,Rajinder Deshmukh,Nadia,West Bengal,23.3868,88.7669,Maize,3.38,68.2,49.3,29.0,180.3,61.4,0.274,0.603,0.558,4.14,4.02,0.307,Kharif,Good,0.277,2086.0,0.11,0.672,0.01,0
FARM-322,Narayan Das,Meerut,Uttar Pradesh,28.7526,77.7079,Rice,9.01,65.0,32.8,28.7,89.7,46.6,0.332,0.273,0.37,3.02,3.06,0.302,Kharif,None,0.403,2639.0,0.124,0.424,0.3034,0
FARM-323,Sunil Singh,Guntur,Andhra Pradesh,16.0535,80.1919,Pulses,1.24,54.5,15.7,33.1,48.7,73.5,0.734,0.315,0.441,0.85,0.92,0.617,Rabi,None,0.648,7291.0,0.353,0.244,0.99,1
FARM-324,Pushpa Deshmukh,Solapur,Maharashtra,18.0134,75.8284,Pulses,3.21,57.8,23.7,30.5,79.7,66.0,0.574,0.333,0.599,1.22,1.19,0.385,Rabi,None,0.607,6264.0,0.6,0.463,0.8544,1
FARM-325,Babu Chauhan,Ahmedabad,Gujarat,23.0904,72.3907,Wheat,3.06,61.9,16.8,29.6,72.4,63.0,0.694,0.376,0.391,5.09,4.98,0.22,Rabi,None,0.417,2453.0,0.639,0.258,0.8402,1
FARM-326,Rekha Sharma,Nizamabad,Telangana,18.9994,78.0806,Cotton,1.88,74.4,15.2,24.9,61.3,70.3,0.712,0.349,0.731,1.2,1.24,0.46,Kharif,None,0.452,6417.0,0.327,0.48,0.9088,1
FARM-327,Anita Ghosh,Solapur,Maharashtra,17.5689,76.1509,Cotton,3.83,73.6,23.2,30.6,91.7,43.6,0.528,0.229,0.695,2.88,2.95,0.769,Kharif,None,0.322,6907.0,0.347,0.553,0.6047,1
FARM-328,Radha Sharma,Ujjain,Madhya Pradesh,23.0709,75.6103,Maize,4.31,54.0,44.2,24.1,148.9,66.3,0.396,0.169,0.441,3.37,3.42,0.695,Kharif,Partial,0.574,2288.0,0.357,0.442,0.5299,0
FARM-329,Raju Das,Mysuru,Karnataka,12.2568,76.4949,Maize,2.17,68.8,57.5,27.6,178.3,65.4,0.35,0.18,0.218,4.4,4.41,0.252,Kharif,Good,0.356,1921.0,0.274,0.721,0.045,0
FARM-330,Narayan Sharma,Nashik,Maharashtra,19.9697,73.8077,Rice,5.2,82.5,19.0,27.9,68.5,49.7,0.626,0.195,0.361,3.81,3.99,0.339,Kharif,None,0.423,1977.0,0.142,0.396,0.6815,1
FARM-331,Ganesh Mondal,Ahmedabad,Gujarat,22.7553,72.6572,Pulses,1.69,59.8,35.0,27.4,37.1,57.9,0.662,0.268,0.471,0.87,0.83,0.554,Rabi,Good,0.211,5322.0,0.338,0.658,0.2811,0
FARM-332,Sunil Naidu,Guntur,Andhra Pradesh,16.4822,80.443,Rice,2.7,55.4,46.7,31.1,171.2,47.8,0.277,0.607,0.265,3.6,3.74,0.187,Kharif,Good,0.119,2057.0,0.194,0.681,0.0581,0
FARM-333,Ganesh Verma,Ludhiana,Punjab,30.7794,75.9479,Maize,1.72,65.5,32.1,24.6,37.2,60.5,0.196,0.302,0.21,3.65,3.7,0.386,Kharif,Good,0.469,2032.0,0.365,0.674,0.0831,0
FARM-334,Shankar Verma,Raichur,Karnataka,16.4681,77.445,Rice,3.51,52.8,24.0,26.6,59.7,69.5,0.637,0.131,0.445,4.43,4.59,0.364,Kharif,None,0.47,2054.0,0.197,0.274,0.9112,1
FARM-335,Rekha Chauhan,Darbhanga,Bihar,26.2436,85.6239,Wheat,1.96,60.6,37.3,27.1,191.5,77.0,0.201,0.653,0.455,4.58,4.26,0.247,Rabi,None,0.493,2602.0,0.206,0.401,0.351,0
FARM-336,Shankar Das,Gaya,Bihar,24.5333,85.2456,Wheat,7.65,52.9,45.9,26.3,166.7,72.2,0.599,0.495,0.68,4.42,4.23,0.695,Rabi,Good,0.591,2348.0,0.316,0.61,0.7213,0
FARM-337,Meena Sharma,Aurangabad,Maharashtra,19.8559,75.3959,Pulses,9.56,66.7,42.7,23.6,22.7,67.6,0.527,0.296,0.673,1.37,1.26,0.551,Rabi,Good,0.256,6085.0,0.218,0.735,0.1893,0
FARM-338,Prakash Das,Patiala,Punjab,30.4962,76.3021,Rice,3.27,67.1,17.1,28.4,26.5,63.9,0.25,0.161,0.706,5.77,6.06,0.358,Kharif,None,0.437,1787.0,0.026,0.445,0.6898,1
FARM-339,Savita Bishnoi,Warangal,Telangana,18.0312,79.2172,Cotton,5.49,48.7,24.6,25.4,66.4,53.2,0.247,0.289,0.446,1.67,1.62,0.238,Kharif,None,0.228,7180.0,0.168,0.373,0.267,1
FARM-340,Ramesh Rathore,Patna,Bihar,25.5823,85.0175,Wheat,0.91,53.8,39.8,24.5,106.2,69.0,0.48,0.593,0.451,3.65,3.48,0.646,Rabi,Partial,0.62,2298.0,0.365,0.434,0.8519,1
FARM-341,Sohan Meena,Bathinda,Punjab,30.2183,74.8891,Rice,2.77,93.4,45.4,26.2,98.0,60.8,0.36,0.332,0.528,4.1,3.92,0.854,Kharif,Good,0.287,2349.0,0.528,0.931,0.0508,0
FARM-342,Sunil Sharma,Karnal,Haryana,29.6205,76.9933,Wheat,2.36,59.6,24.9,24.2,31.4,63.4,0.671,0.092,0.43,3.99,4.18,0.77,Rabi,Partial,0.332,2236.0,0.449,0.56,0.6061,1
FARM-343,Babu Sharma,Raichur,Karnataka,16.561,77.2912,Pulses,2.64,62.2,31.2,31.4,80.5,77.0,0.412,0.203,0.453,1.28,1.25,0.776,Rabi,None,0.595,6144.0,0.154,0.425,0.6523,1
FARM-344,Anita Deshmukh,Murshidabad,West Bengal,24.3306,88.2914,Pulses,2.87,57.3,18.1,30.6,44.6,68.0,0.212,0.398,0.482,0.96,1.08,0.554,Rabi,None,0.212,5425.0,0.153,0.484,0.3494,0
FARM-345,Mahesh Bishnoi,Sirsa,Haryana,29.6328,75.074,Cotton,3.75,57.4,27.9,27.3,61.0,69.1,0.252,0.17,0.573,1.94,1.9,0.419,Kharif,Partial,0.133,6095.0,0.719,0.639,0.2891,1
FARM-346,Savita Mondal,Patna,Bihar,25.6591,85.1654,Maize,1.2,50.3,26.2,28.9,104.0,72.0,0.477,0.509,0.389,2.81,2.87,0.672,Kharif,None,0.758,1797.0,0.534,0.291,0.9599,1
FARM-347,Kishan Patel,Jabalpur,Madhya Pradesh,23.2805,80.0279,Pulses,4.49,62.1,21.9,25.4,62.1,66.2,0.511,0.45,0.479,1.03,1.06,0.575,Rabi,None,0.346,6996.0,0.261,0.35,0.7494,1
FARM-348,Laxman Sharma,Rajkot,Gujarat,22.428,70.8618,Cotton,4.73,50.2,40.5,26.3,70.2,50.8,0.491,0.352,0.499,1.45,1.4,0.644,Kharif,Good,0.652,6844.0,0.336,0.578,0.6833,1
FARM-349,Dinesh Patel,Anantapur,Andhra Pradesh,14.4658,77.7351,Maize,2.95,65.5,32.1,27.1,29.2,70.5,0.266,0.219,0.406,2.81,2.87,0.513,Kharif,Good,0.211,2093.0,0.153,0.65,0.1832,0
FARM-350,Anil Kaur,Nashik,Maharashtra,19.8773,73.7419,Maize,2.45,57.8,27.7,29.3,77.2,54.9,0.427,0.243,0.333,3.29,3.29,0.676,Kharif,None,0.548,2227.0,0.198,0.302,0.5631,1
FARM-351,Mahesh Meena,Varanasi,Uttar Pradesh,25.151,83.0368,Rice,2.69,58.9,27.4,26.0,30.2,64.5,0.169,0.625,0.281,4.9,5.48,0.449,Kharif,None,0.287,2586.0,0.093,0.436,0.7258,1
FARM-352,Harpreet Bishnoi,Meerut,Uttar Pradesh,28.891,78.0309,Wheat,1.39,62.2,39.4,24.9,66.1,69.6,0.444,0.438,0.257,4.38,4.18,0.446,Rabi,Good,0.279,2009.0,0.224,0.619,0.0983,0
FARM-353,Kavita Singh,Kota,Rajasthan,25.0973,75.9503,Wheat,1.92,51.2,20.7,26.3,34.9,47.1,0.522,0.372,0.201,4.51,4.28,0.182,Rabi,None,0.308,2131.0,0.384,0.404,0.6839,1
FARM-354,Gurpreet Singh,Karnal,Haryana,29.9717,77.0056,Cotton,3.51,83.8,13.2,26.0,19.5,59.1,0.288,0.259,0.547,2.04,2.07,0.686,Kharif,None,0.287,6167.0,0.342,0.517,0.6419,0
FARM-355,Shanti Jat,Mandya,Karnataka,12.6419,76.7124,Maize,1.3,61.1,34.9,24.5,142.3,71.2,0.582,0.156,0.479,2.89,2.77,0.341,Kharif,Good,0.61,2124.0,0.209,0.596,0.2652,0
FARM-356,Bhagwan Kumar,Surat,Gujarat,21.2229,72.9298,Cotton,4.18,73.5,9.3,26.2,20.6,61.9,0.802,0.181,0.686,2.7,2.96,0.252,Kharif,None,0.172,7442.0,0.229,0.431,0.7999,1
FARM-357,Geeta Patel,Agra,Uttar Pradesh,27.3326,78.2452,Rice,2.39,62.9,41.9,25.1,105.3,63.1,0.379,0.433,0.315,3.99,3.6,0.7,Kharif,Good,0.406,2090.0,0.327,0.618,0.3574,1
FARM-358,Dinesh Kumar,Patna,Bihar,25.1839,85.0257,Wheat,7.66,77.0,15.1,26.0,42.3,70.1,0.505,0.617,0.522,5.83,5.47,0.571,Rabi,None,0.779,2340.0,0.284,0.377,0.8727,1
FARM-359,Mohan Verma,Bathinda,Punjab,30.2567,75.2612,Rice,0.89,62.7,37.3,24.4,41.7,60.5,0.606,0.112,0.495,3.02,3.08,0.335,Kharif,Good,0.244,2388.0,0.488,0.642,0.2446,0
FARM-360,Lakshmi Reddy,Belagavi,Karnataka,15.7744,74.2891,Sugarcane,9.19,47.2,41.1,27.9,135.2,65.3,0.564,0.205,0.192,70.93,73.72,0.464,Annual,Good,0.301,314.0,0.402,0.693,0.0945,0
FARM-361,Suresh Singh,Jalandhar,Punjab,31.201,75.5311,Cotton,2.35,75.0,26.1,25.2,22.0,55.0,0.309,0.486,0.633,2.88,3.01,1.0,Kharif,Good,0.895,6543.0,0.203,0.529,0.8734,1
FARM-362,Vijay Pillai,Warangal,Telangana,18.2821,79.4905,Rice,1.09,68.2,38.3,27.9,66.6,51.8,0.48,0.344,0.327,4.74,5.07,0.284,Kharif,Good,0.239,2488.0,0.426,0.698,0.1515,0
FARM-363,Ganesh Ghosh,Rajkot,Gujarat,22.2614,70.7337,Wheat,6.44,44.7,22.2,28.4,23.4,48.7,0.443,0.445,0.394,5.04,5.23,0.623,Rabi,Partial,0.718,2221.0,0.402,0.442,0.91,1
FARM-364,Vijay Chauhan,Bikaner,Rajasthan,28.175,73.059,Pulses,0.92,47.4,26.8,24.6,20.0,51.8,0.473,0.07,0.489,0.59,0.57,0.266,Rabi,Good,0.512,5540.0,0.174,0.508,0.3038,0
FARM-365,Sukhwinder Mondal,Belagavi,Karnataka,16.2024,74.6387,Maize,4.12,74.9,35.0,22.1,155.1,57.7,0.575,0.366,0.533,3.01,2.88,0.283,Kharif,None,0.418,1983.0,0.316,0.445,0.4477,0
FARM-366,Kamla Singh,Varanasi,Uttar Pradesh,25.3191,83.1526,Mustard,2.73,66.5,41.4,26.1,93.4,72.6,0.07,0.339,0.493,1.17,1.13,0.36,Rabi,Good,0.496,5039.0,0.303,0.65,0.1037,0
FARM-367,Mohan Rao,Warangal,Telangana,17.7875,79.4774,Rice,3.76,56.2,16.9,30.3,56.2,73.0,0.645,0.321,0.397,3.43,3.38,0.547,Kharif,Partial,0.591,2200.0,0.317,0.545,0.8592,1
FARM-368,Harpreet Bishnoi,Madurai,Tamil Nadu,10.1685,78.042,Rice,1.53,56.4,42.3,27.0,50.0,71.8,0.399,0.354,0.66,4.61,4.64,0.529,Kharif,Good,0.71,2099.0,0.122,0.602,0.6025,1
FARM-369,Radha Singh,Nashik,Maharashtra,20.0145,73.7373,Sugarcane,3.04,55.6,20.8,29.5,46.1,68.1,0.487,0.44,0.295,64.9,67.06,0.312,Annual,None,0.661,322.0,0.157,0.401,0.9511,1
FARM-370,Kamla Rao,Kolhapur,Maharashtra,16.7161,74.272,Cotton,2.46,42.9,28.3,26.8,92.9,60.4,0.355,0.239,0.725,2.17,2.21,0.378,Kharif,None,0.424,6390.0,0.238,0.275,0.6644,1
FARM-371,Prakash Ghosh,Hooghly,West Bengal,23.018,88.4633,Pulses,5.74,87.5,56.6,28.2,156.3,81.6,0.103,0.466,0.584,1.25,1.24,0.174,Rabi,Good,0.178,6598.0,0.234,0.754,0.0367,0
FARM-372,Laxman Singh,Patna,Bihar,25.4066,85.219,Wheat,1.81,53.3,34.3,27.7,37.5,64.7,0.241,0.666,0.483,3.18,3.25,0.259,Rabi,Partial,0.479,2056.0,0.322,0.472,0.6692,1
FARM-373,Shankar Mondal,Raichur,Karnataka,16.222,77.4614,Rice,2.29,62.4,40.7,23.6,51.7,68.7,0.339,0.205,0.315,5.0,5.22,0.451,Kharif,Good,0.614,2352.0,0.17,0.693,0.1144,0
FARM-374,Shankar Mondal,Nadia,West Bengal,23.6671,88.5717,Maize,1.74,77.2,33.4,26.5,84.5,80.1,0.438,0.539,0.579,4.67,4.74,0.399,Kharif,Good,0.841,2273.0,0.261,0.583,0.6439,1
FARM-375,Geeta Patel,Gaya,Bihar,24.7461,84.61,Pulses,2.92,71.1,48.0,26.2,127.3,60.6,0.542,0.399,0.457,1.19,1.31,0.427,Rabi,Good,0.446,6203.0,0.33,0.731,0.139,0
FARM-376,Ramesh Jat,Jabalpur,Madhya Pradesh,23.2319,80.0998,Wheat,2.36,36.0,35.4,26.8,82.0,54.2,0.497,0.247,0.187,3.41,3.69,0.446,Rabi,Good,0.334,1874.0,0.095,0.645,0.2052,0
FARM-377,Bhagwan Gowda,Patna,Bihar,25.352,85.39,Rice,2.34,65.1,33.5,23.6,112.6,72.3,0.346,0.55,0.602,4.0,4.08,0.495,Kharif,Partial,0.207,2134.0,0.43,0.57,0.3954,1
FARM-378,Radha Patil,Krishna,Andhra Pradesh,16.6488,80.7841,Cotton,2.44,54.1,23.6,27.6,45.3,56.6,0.286,0.464,0.416,1.61,1.5,0.41,Kharif,None,0.368,5908.0,0.326,0.382,0.717,0
FARM-379,Sunita Kumar,Jaipur,Rajasthan,27.0573,75.7041,Cotton,4.32,61.7,32.9,26.9,47.8,50.4,0.935,0.124,0.465,1.13,1.05,0.419,Kharif,Good,0.347,7280.0,0.168,0.661,0.1449,0
FARM-380,Rajinder Naidu,Nadia,West Bengal,23.4196,88.7741,Rice,0.95,64.4,26.4,26.0,51.9,68.6,0.146,0.613,0.188,4.24,4.37,0.271,Kharif,Partial,0.617,2290.0,0.125,0.503,0.4978,0
FARM-381,Savita Pillai,Madurai,Tamil Nadu,9.8534,78.1609,Cotton,4.59,60.4,36.5,27.1,86.4,72.1,0.459,0.19,0.643,2.53,2.58,0.253,Kharif,None,0.238,7463.0,0.15,0.382,0.1561,0
FARM-382,Sohan Mondal,Solapur,Maharashtra,17.6123,75.6484,Sugarcane,1.71,75.3,30.0,26.6,40.5,54.4,0.484,0.183,0.264,75.99,76.18,0.407,Annual,Good,0.36,307.0,0.216,0.852,0.1222,0
FARM-383,Sanjay Jat,Salem,Tamil Nadu,11.6996,78.33,Sugarcane,7.13,55.4,34.6,30.2,100.1,59.2,0.25,0.441,0.236,73.24,70.9,0.293,Annual,None,0.05,330.0,0.152,0.491,0.1506,1
FARM-384,Sukhwinder Patil,Gaya,Bihar,24.6685,84.9131,Rice,1.84,71.0,48.0,26.4,147.7,67.6,0.212,0.736,0.68,5.46,5.71,0.335,Kharif,Good,0.2,2366.0,0.196,0.776,0.104,0
FARM-385,Kavita Patel,Kurnool,Andhra Pradesh,15.597,77.9046,Pulses,2.03,58.8,34.8,30.9,49.2,53.9,0.591,0.519,0.4,1.2,1.28,0.298,Rabi,Partial,0.386,6290.0,0.327,0.558,0.4905,0
FARM-386,Bhagwan Jat,Patiala,Punjab,30.5822,76.5219,Wheat,1.77,76.0,41.1,26.5,19.0,63.2,0.065,0.406,0.431,4.75,5.01,0.638,Rabi,Good,0.066,2183.0,0.078,0.749,0.01,0
FARM-387,Pushpa Meena,Kurnool,Andhra Pradesh,15.8388,77.8921,Pulses,3.0,58.0,25.0,26.7,77.4,65.4,0.4,0.282,0.47,0.83,0.83,0.395,Rabi,None,0.446,6469.0,0.529,0.359,0.5803,0
FARM-388,Rekha Kumar,Jaipur,Rajasthan,26.877,75.5801,Mustard,2.14,37.1,19.8,29.3,55.3,48.2,0.509,0.081,0.337,1.44,1.49,0.283,Rabi,None,0.115,4998.0,0.339,0.38,0.3816,0
FARM-389,Laxman Naidu,Gaya,Bihar,24.5634,84.8251,Rice,3.69,58.8,36.0,26.4,58.2,71.6,0.269,0.525,0.474,3.39,3.67,0.298,Kharif,Good,0.608,2243.0,0.152,0.518,0.3997,1
FARM-390,Radha Reddy,Muzaffarpur,Bihar,25.9602,85.7005,Maize,2.49,66.4,38.4,27.4,212.4,74.3,0.564,0.365,0.508,2.8,3.0,0.234,Kharif,None,0.354,1975.0,0.152,0.465,0.3034,0
FARM-391,Rajinder Deshmukh,Kolhapur,Maharashtra,16.5029,74.235,Cotton,3.86,67.1,10.7,27.4,79.0,53.7,0.5,0.192,0.634,1.57,1.55,0.404,Kharif,None,0.723,5854.0,0.157,0.419,0.7189,1
FARM-392,Gurpreet Patel,Rohtak,Haryana,28.5329,76.3625,Mustard,2.37,62.6,41.8,24.9,29.7,50.7,0.356,0.05,0.362,1.25,1.3,0.28,Rabi,Good,0.524,5119.0,0.411,0.645,0.0587,0
FARM-393,Shanti Patel,Gwalior,Madhya Pradesh,26.1821,78.1803,Pulses,3.04,63.7,44.5,27.1,119.0,57.3,0.342,0.113,0.728,1.37,1.34,0.313,Rabi,Good,0.053,6599.0,0.149,0.747,0.01,0
FARM-394,Sohan Verma,Madurai,Tamil Nadu,10.193,78.2507,Rice,3.32,49.9,43.5,28.1,33.2,71.6,0.185,0.259,0.631,4.76,5.41,0.639,Kharif,Good,0.521,2430.0,0.124,0.63,0.3731,0
FARM-395,Vijay Jat,Nashik,Maharashtra,19.6984,73.6224,Pulses,3.15,36.6,8.0,28.9,26.4,56.7,0.411,0.221,0.536,1.29,1.24,0.53,Rabi,None,0.396,6432.0,0.187,0.326,0.7551,1
FARM-396,Pushpa Naidu,Bhopal,Madhya Pradesh,23.22,77.3483,Wheat,2.16,34.1,27.3,25.8,98.7,48.0,0.48,0.397,0.204,3.38,3.79,0.454,Rabi,Good,0.493,2518.0,0.472,0.593,0.542,0
FARM-397,Ramesh Meena,Nashik,Maharashtra,19.7201,74.0753,Pulses,2.33,62.9,22.1,28.5,61.7,66.1,0.673,0.13,0.502,1.08,1.12,0.376,Rabi,None,0.464,6311.0,0.417,0.363,0.7155,0
FARM-398,Bhagwan Deshmukh,Aurangabad,Maharashtra,20.0498,75.2354,Rice,7.79,65.7,36.0,29.6,86.4,52.8,0.578,0.116,0.49,4.22,4.27,0.381,Kharif,Good,0.477,2404.0,0.229,0.697,0.157,1
FARM-399,Kishan Reddy,Solapur,Maharashtra,17.7524,75.9271,Pulses,11.15,75.3,44.1,28.4,211.2,62.7,0.484,0.435,0.544,1.4,1.33,0.535,Rabi,None,0.222,7062.0,0.236,0.444,0.3656,0
FARM-400,Babu Naidu,Bathinda,Punjab,30.0662,74.993,Wheat,5.64,61.8,43.8,29.4,92.0,72.4,0.298,0.085,0.459,4.27,4.46,0.479,Rabi,Good,0.657,2459.0,0.189,0.641,0.1596,0
FARM-401,Shankar Ghosh,Jodhpur,Rajasthan,26.319,73.0161,Mustard,9.48,63.5,8.0,30.1,17.7,20.9,0.566,0.202,0.023,2.4,2.41,0.42,Rabi,None,0.479,5813.0,0.349,0.432,0.3495,0
FARM-402,Sohan Gowda,Raichur,Karnataka,16.3172,77.6554,Rice,0.47,47.8,43.3,27.4,88.0,57.8,0.488,0.176,0.319,3.89,3.89,0.645,Kharif,Good,0.559,2507.0,0.299,0.535,0.5444,1
FARM-403,Anita Rathore,Salem,Tamil Nadu,11.5834,78.414,Maize,2.31,47.8,38.3,32.4,78.7,80.4,0.41,0.228,0.557,4.68,4.81,0.438,Kharif,Good,0.62,2201.0,0.168,0.647,0.3377,0
FARM-404,Sanjay Naidu,Nalgonda,Telangana,17.4623,79.2361,Maize,2.17,82.2,43.4,27.4,124.4,61.2,0.588,0.543,0.571,3.14,3.19,0.449,Kharif,Good,0.444,1836.0,0.49,0.693,0.2979,0
FARM-405,Shanti Patil,Varanasi,Uttar Pradesh,25.4638,82.598,Wheat,5.32,69.6,47.6,30.6,159.9,60.0,0.238,0.434,0.397,5.23,4.82,0.571,Rabi,None,0.408,2519.0,0.322,0.519,0.2425,1
FARM-406,Pushpa Bishnoi,Aurangabad,Maharashtra,20.0605,75.3834,Maize,0.6,67.7,22.7,30.5,43.5,50.5,0.538,0.189,0.479,4.43,4.43,0.432,Kharif,Partial,0.273,2056.0,0.372,0.578,0.3973,1
FARM-407,Ganesh Kaur,Hooghly,West Bengal,22.7767,88.7004,Mustard,1.44,54.5,35.9,25.3,87.7,83.9,0.357,0.62,0.339,1.71,1.75,0.464,Rabi,Good,0.706,5857.0,0.792,0.617,0.7498,1
FARM-408,Kamla Yadav,Surat,Gujarat,21.2224,73.0807,Cotton,1.41,56.3,30.9,26.4,44.4,53.8,0.302,0.38,0.56,0.88,0.96,0.447,Kharif,Partial,0.32,6510.0,0.166,0.461,0.4296,1
FARM-409,Gurpreet Reddy,Muzaffarpur,Bihar,26.3296,85.3639,Wheat,2.0,53.4,31.0,23.6,134.1,74.9,0.628,0.614,0.443,4.05,3.87,0.554,Rabi,None,0.681,2184.0,0.483,0.312,0.958,1
FARM-410,Sukhwinder Kaur,Nadia,West Bengal,23.4082,88.7947,Rice,9.48,78.2,33.9,26.2,102.1,79.8,0.33,0.83,0.563,4.0,4.42,0.281,Kharif,Good,0.42,2163.0,0.516,0.788,0.2471,1
FARM-411,Shankar Singh,Kota,Rajasthan,25.1552,75.7405,Mustard,2.29,35.7,24.7,27.1,39.7,40.2,0.616,0.101,0.425,1.4,1.41,0.305,Rabi,Partial,0.241,4694.0,0.769,0.484,0.6502,0
FARM-412,Dinesh Rao,Muzaffarpur,Bihar,25.8315,85.2016,Wheat,2.29,67.9,30.2,26.5,82.1,60.4,0.548,0.546,0.567,5.63,5.76,0.561,Rabi,None,0.919,2357.0,0.546,0.339,0.9423,1
FARM-413,Pushpa Patil,Khammam,Telangana,17.3414,80.2126,Rice,1.35,47.9,35.3,28.4,70.8,59.9,0.383,0.267,0.483,5.15,4.72,0.425,Kharif,None,0.425,2333.0,0.085,0.458,0.7597,1
FARM-414,Sunil Bishnoi,Rohtak,Haryana,28.9377,76.9999,Rice,1.92,61.9,35.3,28.2,28.2,53.1,0.531,0.348,0.459,4.43,4.74,0.16,Kharif,Good,0.467,2337.0,0.469,0.676,0.3611,1
FARM-415,Harpreet Sharma,Lucknow,Uttar Pradesh,27.0195,81.038,Pulses,0.82,62.8,36.7,23.4,60.4,70.7,0.593,0.441,0.446,1.3,1.33,0.382,Rabi,Good,0.608,5677.0,0.179,0.59,0.387,0
FARM-416,Shankar Reddy,Jabalpur,Madhya Pradesh,23.1059,79.9089,Pulses,4.83,63.1,42.1,29.1,133.7,65.9,0.595,0.124,0.412,1.28,1.35,0.424,Rabi,Good,0.699,6095.0,0.206,0.63,0.2228,0
FARM-417,Harpreet Rathore,Coimbatore,Tamil Nadu,10.8922,77.0383,Pulses,1.21,80.6,28.7,26.8,34.4,70.1,0.666,0.459,0.548,1.02,1.02,0.387,Rabi,Good,0.809,6574.0,0.325,0.692,0.6031,0
FARM-418,Sukhwinder Deshmukh,Sirsa,Haryana,29.8052,75.1475,Rice,3.99,60.2,28.6,30.3,23.4,52.7,0.36,0.318,0.256,3.64,3.73,0.361,Kharif,Partial,0.502,2345.0,0.392,0.444,0.7172,1
FARM-419,Rajinder Das,Ujjain,Madhya Pradesh,23.0345,75.6984,Pulses,3.29,79.4,36.4,26.6,18.9,53.4,0.161,0.077,0.51,0.97,1.05,0.387,Rabi,Good,0.555,6414.0,0.269,0.623,0.0989,0
FARM-420,Radha Kumar,Bathinda,Punjab,30.0542,75.0079,Wheat,7.11,68.8,43.1,24.3,98.6,59.2,0.192,0.47,0.0,3.51,3.51,0.264,Rabi,Good,0.602,2224.0,0.237,0.639,0.0553,0
FARM-421,Anil Chauhan,Belagavi,Karnataka,15.9815,74.674,Rice,1.22,48.3,44.0,26.7,81.6,72.3,0.439,0.471,0.251,3.43,3.62,0.764,Kharif,Good,0.504,2147.0,0.215,0.602,0.5433,1
FARM-422,Vijay Deshmukh,Lucknow,Uttar Pradesh,26.4449,80.6797,Sugarcane,1.1,72.1,25.3,25.1,64.5,75.2,0.348,0.418,0.354,89.8,95.5,0.246,Annual,None,0.278,357.0,0.352,0.495,0.5149,0
FARM-423,Sunita Bishnoi,Ujjain,Madhya Pradesh,23.061,76.1171,Wheat,9.86,82.9,40.5,32.6,184.0,57.6,0.507,0.174,0.246,5.02,4.93,0.352,Rabi,None,0.317,2011.0,0.615,0.619,0.1013,0
FARM-424,Rekha Ghosh,Ludhiana,Punjab,30.711,75.9856,Wheat,1.08,71.1,43.3,25.7,54.8,59.0,0.435,0.241,0.181,4.0,3.91,0.51,Rabi,Good,0.246,2543.0,0.253,0.701,0.14,0
FARM-425,Mohan Reddy,Bareilly,Uttar Pradesh,28.3086,79.4853,Pulses,2.23,60.7,36.2,26.9,100.8,60.4,0.095,0.237,0.456,1.36,1.37,0.658,Rabi,None,0.53,6475.0,0.148,0.366,0.2918,1
FARM-426,Babu Patil,Coimbatore,Tamil Nadu,11.1482,77.182,Pulses,4.02,52.9,47.6,30.1,92.8,80.0,0.191,0.264,0.65,1.11,1.14,0.509,Rabi,Good,0.06,6776.0,0.432,0.796,0.0629,0
FARM-427,Savita Patil,Ujjain,Madhya Pradesh,23.2743,75.7505,Maize,8.39,66.1,49.8,27.6,162.9,46.6,0.538,0.191,0.083,2.34,2.32,0.522,Kharif,Good,0.372,2217.0,0.637,0.649,0.0699,0
FARM-428,Kamla Murugan,Aurangabad,Maharashtra,19.864,75.0675,Pulses,2.89,66.8,12.8,25.0,62.1,53.0,0.664,0.234,0.376,0.95,0.97,0.915,Rabi,None,0.603,5610.0,0.266,0.334,0.9698,1
FARM-429,Mohan Murugan,Rajkot,Gujarat,22.6609,70.7032,Pulses,1.2,56.1,15.2,28.6,33.3,57.2,0.634,0.327,0.559,1.18,1.18,0.344,Rabi,None,0.708,5357.0,0.224,0.341,0.8809,1
FARM-430,Mohan Singh,Coimbatore,Tamil Nadu,11.0784,77.1873,Rice,1.61,69.4,33.6,29.4,64.3,72.6,0.289,0.335,0.555,3.68,3.91,0.316,Kharif,None,0.264,2314.0,0.294,0.371,0.656,0
FARM-431,Pushpa Pillai,Jabalpur,Madhya Pradesh,23.1173,80.2311,Wheat,1.07,45.0,36.6,29.1,55.5,42.1,0.307,0.363,0.122,3.51,3.7,0.735,Rabi,Good,0.682,2376.0,0.244,0.414,0.6118,0
FARM-432,Lakshmi Choudhary,Amritsar,Punjab,31.4486,75.0275,Rice,1.32,72.4,24.2,27.4,53.5,61.5,0.389,0.273,0.449,4.68,5.22,0.699,Kharif,Partial,0.29,2432.0,0.095,0.685,0.3411,0
FARM-433,Anita Deshmukh,Ujjain,Madhya Pradesh,23.0669,75.5998,Pulses,1.22,43.1,26.0,23.5,68.8,53.2,0.553,0.386,0.383,0.99,1.03,0.331,Rabi,Partial,0.861,6848.0,0.211,0.355,0.877,1
FARM-434,Gurpreet Ghosh,Guntur,Andhra Pradesh,16.4716,80.2088,Cotton,4.17,47.5,53.5,27.2,188.3,55.2,0.678,0.224,0.647,2.31,2.25,0.34,Kharif,Good,0.578,5436.0,0.152,0.562,0.4183,1
FARM-435,Savita Singh,Gwalior,Madhya Pradesh,26.2494,78.25,Rice,0.99,63.3,32.8,28.0,134.1,59.1,0.37,0.086,0.155,3.91,4.03,0.492,Kharif,Good,0.228,2186.0,0.24,0.729,0.0362,0
FARM-436,Ganesh Meena,Aurangabad,Maharashtra,19.9866,75.2023,Maize,1.44,40.4,17.5,26.2,67.0,56.2,0.535,0.254,0.437,4.07,3.9,0.179,Kharif,None,0.208,2136.0,0.311,0.352,0.56,0
FARM-437,Sanjay Deshmukh,Salem,Tamil Nadu,11.565,78.0941,Cotton,1.07,59.8,22.4,27.7,102.1,81.0,0.631,0.134,0.714,1.64,1.57,0.541,Kharif,None,0.472,6852.0,0.144,0.336,0.7542,1
FARM-438,Sanjay Reddy,Nashik,Maharashtra,19.7915,73.6075,Sugarcane,2.19,68.5,20.9,26.7,68.7,66.1,0.72,0.216,0.417,83.51,76.85,0.35,Annual,Partial,0.3,350.0,0.193,0.656,0.4934,0
FARM-439,Harpreet Meena,Bhavnagar,Gujarat,21.5748,72.2461,Wheat,6.91,37.2,28.8,29.2,64.7,47.6,0.242,0.379,0.196,3.8,3.95,0.176,Rabi,Partial,0.222,2331.0,0.294,0.511,0.1681,0
FARM-440,Manoj Patel,Bareilly,Uttar Pradesh,28.4457,79.7848,Pulses,2.88,56.0,29.9,25.0,95.7,57.3,0.409,0.343,0.675,1.16,1.15,0.403,Rabi,None,0.46,6309.0,0.163,0.4,0.6729,1
FARM-441,Sunil Mondal,Nalgonda,Telangana,17.3595,79.4565,Rice,0.5,58.5,24.0,28.2,100.1,56.1,0.683,0.27,0.648,3.67,3.8,0.398,Kharif,None,0.588,2377.0,0.247,0.366,0.901,1
FARM-442,Narayan Patil,Jalandhar,Punjab,31.543,75.3601,Wheat,4.72,64.8,29.5,20.6,27.1,70.3,0.299,0.24,0.202,4.4,4.64,0.207,Rabi,Partial,0.5,2463.0,0.295,0.483,0.1402,0
FARM-443,Sukhwinder Chauhan,Nashik,Maharashtra,19.8678,73.6698,Sugarcane,1.85,53.1,12.0,30.3,30.3,50.1,0.602,0.104,0.147,59.96,62.31,0.758,Annual,None,0.669,359.0,0.259,0.312,0.99,1
FARM-444,Sanjay Gowda,Bareilly,Uttar Pradesh,28.5197,79.4354,Sugarcane,7.39,72.9,35.7,25.2,71.8,68.7,0.164,0.218,0.478,76.02,71.6,0.393,Annual,Good,0.57,338.0,0.055,0.713,0.1129,1
FARM-445,Lakshmi Mondal,Nadia,West Bengal,23.7947,88.6202,Pulses,3.48,45.1,31.4,26.7,72.9,68.7,0.136,0.394,0.512,1.02,1.03,0.315,Rabi,Partial,0.358,6661.0,0.126,0.471,0.2244,0
FARM-446,Kishan Choudhary,Hisar,Haryana,28.7628,75.86,Wheat,1.23,71.1,39.0,26.9,76.8,57.6,0.468,0.036,0.274,5.43,6.1,0.175,Rabi,Good,0.383,2196.0,0.394,0.674,0.0505,0
FARM-447,Babu Reddy,Nizamabad,Telangana,18.0247,78.3763,Rice,2.08,55.6,19.9,26.8,80.9,52.3,0.368,0.424,0.375,3.51,3.75,0.936,Kharif,None,0.781,2454.0,0.384,0.32,0.99,1
FARM-448,Babu Verma,Bareilly,Uttar Pradesh,28.6131,79.5273,Wheat,0.84,48.1,35.8,24.4,139.7,57.1,0.281,0.256,0.363,3.36,3.43,0.16,Rabi,None,0.063,2299.0,0.366,0.329,0.1086,0
FARM-449,Kavita Reddy,Agra,Uttar Pradesh,27.2185,78.1181,Pulses,1.79,56.7,26.5,22.8,20.0,61.1,0.07,0.361,0.612,1.12,1.1,0.205,Rabi,Partial,0.503,6598.0,0.06,0.47,0.2127,1
FARM-450,Geeta Kaur,Jaipur,Rajasthan,26.5398,75.9553,Maize,3.04,39.9,26.3,32.7,71.1,58.7,0.706,0.01,0.236,2.15,2.31,0.351,Kharif,Good,0.58,2266.0,0.423,0.526,0.4278,0
FARM-451,Anil Choudhary,Darbhanga,Bihar,26.1978,85.9912,Maize,6.59,68.7,28.8,29.7,100.4,74.8,0.506,0.454,0.757,3.17,3.12,0.48,Kharif,None,0.825,2089.0,0.26,0.349,0.8566,1
FARM-452,Meena Deshmukh,Bhopal,Madhya Pradesh,23.1757,77.6569,Rice,2.36,50.4,40.3,23.5,69.6,48.4,0.293,0.391,0.375,4.66,4.5,0.499,Kharif,Good,0.275,2310.0,0.352,0.72,0.1922,0
FARM-453,Narayan Meena,Kurnool,Andhra Pradesh,15.8689,78.0804,Pulses,2.65,71.7,19.8,31.7,37.6,65.5,0.477,0.371,0.519,0.88,0.92,0.483,Rabi,None,0.531,6627.0,0.355,0.496,0.6757,1
FARM-454,Meena Reddy,Madurai,Tamil Nadu,10.0757,78.2229,Rice,1.65,81.2,18.4,26.1,28.7,65.9,0.558,0.36,0.451,4.48,4.56,0.754,Kharif,None,0.345,2383.0,0.464,0.46,0.9863,1
FARM-455,Meena Pillai,Gorakhpur,Uttar Pradesh,26.5809,83.529,Wheat,0.78,79.0,40.1,27.2,89.5,74.0,0.262,0.407,0.308,4.64,4.74,0.284,Rabi,Partial,0.129,2335.0,0.614,0.525,0.1022,0
FARM-456,Sohan Bishnoi,Jalandhar,Punjab,31.4983,75.5088,Rice,7.25,81.6,48.0,25.3,99.8,53.0,0.12,0.371,0.238,3.83,3.89,0.461,Kharif,Good,0.463,2299.0,0.412,0.73,0.0721,0
FARM-457,Anil Patil,Murshidabad,West Bengal,24.116,88.5386,Rice,0.88,63.3,37.5,24.4,51.8,72.2,0.31,0.55,0.543,3.39,3.48,0.613,Kharif,Good,0.411,2006.0,0.295,0.574,0.6183,0
FARM-458,Gurpreet Naidu,Solapur,Maharashtra,17.6167,75.7535,Cotton,1.85,77.4,14.1,25.7,61.5,58.0,0.774,0.344,0.688,2.4,2.35,0.333,Kharif,None,0.443,6150.0,0.398,0.409,0.9116,1
FARM-459,Bhagwan Sharma,Rajkot,Gujarat,22.0475,70.3487,Sugarcane,1.35,42.3,28.3,29.4,81.5,62.3,0.68,0.256,0.308,74.75,78.81,0.392,Annual,Good,0.247,320.0,0.384,0.63,0.2991,0
FARM-460,Manoj Gowda,Rajkot,Gujarat,22.0728,70.7477,Cotton,0.69,51.7,33.2,24.2,136.9,56.0,0.492,0.318,0.667,1.84,1.67,0.831,Kharif,None,0.28,5818.0,0.16,0.378,0.7307,1
FARM-461,Anita Verma,Nagpur,Maharashtra,20.912,78.9472,Cotton,7.19,64.6,35.4,24.1,80.4,55.2,0.578,0.419,0.706,2.2,2.42,0.267,Kharif,Good,0.295,6664.0,0.6,0.74,0.2007,0
FARM-462,Anita Rathore,Surat,Gujarat,21.3055,72.8776,Wheat,6.01,56.8,18.5,31.0,36.7,51.2,0.646,0.349,0.304,4.74,5.08,0.2,Rabi,Partial,0.431,2285.0,0.697,0.583,0.7154,1
FARM-463,Sukhwinder Choudhary,Bathinda,Punjab,30.4839,74.9904,Maize,2.28,51.6,36.1,30.8,53.9,67.2,0.424,0.158,0.59,3.39,3.51,0.553,Kharif,Good,0.629,2277.0,0.084,0.569,0.4338,0
FARM-464,Lakshmi Singh,Madurai,Tamil Nadu,9.977,77.9929,Sugarcane,3.32,70.6,17.6,27.6,45.9,69.0,0.407,0.359,0.183,77.24,82.16,0.546,Annual,Partial,0.38,364.0,0.117,0.667,0.3343,0
FARM-465,Rekha Rao,Ujjain,Madhya Pradesh,22.9634,76.0472,Rice,3.15,57.8,34.8,25.7,151.8,52.1,0.58,0.332,0.541,4.89,5.08,0.511,Kharif,None,0.564,2283.0,0.415,0.44,0.8051,1
FARM-466,Anita Rathore,Meerut,Uttar Pradesh,29.1303,77.5305,Wheat,2.0,71.8,36.4,27.5,194.5,59.4,0.219,0.257,0.183,5.16,5.26,0.426,Rabi,None,0.179,2539.0,0.318,0.416,0.0296,0
FARM-467,Kavita Pillai,Sri Ganganagar,Rajasthan,29.6791,73.9691,Mustard,5.4,44.4,11.6,23.3,24.6,23.6,0.661,0.138,0.283,1.23,1.25,0.235,Rabi,None,0.168,5234.0,0.52,0.368,0.6969,0
FARM-468,Dinesh Patil,Gaya,Bihar,25.0693,84.8515,Rice,1.78,84.0,31.0,30.9,30.7,67.7,0.362,0.572,0.295,5.26,5.4,0.339,Kharif,Good,0.454,2220.0,0.337,0.797,0.142,0
FARM-469,Dinesh Pillai,Jalandhar,Punjab,31.3633,75.4882,Maize,3.07,98.0,36.2,27.4,65.3,72.7,0.504,0.196,0.68,5.12,5.19,0.318,Kharif,Good,0.423,2177.0,0.446,0.928,0.0529,0
FARM-470,Narayan Chauhan,Ujjain,Madhya Pradesh,23.1727,75.5063,Mustard,2.39,63.4,22.5,25.8,64.2,59.3,0.493,0.236,0.415,2.4,2.29,0.3,Rabi,None,0.621,5463.0,0.436,0.384,0.6856,0
FARM-471,Babu Choudhary,Thanjavur,Tamil Nadu,10.9364,79.2831,Rice,2.38,63.8,14.1,27.4,42.2,61.5,0.425,0.342,0.417,3.84,3.99,0.614,Kharif,None,0.509,2154.0,0.301,0.599,0.9376,1
FARM-472,Kishan Jadhav,Bareilly,Uttar Pradesh,28.6349,79.6733,Rice,1.9,85.1,27.2,26.4,84.7,52.1,0.201,0.423,0.601,5.38,5.09,0.247,Kharif,None,0.607,2030.0,0.313,0.464,0.6548,0
FARM-473,Sohan Kumar,Rohtak,Haryana,28.7606,76.6248,Sugarcane,0.99,53.4,43.1,21.4,55.9,59.7,0.18,0.074,0.438,73.13,75.86,0.741,Annual,Good,0.015,388.0,0.59,0.716,0.1467,0
FARM-474,Kamla Patel,Patiala,Punjab,30.533,76.1269,Maize,2.88,70.5,26.2,22.0,17.5,61.7,0.146,0.031,0.518,3.64,3.64,0.218,Kharif,None,0.276,2017.0,0.414,0.54,0.015,0
FARM-475,Narayan Yadav,Mandya,Karnataka,12.971,76.8392,Maize,8.74,67.4,8.0,25.0,36.5,75.2,0.694,0.232,0.52,3.81,4.12,0.476,Kharif,None,0.391,2133.0,0.316,0.52,0.8316,1
FARM-476,Raju Bishnoi,Muzaffarpur,Bihar,26.1882,85.337,Wheat,3.35,47.8,19.2,27.2,36.1,66.5,0.549,0.597,0.33,3.91,4.19,0.225,Rabi,Partial,0.446,2517.0,0.228,0.539,0.6795,1
FARM-477,Rekha Verma,Hisar,Haryana,29.1,75.7402,Mustard,3.74,52.0,50.0,25.1,107.6,59.9,0.472,0.306,0.499,1.03,0.99,0.3,Rabi,Good,0.475,5116.0,0.196,0.627,0.1868,0
FARM-478,Bhagwan Sharma,Madurai,Tamil Nadu,9.8996,77.9849,Sugarcane,2.04,57.1,43.6,27.4,161.2,64.8,0.502,0.069,0.488,96.31,102.1,0.25,Annual,Good,0.28,363.0,0.142,0.555,0.0788,0
FARM-479,Kamla Kumar,Bathinda,Punjab,30.0966,74.8593,Cotton,1.01,75.6,28.6,24.3,14.1,55.2,0.224,0.168,0.602,1.4,1.54,0.457,Kharif,Good,0.234,5825.0,0.256,0.679,0.1172,0
FARM-480,Sohan Gowda,Kurnool,Andhra Pradesh,16.0004,77.9597,Rice,2.0,74.3,30.8,33.1,36.5,69.6,0.579,0.596,0.461,3.7,3.73,0.188,Kharif,Partial,0.302,2386.0,0.243,0.539,0.627,1
FARM-481,Dinesh Kumar,Surat,Gujarat,21.1823,72.7714,Wheat,1.29,37.7,20.8,30.6,69.4,57.4,0.701,0.195,0.235,3.9,4.03,0.324,Rabi,None,0.433,2193.0,0.392,0.384,0.7314,1
FARM-482,Babu Das,Dharwad,Karnataka,15.2442,74.868,Maize,1.94,66.0,41.4,25.7,157.9,81.4,0.342,0.544,0.579,4.62,4.63,0.625,Kharif,None,0.253,1987.0,0.375,0.322,0.6526,1
FARM-483,Kishan Murugan,Thanjavur,Tamil Nadu,10.7754,79.3731,Cotton,1.22,58.9,20.8,29.2,101.0,47.6,0.531,0.141,0.445,1.29,1.34,0.431,Kharif,None,0.238,6673.0,0.278,0.397,0.4241,1
FARM-484,Gurpreet Jadhav,Bardhaman,West Bengal,23.109,87.7225,Rice,10.01,61.1,14.6,25.1,61.9,69.4,0.524,0.432,0.272,4.02,4.15,0.441,Kharif,None,0.511,2223.0,0.385,0.421,0.97,1
FARM-485,Kavita Mondal,Karnal,Haryana,29.4776,77.0292,Rice,1.71,60.3,37.3,28.6,61.7,51.5,0.281,0.046,0.458,2.53,2.59,0.269,Kharif,Good,0.298,2249.0,0.129,0.617,0.1068,0
FARM-486,Mohan Singh,Thanjavur,Tamil Nadu,10.9798,79.027,Cotton,3.5,63.8,35.1,27.6,27.2,75.6,0.277,0.181,0.541,2.26,2.28,0.52,Kharif,Good,0.484,6136.0,0.066,0.623,0.2251,0
FARM-487,Geeta Reddy,Bathinda,Punjab,30.0731,74.8972,Wheat,2.66,57.0,27.3,27.4,48.0,67.3,0.535,0.092,0.297,4.51,4.55,0.279,Rabi,Good,0.444,2118.0,0.532,0.607,0.1838,0
FARM-488,Shanti Patil,Murshidabad,West Bengal,24.0804,88.261,Rice,3.31,84.2,48.5,26.9,207.7,69.9,0.018,0.686,0.545,4.6,5.08,0.332,Kharif,None,0.463,2101.0,0.766,0.437,0.2806,0
FARM-489,Shanti Yadav,Nashik,Maharashtra,20.107,73.6515,Rice,1.19,49.2,19.7,27.3,43.3,50.4,0.432,0.367,0.354,2.77,2.71,0.501,Kharif,None,0.127,2440.0,0.21,0.344,0.8123,1
FARM-490,Sanjay Sharma,Muzaffarpur,Bihar,26.1054,85.2771,Rice,11.52,75.4,22.8,29.7,30.8,64.8,0.336,0.603,0.482,4.68,4.95,0.323,Kharif,None,0.401,2015.0,0.257,0.465,0.9394,1
FARM-491,Gurpreet Deshmukh,Belagavi,Karnataka,15.7918,74.4802,Pulses,1.24,48.3,26.4,25.6,107.8,60.2,0.726,0.227,0.521,1.17,1.22,0.669,Rabi,None,0.552,6816.0,0.256,0.351,0.9125,1
FARM-492,Vijay Murugan,Ludhiana,Punjab,30.8002,75.8497,Wheat,3.7,85.5,25.0,24.4,54.0,54.9,0.387,0.312,0.197,4.29,4.0,0.295,Rabi,Partial,0.368,2325.0,0.138,0.511,0.01,0
FARM-493,Laxman Jat,Gorakhpur,Uttar Pradesh,26.6315,83.3566,Wheat,1.95,77.0,40.9,31.2,62.0,60.1,0.231,0.394,0.424,4.78,5.02,0.266,Rabi,Good,0.593,2238.0,0.108,0.571,0.1326,0
FARM-494,Pushpa Ghosh,Mysuru,Karnataka,12.4323,76.8362,Rice,1.53,67.0,34.8,27.5,52.5,67.4,0.432,0.222,0.253,5.27,5.13,0.507,Kharif,Good,0.499,1955.0,0.231,0.634,0.1869,0
FARM-495,Geeta Kumar,Murshidabad,West Bengal,23.9526,88.6183,Rice,2.31,45.2,19.5,27.6,83.6,74.9,0.518,0.441,0.458,3.34,3.14,0.349,Kharif,Partial,0.302,2274.0,0.259,0.586,0.6967,1
FARM-496,Narayan Yadav,Gwalior,Madhya Pradesh,26.2929,78.198,Mustard,3.16,71.9,40.0,29.4,79.3,67.3,0.452,0.312,0.265,1.91,2.01,0.624,Rabi,Good,0.322,5323.0,0.169,0.586,0.0186,0
FARM-497,Bhagwan Gowda,Amritsar,Punjab,31.6785,74.6792,Rice,2.06,61.7,31.2,21.5,68.7,62.5,0.405,0.398,0.34,4.38,4.46,0.543,Kharif,Partial,0.514,2079.0,0.257,0.518,0.705,1
FARM-498,Meena Yadav,Dharwad,Karnataka,15.5388,75.0854,Pulses,5.37,49.9,24.9,24.6,65.7,45.2,0.42,0.488,0.29,1.09,1.13,0.76,Rabi,None,0.49,6356.0,0.107,0.389,0.8134,1
FARM-499,Mahesh Bishnoi,Bardhaman,West Bengal,23.1529,87.792,Mustard,4.53,50.8,44.1,28.0,163.5,78.9,0.437,0.651,0.557,1.01,1.01,0.364,Rabi,Good,0.371,5746.0,0.319,0.659,0.3559,0
FARM-500,Suresh Rathore,Salem,Tamil Nadu,11.4959,78.139,Rice,2.89,48.7,46.1,28.5,147.8,66.7,0.328,0.341,0.303,3.64,3.61,0.624,Kharif,Good,0.338,2213.0,0.299,0.535,0.1885,0
FARM-501,Rekha Jat,Nizamabad,Telangana,18.7593,78.245,Maize,1.43,61.9,39.3,25.4,104.9,56.7,0.41,0.249,0.445,3.91,3.9,0.379,Kharif,Partial,0.654,2028.0,0.196,0.565,0.3228,0
FARM-502,Shankar Chauhan,Bikaner,Rajasthan,28.2463,73.5226,Pulses,10.47,67.0,23.9,28.7,26.3,40.1,0.908,0.13,0.33,0.58,0.61,0.477,Rabi,Good,0.418,6756.0,0.259,0.663,0.2365,1
FARM-503,Sunita Sharma,Nizamabad,Telangana,18.375,77.8489,Cotton,4.72,44.1,33.5,25.0,79.5,55.5,0.348,0.185,0.502,1.36,1.27,0.303,Kharif,Good,0.268,6794.0,0.163,0.623,0.0463,0
FARM-504,Pushpa Kumar,Nashik,Maharashtra,19.8776,73.6472,Pulses,2.1,51.5,28.7,25.6,64.2,56.7,0.363,0.217,0.499,0.5,0.52,0.329,Rabi,Partial,0.76,5275.0,0.483,0.47,0.6928,1
FARM-505,Mohan Naidu,Bathinda,Punjab,30.1176,74.9619,Wheat,1.29,67.3,33.7,25.9,46.1,52.6,0.332,0.063,0.143,3.97,3.61,0.496,Rabi,Good,0.505,2502.0,0.075,0.607,0.1044,0
FARM-506,Shankar Kaur,Belagavi,Karnataka,15.6825,74.814,Sugarcane,1.55,48.5,47.4,26.2,156.8,63.5,0.543,0.321,0.679,66.68,67.66,0.361,Annual,Good,0.377,295.0,0.376,0.539,0.4805,1
FARM-507,Shanti Patel,Warangal,Telangana,17.7292,79.4803,Cotton,0.45,49.0,41.8,30.3,48.4,74.3,0.537,0.418,0.814,2.27,2.11,0.465,Kharif,Good,0.757,6102.0,0.187,0.454,0.8945,0
FARM-508,Mohan Gowda,Hooghly,West Bengal,22.9906,88.2659,Rice,1.87,59.5,31.0,29.0,22.4,69.3,0.265,0.637,0.412,5.35,5.59,0.5,Kharif,Good,0.466,2226.0,0.173,0.663,0.4788,1
FARM-509,Sukhwinder Murugan,Agra,Uttar Pradesh,26.9106,78.0169,Sugarcane,1.42,68.8,35.0,29.7,113.1,56.3,0.385,0.57,0.536,67.09,69.36,0.429,Annual,Good,0.684,327.0,0.217,0.581,0.4872,0
FARM-510,Pushpa Ghosh,Karnal,Haryana,29.642,77.4394,Sugarcane,1.1,51.1,45.7,26.4,35.5,57.3,0.11,0.299,0.391,71.32,72.29,0.21,Annual,Good,0.328,354.0,0.164,0.641,0.088,0
FARM-511,Sanjay Rathore,Solapur,Maharashtra,17.7046,75.811,Cotton,3.79,55.6,20.1,29.2,105.4,62.6,0.713,0.179,0.721,2.12,2.37,0.362,Kharif,None,0.303,6576.0,0.269,0.422,0.7071,0
FARM-512,Bhagwan Rathore,Mandya,Karnataka,12.5819,76.6814,Maize,3.88,75.6,42.4,27.2,128.5,59.6,0.597,0.28,0.424,4.21,4.35,0.434,Kharif,Good,0.364,2156.0,0.216,0.684,0.0889,0
FARM-513,Sunil Rathore,Kota,Rajasthan,25.5003,76.0462,Mustard,0.48,34.5,19.7,29.4,27.8,20.0,0.663,0.109,0.022,0.95,0.93,0.295,Rabi,Good,0.213,5818.0,0.156,0.591,0.1652,0
FARM-514,Kamla Jadhav,Jodhpur,Rajasthan,26.2265,72.7594,Pulses,1.4,54.3,34.9,30.1,42.1,40.6,0.57,0.14,0.415,0.71,0.72,0.225,Rabi,Good,0.141,6945.0,0.269,0.631,0.0445,0
FARM-515,Geeta Mondal,Indore,Madhya Pradesh,22.7519,75.6728,Wheat,0.72,66.3,34.0,23.6,136.3,68.4,0.21,0.349,0.085,4.48,4.65,0.44,Rabi,None,0.58,2126.0,0.635,0.337,0.4063,1
FARM-516,Radha Choudhary,Murshidabad,West Bengal,24.0025,88.0919,Rice,0.84,65.7,40.0,31.1,117.4,80.2,0.536,0.591,0.591,2.82,3.0,0.189,Kharif,Good,0.395,2703.0,0.65,0.637,0.5117,0
FARM-517,Rajinder Gowda,Krishna,Andhra Pradesh,16.5981,80.6183,Maize,3.18,70.0,32.4,30.6,28.0,69.7,0.601,0.609,0.594,2.77,3.0,0.374,Kharif,Good,0.542,2261.0,0.334,0.77,0.5332,0
FARM-518,Babu Verma,Patiala,Punjab,30.233,76.3129,Rice,1.96,68.6,42.5,20.1,53.0,43.1,0.183,0.364,0.385,3.49,3.9,0.344,Kharif,Good,0.348,2298.0,0.061,0.628,0.0425,0
FARM-519,Shankar Kaur,Mysuru,Karnataka,12.4917,76.6552,Sugarcane,1.52,47.7,34.7,27.0,139.1,59.5,0.558,0.263,0.284,95.4,98.49,0.315,Annual,Partial,0.457,373.0,0.329,0.396,0.508,1
FARM-520,Prakash Jadhav,Dharwad,Karnataka,15.6124,75.0174,Rice,2.24,60.6,24.2,26.4,94.5,52.4,0.453,0.171,0.261,4.1,4.35,0.703,Kharif,None,0.258,2139.0,0.277,0.363,0.6649,0
FARM-521,Lakshmi Verma,Ahmedabad,Gujarat,22.991,72.6504,Sugarcane,1.69,60.7,33.6,28.5,41.3,60.0,0.474,0.145,0.681,69.96,70.32,0.412,Annual,Good,0.236,373.0,0.207,0.661,0.3317,0
FARM-522,Radha Choudhary,Surat,Gujarat,21.092,73.2034,Cotton,10.91,51.4,30.4,31.4,58.5,45.2,0.505,0.48,0.741,1.96,2.03,0.613,Kharif,None,0.638,7259.0,0.354,0.373,0.8719,1
FARM-523,Savita Bishnoi,Murshidabad,West Bengal,24.0698,88.156,Rice,1.65,73.1,52.8,27.0,153.4,82.2,0.153,0.586,0.509,3.71,3.83,0.517,Kharif,Partial,0.373,2317.0,0.123,0.446,0.2341,0
FARM-524,Sunil Reddy,Ludhiana,Punjab,31.0978,75.6887,Wheat,2.02,56.1,40.2,26.3,96.9,70.5,0.075,0.243,0.315,3.45,3.54,0.199,Rabi,Good,0.274,2163.0,0.205,0.676,0.0553,0
FARM-525,Kishan Deshmukh,Amritsar,Punjab,31.4183,74.8645,Rice,5.06,79.5,31.7,26.5,110.3,53.6,0.397,0.164,0.297,5.17,4.86,0.615,Kharif,None,0.172,2255.0,0.43,0.433,0.1645,0
FARM-526,Anita Rathore,Salem,Tamil Nadu,11.8672,77.8892,Rice,3.12,65.9,38.8,27.2,53.3,81.3,0.315,0.305,0.726,3.79,4.08,0.465,Kharif,Good,0.11,2345.0,0.437,0.754,0.2086,0
FARM-527,Narayan Choudhary,Raichur,Karnataka,16.5671,77.2279,Sugarcane,2.32,65.0,28.6,29.2,65.9,64.1,0.355,0.195,0.487,82.49,86.72,0.62,Annual,Partial,0.789,371.0,0.246,0.425,0.8303,1
FARM-528,Sunil Rao,Bathinda,Punjab,30.0699,74.8737,Wheat,3.02,72.0,36.6,26.1,47.7,59.5,0.23,0.398,0.24,4.03,4.0,0.265,Rabi,Good,0.376,2456.0,0.492,0.591,0.0467,0
FARM-529,Rajinder Mondal,Meerut,Uttar Pradesh,28.8029,77.4224,Wheat,6.71,60.2,36.9,24.0,58.1,60.1,0.438,0.227,0.372,2.74,3.13,0.447,Rabi,Good,0.342,2288.0,0.354,0.617,0.1429,0
FARM-530,Babu Reddy,Sri Ganganagar,Rajasthan,29.7925,73.8764,Cotton,2.64,64.1,32.6,30.5,26.0,38.2,0.642,0.058,0.736,1.99,2.07,0.307,Kharif,Good,0.478,7258.0,0.228,0.616,0.3321,0
FARM-531,Babu Deshmukh,Hisar,Haryana,29.1348,75.7673,Wheat,2.97,66.1,44.7,23.7,31.4,51.6,0.319,0.212,0.327,5.97,6.0,0.206,Rabi,Good,0.093,2278.0,0.052,0.765,0.0967,0
FARM-532,Suresh Naidu,Bikaner,Rajasthan,28.1645,72.7795,Wheat,2.29,46.5,23.8,26.1,45.5,41.6,0.533,0.209,0.196,4.33,3.87,0.491,Rabi,Partial,0.156,2425.0,0.267,0.49,0.2327,0
FARM-533,Ramesh Chauhan,Nashik,Maharashtra,20.0739,73.7383,Sugarcane,1.54,87.6,19.2,30.2,103.2,62.3,0.707,0.24,0.448,88.9,84.34,0.222,Annual,None,0.165,342.0,0.255,0.517,0.3902,1
FARM-534,Kishan Rathore,Lucknow,Uttar Pradesh,26.6705,80.8374,Rice,3.02,60.4,22.6,29.2,85.2,64.1,0.616,0.535,0.507,3.9,3.83,0.424,Kharif,None,0.219,2528.0,0.269,0.37,0.8811,1
FARM-535,Geeta Sharma,Warangal,Telangana,18.0492,79.4069,Maize,5.96,37.4,30.6,32.4,48.4,58.6,0.591,0.28,0.333,2.96,3.12,0.586,Kharif,Good,0.248,2265.0,0.296,0.575,0.4673,0
FARM-536,Dinesh Murugan,Jodhpur,Rajasthan,26.1053,73.1702,Mustard,1.69,48.6,15.3,28.0,39.9,39.2,0.809,0.22,0.42,1.56,1.65,0.491,Rabi,None,0.327,5516.0,0.323,0.307,0.8535,1
FARM-537,Narayan Sharma,Ahmedabad,Gujarat,23.0205,72.6845,Sugarcane,1.53,61.1,22.8,31.1,75.1,59.4,0.359,0.276,0.328,79.22,82.16,0.619,Annual,None,0.451,327.0,0.095,0.375,0.7896,1
FARM-538,Sunita Choudhary,Solapur,Maharashtra,17.6109,75.9621,Rice,6.56,49.1,41.2,30.4,63.6,57.9,0.266,0.418,0.268,3.09,3.02,0.723,Kharif,Good,0.473,2252.0,0.147,0.62,0.3661,1
FARM-539,Vijay Ghosh,Thanjavur,Tamil Nadu,10.8082,79.0597,Rice,3.68,84.4,22.0,31.5,26.8,65.9,0.521,0.36,0.28,4.61,4.43,0.361,Kharif,Good,0.618,2356.0,0.437,0.648,0.437,1
FARM-540,Bhagwan Pillai,Kurnool,Andhra Pradesh,16.07,77.7579,Maize,3.79,63.9,28.5,25.7,38.8,69.1,0.491,0.28,0.514,3.24,3.42,0.216,Kharif,Partial,0.444,2019.0,0.114,0.604,0.2641,0
FARM-541,Savita Patil,Jodhpur,Rajasthan,26.2915,73.1129,Pulses,2.33,49.5,14.8,29.1,29.3,29.4,0.726,0.263,0.43,1.09,1.24,0.228,Rabi,None,0.384,6845.0,0.52,0.349,0.99,1
FARM-542,Shanti Patel,Warangal,Telangana,17.8577,79.5085,Maize,4.28,44.1,29.1,30.5,69.9,57.7,0.664,0.162,0.462,2.47,2.49,0.582,Kharif,Partial,0.724,2304.0,0.233,0.357,0.8503,1
FARM-543,Sunita Meena,Hooghly,West Bengal,22.9446,88.3821,Rice,6.53,55.6,47.4,27.4,87.1,79.9,0.16,0.461,0.535,3.74,3.65,0.774,Kharif,Good,0.437,2405.0,0.471,0.703,0.3,0
FARM-544,Narayan Rao,Coimbatore,Tamil Nadu,11.359,77.1173,Rice,3.19,56.0,28.0,30.1,54.1,65.3,0.637,0.367,0.541,4.8,4.69,0.832,Kharif,Good,0.46,2363.0,0.619,0.723,0.7909,1
FARM-545,Sanjay Naidu,Bhavnagar,Gujarat,22.0774,72.0649,Cotton,1.7,63.2,25.4,26.2,64.1,45.3,0.372,0.234,0.502,1.27,1.38,0.305,Kharif,None,0.701,7593.0,0.332,0.308,0.7844,1
FARM-546,Anil Choudhary,Dharwad,Karnataka,15.3533,75.1941,Maize,5.07,51.9,35.7,23.5,97.0,70.4,0.237,0.358,0.644,3.44,3.68,0.136,Kharif,Partial,0.39,2301.0,0.305,0.557,0.1518,0
FARM-547,Suresh Yadav,Coimbatore,Tamil Nadu,11.0526,76.8052,Rice,4.06,58.2,17.6,27.9,62.9,73.3,0.672,0.237,0.598,3.66,3.81,0.328,Kharif,None,0.413,2317.0,0.338,0.388,0.99,1
FARM-548,Narayan Jadhav,Gorakhpur,Uttar Pradesh,26.843,83.7201,Wheat,4.77,46.5,32.1,27.4,63.5,61.8,0.386,0.33,0.034,3.74,3.77,0.189,Rabi,Good,0.231,2401.0,0.108,0.585,0.0416,0
FARM-549,Shankar Gowda,Agra,Uttar Pradesh,27.3021,78.1878,Pulses,8.73,67.5,26.2,22.2,77.1,73.1,0.309,0.602,0.53,1.51,1.7,0.155,Rabi,None,0.207,7138.0,0.307,0.526,0.2116,0
FARM-550,Shanti Gowda,Bhopal,Madhya Pradesh,23.3111,77.7554,Wheat,1.21,60.2,25.2,27.1,26.6,56.2,0.409,0.199,0.209,5.1,5.11,0.247,Rabi,None,0.478,2366.0,0.317,0.387,0.4955,0
FARM-551,Anil Naidu,Latur,Maharashtra,18.0703,76.4947,Maize,1.04,71.8,23.8,25.0,40.8,70.0,0.547,0.314,0.491,4.18,4.07,0.309,Kharif,None,0.33,2056.0,0.247,0.462,0.537,1
FARM-552,Ganesh Yadav,Solapur,Maharashtra,17.7777,75.8828,Maize,2.05,54.2,26.2,30.7,36.2,48.1,0.621,0.08,0.66,4.67,5.01,0.535,Kharif,Partial,0.523,2055.0,0.19,0.506,0.8151,1
FARM-553,Harpreet Patel,Thanjavur,Tamil Nadu,10.952,79.1412,Rice,0.99,68.0,43.1,26.2,30.8,82.3,0.343,0.444,0.603,3.75,3.62,0.467,Kharif,Good,0.836,2288.0,0.1,0.618,0.6695,1
FARM-554,Babu Patel,Hisar,Haryana,29.0876,75.7179,Rice,2.83,73.5,32.5,24.1,49.3,55.2,0.447,0.113,0.436,4.25,4.54,0.531,Kharif,Good,0.146,2340.0,0.136,0.851,0.0811,0
FARM-555,Anita Patel,Amritsar,Punjab,31.4994,74.624,Wheat,1.69,66.1,23.7,24.8,51.8,71.9,0.403,0.206,0.094,5.03,5.21,0.256,Rabi,Partial,0.241,2317.0,0.486,0.625,0.1013,0
FARM-556,Suresh Naidu,Gorakhpur,Uttar Pradesh,26.6944,83.2906,Sugarcane,0.56,62.5,27.0,28.4,55.0,78.9,0.519,0.301,0.495,64.65,65.91,0.569,Annual,Partial,0.101,330.0,0.476,0.534,0.6082,1
FARM-557,Mohan Choudhary,Bhopal,Madhya Pradesh,23.2676,77.4322,Wheat,1.57,69.6,19.8,23.6,59.2,46.8,0.504,0.297,0.297,4.28,4.51,0.284,Rabi,None,0.444,2463.0,0.118,0.412,0.2924,1
FARM-558,Ganesh Yadav,Amritsar,Punjab,31.9072,74.6358,Rice,1.93,93.1,39.0,30.0,62.4,65.0,0.318,0.059,0.589,5.15,5.24,0.464,Kharif,Good,0.272,2424.0,0.03,0.805,0.01,0
FARM-559,Prakash Patil,Patiala,Punjab,30.4172,76.264,Wheat,1.29,74.8,30.3,24.5,31.6,77.5,0.357,0.095,0.315,4.65,4.94,0.237,Rabi,Good,0.234,2325.0,0.221,0.617,0.01,0
FARM-560,Sunil Jat,Ujjain,Madhya Pradesh,23.602,75.7434,Wheat,4.67,63.8,46.1,26.5,194.7,64.6,0.468,0.247,0.464,4.84,4.83,0.315,Rabi,Good,0.504,2068.0,0.259,0.66,0.1978,0
FARM-561,Gurpreet Patil,Mysuru,Karnataka,12.459,76.6944,Rice,1.99,76.9,23.8,30.1,101.7,62.8,0.54,0.155,0.249,4.81,4.85,0.421,Kharif,None,0.395,2552.0,0.158,0.535,0.2788,0
FARM-562,Lakshmi Mondal,Kota,Rajasthan,25.2681,75.8371,Mustard,5.43,50.6,13.2,26.1,17.3,34.2,0.547,0.325,0.315,1.22,1.27,0.373,Rabi,None,0.588,5893.0,0.243,0.372,0.8386,0
FARM-563,Mohan Patil,Kota,Rajasthan,25.2673,75.7597,Pulses,6.03,54.7,25.3,29.5,21.2,38.2,0.38,0.303,0.378,0.83,0.91,0.584,Rabi,None,0.101,5946.0,0.283,0.412,0.378,0
FARM-564,Harpreet Verma,Kolhapur,Maharashtra,16.8761,74.1357,Maize,7.77,47.3,34.7,29.1,111.5,54.1,0.664,0.42,0.508,3.4,3.02,0.543,Kharif,Good,0.298,1767.0,0.374,0.596,0.4217,0
FARM-565,Kishan Singh,Agra,Uttar Pradesh,27.0021,77.715,Pulses,4.13,59.4,29.7,28.6,58.0,61.0,0.458,0.51,0.459,0.66,0.72,0.412,Rabi,Good,0.743,6231.0,0.629,0.601,0.6046,1
FARM-566,Shankar Kumar,Jodhpur,Rajasthan,26.4238,72.9912,Pulses,2.57,53.2,30.2,27.3,26.3,43.2,0.509,0.024,0.21,0.9,0.93,0.182,Rabi,Good,0.285,6257.0,0.306,0.592,0.0473,0
FARM-567,Mahesh Murugan,Thanjavur,Tamil Nadu,10.4732,79.0119,Cotton,4.4,68.1,29.4,26.7,48.1,69.1,0.294,0.312,0.601,2.54,2.72,0.299,Kharif,Partial,0.461,6812.0,0.193,0.514,0.3283,1
FARM-568,Raju Pillai,Darbhanga,Bihar,25.868,85.5727,Rice,0.4,64.2,39.8,26.0,99.6,72.8,0.28,0.708,0.52,4.21,4.61,0.39,Kharif,Good,0.748,2171.0,0.219,0.751,0.4685,1
FARM-569,Lakshmi Sharma,Murshidabad,West Bengal,23.9509,88.1139,Rice,1.9,50.6,33.1,26.8,111.9,79.2,0.347,0.399,0.393,3.7,3.62,0.163,Kharif,None,0.086,2076.0,0.073,0.303,0.2155,1
FARM-570,Radha Singh,Bardhaman,West Bengal,23.286,87.7708,Maize,1.79,63.3,26.6,28.3,65.3,79.7,0.43,0.649,0.707,2.89,2.99,0.59,Kharif,Partial,0.186,2152.0,0.142,0.452,0.693,1
FARM-571,Rekha Yadav,Kolhapur,Maharashtra,17.0172,74.2177,Maize,2.37,50.9,36.8,26.3,127.8,50.6,0.357,0.361,0.209,3.97,4.48,0.306,Kharif,Partial,0.407,2103.0,0.505,0.462,0.4,0
FARM-572,Narayan Reddy,Agra,Uttar Pradesh,27.3424,78.2232,Rice,1.75,82.9,29.9,25.9,129.2,76.6,0.19,0.466,0.397,3.8,3.97,0.483,Kharif,None,0.406,2014.0,0.185,0.491,0.0966,1
FARM-573,Suresh Kumar,Bardhaman,West Bengal,23.4428,87.8021,Rice,2.14,71.6,42.2,29.3,179.1,84.7,0.115,0.603,0.823,3.73,3.87,0.265,Kharif,None,0.433,2333.0,0.312,0.513,0.2661,1
FARM-574,Rajinder Patil,Ludhiana,Punjab,31.0487,75.5896,Wheat,3.3,60.7,25.9,23.8,52.6,49.6,0.44,0.301,0.332,4.44,4.51,0.494,Rabi,None,0.54,2576.0,0.31,0.367,0.6948,0
FARM-575,Gurpreet Choudhary,Hisar,Haryana,28.9198,75.4912,Wheat,2.09,59.1,23.2,25.8,49.0,50.8,0.456,0.35,0.297,4.72,4.69,0.244,Rabi,None,0.313,2312.0,0.275,0.582,0.3595,0
FARM-576,Kishan Naidu,Sri Ganganagar,Rajasthan,30.0763,73.7274,Wheat,9.76,56.8,25.7,28.1,30.2,38.4,0.392,0.122,0.177,4.92,5.07,0.322,Rabi,Good,0.356,2237.0,0.438,0.67,0.01,0
FARM-577,Anita Pillai,Hisar,Haryana,29.1326,75.8939,Wheat,5.03,66.6,33.3,26.4,50.3,68.5,0.127,0.194,0.283,4.35,4.56,0.544,Rabi,Partial,0.735,2602.0,0.0,0.408,0.2422,1
FARM-578,Manoj Pillai,Sirsa,Haryana,29.6358,74.978,Cotton,5.46,66.2,42.8,22.6,85.6,59.5,0.146,0.17,0.667,2.63,2.76,0.501,Kharif,Good,0.309,6689.0,0.312,0.679,0.0144,0
FARM-579,Geeta Meena,Bikaner,Rajasthan,28.3277,73.1872,Mustard,0.75,50.3,21.1,31.2,16.1,51.5,0.465,0.0,0.405,1.59,1.75,0.555,Rabi,None,0.402,5749.0,0.311,0.24,0.7618,0
FARM-580,Mohan Bishnoi,Jodhpur,Rajasthan,26.4757,72.8645,Wheat,1.62,68.2,8.0,27.6,21.7,32.7,0.85,0.1,0.359,4.39,4.11,0.275,Rabi,None,0.524,2370.0,0.443,0.421,0.9293,1
FARM-581,Manoj Das,Bhopal,Madhya Pradesh,23.2944,77.4451,Wheat,1.56,66.5,12.0,24.5,41.9,62.5,0.602,0.328,0.311,6.06,6.02,0.312,Rabi,None,0.179,2363.0,0.596,0.436,0.6634,1
FARM-582,Lakshmi Chauhan,Sirsa,Haryana,29.6563,75.2751,Rice,2.35,57.6,30.8,23.7,51.3,57.1,0.5,0.166,0.44,2.76,2.79,0.432,Kharif,Good,0.294,2511.0,0.179,0.722,0.1457,0
FARM-583,Sunil Patel,Nizamabad,Telangana,18.7515,77.7799,Cotton,3.8,52.9,26.1,29.8,36.4,44.5,0.564,0.243,0.687,2.08,2.15,0.489,Kharif,Good,0.615,7273.0,0.231,0.523,0.7206,1
FARM-584,Prakash Patil,Jalandhar,Punjab,31.2153,75.1718,Rice,0.79,78.6,27.5,29.9,13.5,58.7,0.519,0.291,0.279,4.2,4.44,0.572,Kharif,Good,0.496,2561.0,0.135,0.714,0.2843,1
FARM-585,Babu Patel,Varanasi,Uttar Pradesh,25.6266,83.1347,Wheat,1.79,54.1,43.0,27.4,132.0,42.4,0.467,0.648,0.36,4.56,4.7,0.339,Rabi,Good,0.64,2274.0,0.625,0.63,0.5591,0
FARM-586,Harpreet Chauhan,Lucknow,Uttar Pradesh,26.7861,81.0287,Rice,2.79,62.5,24.2,29.3,66.0,58.9,0.102,0.411,0.33,3.78,4.12,0.484,Kharif,Partial,0.371,2346.0,0.24,0.532,0.2922,0
FARM-587,Laxman Rao,Nadia,West Bengal,23.6649,88.6523,Rice,3.82,66.0,43.9,29.2,134.0,86.4,0.322,0.405,0.424,4.33,4.42,0.623,Kharif,Good,0.354,2386.0,0.468,0.665,0.26,0
FARM-588,Geeta Deshmukh,Ludhiana,Punjab,30.9081,75.9936,Rice,1.85,74.8,36.3,21.5,49.9,62.1,0.105,0.221,0.558,4.14,4.04,0.089,Kharif,Good,0.152,2475.0,0.038,0.765,0.01,0
FARM-589,Anita Rao,Dharwad,Karnataka,15.619,74.8687,Sugarcane,1.8,58.0,31.0,27.0,27.6,54.8,0.685,0.114,0.16,74.62,75.26,0.335,Annual,Good,0.181,388.0,0.243,0.719,0.085,0
FARM-590,Lakshmi Reddy,Belagavi,Karnataka,15.8381,74.5554,Maize,0.95,54.3,26.0,24.1,79.7,61.0,0.522,0.301,0.468,2.96,3.2,0.241,Kharif,None,0.64,1944.0,0.157,0.298,0.7164,1
FARM-591,Sunil Jat,Bhopal,Madhya Pradesh,23.2288,77.5731,Mustard,1.8,45.9,39.9,23.5,153.2,41.1,0.742,0.33,0.451,1.81,1.81,0.27,Rabi,Good,0.254,5471.0,0.205,0.647,0.2661,1
FARM-592,Rajinder Bishnoi,Bikaner,Rajasthan,28.0904,73.6396,Wheat,2.04,69.4,47.1,30.9,51.5,35.2,0.459,0.284,0.145,4.86,4.73,0.138,Rabi,Good,0.152,2419.0,0.321,0.775,0.01,0
FARM-593,Anil Gowda,Khammam,Telangana,16.9853,80.0025,Cotton,1.77,59.7,38.0,31.6,98.8,56.9,0.412,0.389,0.36,2.88,2.99,0.317,Kharif,Good,0.311,7024.0,0.254,0.622,0.1336,0
FARM-594,Kavita Singh,Karnal,Haryana,29.561,76.8577,Wheat,1.16,68.5,37.4,28.6,47.1,46.8,0.253,0.237,0.112,4.61,4.76,0.418,Rabi,Good,0.319,2280.0,0.35,0.628,0.0241,0
FARM-595,Kamla Meena,Rohtak,Haryana,28.5485,76.4828,Wheat,1.37,63.3,43.7,25.2,30.4,44.9,0.516,0.354,0.369,4.81,4.79,0.354,Rabi,Good,0.733,1999.0,0.152,0.499,0.4077,0
FARM-596,Prakash Reddy,Surat,Gujarat,21.1578,73.0975,Cotton,1.9,59.7,35.2,28.4,61.9,56.3,0.527,0.455,0.615,2.88,3.01,0.562,Kharif,Good,0.827,6692.0,0.496,0.607,0.8291,1
FARM-597,Laxman Sharma,Lucknow,Uttar Pradesh,26.8444,80.9861,Wheat,4.08,72.3,28.3,27.2,46.1,65.7,0.458,0.312,0.284,4.64,4.58,0.485,Rabi,Good,0.529,2260.0,0.101,0.703,0.1441,0
FARM-598,Ramesh Reddy,Bhopal,Madhya Pradesh,23.269,77.4506,Wheat,1.84,71.0,34.4,21.7,99.1,39.8,0.352,0.142,0.0,3.05,3.06,0.331,Rabi,None,0.445,2505.0,0.243,0.431,0.1237,0
FARM-599,Rajinder Yadav,Indore,Madhya Pradesh,22.6012,76.0139,Pulses,3.82,55.6,32.9,26.6,149.5,43.2,0.556,0.356,0.349,1.37,1.42,0.339,Rabi,None,0.489,6194.0,0.232,0.472,0.4661,1
FARM-600,Shankar Ghosh,Latur,Maharashtra,18.3358,76.43,Cotton,2.92,71.5,22.1,30.3,131.1,55.7,0.61,0.32,0.661,1.98,1.85,0.194,Kharif,None,0.34,7159.0,0.516,0.489,0.5908,0
FARM-601,Anita Patil,Bikaner,Rajasthan,27.8146,73.0756,Wheat,4.04,42.9,30.1,29.0,40.8,34.4,0.597,0.077,0.05,4.42,4.42,0.529,Rabi,Good,0.606,2343.0,0.209,0.56,0.2238,1
FARM-602,Narayan Meena,Muzaffarpur,Bihar,25.9915,85.3135,Pulses,2.07,81.3,34.4,31.1,13.3,77.6,0.187,0.765,0.706,1.0,0.99,0.357,Rabi,Good,0.148,5950.0,0.447,0.833,0.2205,0
FARM-603,Shankar Kumar,Lucknow,Uttar Pradesh,26.7704,81.0417,Sugarcane,1.35,63.2,42.9,25.5,85.8,53.0,0.338,0.401,0.489,82.97,80.4,0.574,Annual,Good,0.138,289.0,0.294,0.658,0.1307,0
FARM-604,Anita Reddy,Lucknow,Uttar Pradesh,26.8629,81.2217,Wheat,4.98,58.0,37.2,26.7,43.1,60.2,0.154,0.341,0.234,4.03,4.04,0.21,Rabi,Good,0.069,2466.0,0.443,0.794,0.0917,0
FARM-605,Vijay Sharma,Indore,Madhya Pradesh,22.7108,75.872,Rice,5.09,69.9,55.1,26.5,211.6,42.1,0.32,0.245,0.464,5.95,5.76,0.514,Kharif,Good,0.608,2101.0,0.341,0.574,0.2409,0
FARM-606,Mohan Mondal,Salem,Tamil Nadu,11.494,77.9646,Maize,2.34,62.7,33.6,29.8,109.6,62.1,0.451,0.203,0.266,3.33,3.36,0.574,Kharif,Good,0.256,2095.0,0.355,0.706,0.1064,0
FARM-607,Laxman Pillai,Nashik,Maharashtra,20.0128,73.6426,Rice,8.08,75.3,20.0,29.5,70.9,65.4,0.649,0.532,0.426,5.09,5.14,0.92,Kharif,None,0.382,2179.0,0.292,0.483,0.9242,1
FARM-608,Anita Jadhav,Bathinda,Punjab,30.7264,74.6222,Rice,2.08,92.2,23.7,22.6,53.1,56.6,0.289,0.314,0.373,4.38,4.62,0.157,Kharif,Partial,0.058,2255.0,0.211,0.746,0.0306,0
FARM-609,Babu Deshmukh,Salem,Tamil Nadu,12.1096,78.183,Sugarcane,2.32,63.3,59.6,25.5,159.7,87.3,0.421,0.325,0.194,82.18,86.85,0.2,Annual,Good,0.512,359.0,0.26,0.678,0.041,0
FARM-610,Harpreet Gowda,Guntur,Andhra Pradesh,16.2379,80.114,Pulses,2.19,35.4,22.8,24.1,61.3,62.5,0.214,0.523,0.338,1.03,1.07,0.374,Rabi,None,0.511,6420.0,0.135,0.426,0.5913,0
FARM-611,Lakshmi Rathore,Nagpur,Maharashtra,21.2395,79.0965,Rice,8.39,68.0,37.2,26.3,34.2,65.9,0.402,0.12,0.504,4.13,4.23,0.224,Kharif,Good,0.501,2280.0,0.484,0.734,0.1361,0
FARM-612,Savita Patel,Anantapur,Andhra Pradesh,14.4756,77.7553,Pulses,9.15,64.1,30.7,27.6,51.9,69.4,0.567,0.207,0.434,0.79,0.81,0.349,Rabi,Partial,0.603,5779.0,0.231,0.566,0.2961,0
FARM-613,Babu Kumar,Salem,Tamil Nadu,11.9044,78.0111,Maize,1.45,75.1,30.7,24.8,134.4,67.4,0.537,0.299,0.381,3.15,3.01,0.297,Kharif,None,0.335,2081.0,0.412,0.499,0.305,0
FARM-614,Kamla Murugan,Madurai,Tamil Nadu,9.9122,78.1549,Rice,5.34,64.3,29.7,29.7,37.5,74.1,0.652,0.331,0.333,4.65,4.73,0.517,Kharif,Good,0.448,2338.0,0.396,0.744,0.3593,1
FARM-615,Mahesh Verma,Bhopal,Madhya Pradesh,22.9955,77.4631,Pulses,5.2,65.9,38.5,27.8,125.4,38.0,0.785,0.391,0.399,1.24,1.29,0.532,Rabi,Good,0.363,6426.0,0.412,0.588,0.4044,0
FARM-616,Rajinder Singh,Raichur,Karnataka,16.5161,77.3145,Cotton,2.52,65.8,24.3,26.7,58.7,74.7,0.403,0.22,0.619,1.93,1.98,0.559,Kharif,Partial,0.287,6983.0,0.619,0.584,0.5318,1
FARM-617,Babu Rao,Gwalior,Madhya Pradesh,26.3428,78.2734,Wheat,1.96,62.3,19.5,26.8,97.2,47.6,0.653,0.182,0.288,4.68,4.55,0.436,Rabi,None,0.43,2524.0,0.382,0.375,0.6712,1
FARM-618,Savita Kumar,Amritsar,Punjab,31.869,74.7573,Wheat,1.19,81.4,34.7,26.7,32.9,63.4,0.377,0.379,0.391,5.89,5.55,0.33,Rabi,Good,0.372,2161.0,0.242,0.703,0.0537,0
FARM-619,Geeta Naidu,Mysuru,Karnataka,12.3212,76.6315,Sugarcane,2.78,40.6,45.1,25.0,99.6,80.8,0.416,0.172,0.425,82.18,79.97,0.361,Annual,Good,0.14,366.0,0.581,0.692,0.115,0
FARM-620,Sanjay Jat,Surat,Gujarat,20.8644,72.9352,Cotton,0.76,60.0,29.2,27.9,106.0,61.2,0.649,0.458,0.428,0.67,0.72,0.283,Kharif,None,0.436,7231.0,0.249,0.349,0.8164,1
FARM-621,Vijay Choudhary,Ludhiana,Punjab,30.8371,75.9512,Cotton,3.61,78.8,46.3,24.5,85.1,58.2,0.086,0.179,0.735,1.82,1.97,0.298,Kharif,Good,0.138,6270.0,0.187,0.67,0.0461,0
FARM-622,Ramesh Ghosh,Murshidabad,West Bengal,24.2417,88.1941,Pulses,5.45,61.8,26.9,30.9,141.9,74.4,0.367,0.494,0.641,1.45,1.48,0.646,Rabi,None,0.304,6973.0,0.248,0.448,0.5577,1
FARM-623,Prakash Chauhan,Karnal,Haryana,29.8449,77.2528,Mustard,4.17,83.1,27.9,23.8,39.3,61.9,0.512,0.161,0.49,1.32,1.35,0.211,Rabi,Good,0.158,5933.0,0.527,0.726,0.01,0
FARM-624,Geeta Patil,Aurangabad,Maharashtra,19.9887,75.5336,Sugarcane,2.43,70.3,35.3,25.3,154.7,38.8,0.734,0.384,0.403,78.71,73.75,0.375,Annual,None,0.427,321.0,0.407,0.554,0.5486,1
FARM-625,Sunita Chauhan,Gaya,Bihar,24.9572,85.3934,Wheat,3.23,57.6,37.6,28.3,45.6,79.0,0.227,0.461,0.442,4.38,4.35,0.165,Rabi,Good,0.354,1967.0,0.208,0.722,0.048,0
FARM-626,Suresh Choudhary,Dharwad,Karnataka,15.3999,74.7368,Maize,3.11,52.8,16.0,27.6,84.0,55.3,0.462,0.283,0.383,3.07,2.99,0.537,Kharif,None,0.145,2235.0,0.751,0.535,0.559,1
FARM-627,Sanjay Pillai,Agra,Uttar Pradesh,27.0082,78.242,Rice,6.17,52.3,31.2,27.4,44.1,73.8,0.188,0.177,0.833,3.38,3.57,0.268,Kharif,Good,0.236,2186.0,0.312,0.643,0.163,0
FARM-628,Radha Patil,Indore,Madhya Pradesh,22.7477,75.6936,Wheat,2.03,66.0,47.7,26.0,104.3,48.7,0.282,0.16,0.253,5.44,5.33,0.389,Rabi,Good,0.418,2625.0,0.312,0.548,0.0968,0
FARM-629,Mohan Gowda,Mandya,Karnataka,12.3949,76.7197,Pulses,1.67,46.2,24.4,26.0,97.7,60.7,0.412,0.301,0.41,0.84,0.78,0.548,Rabi,None,0.58,7033.0,0.417,0.261,0.7902,1
FARM-630,Shanti Reddy,Bathinda,Punjab,30.4543,74.877,Mustard,1.31,80.4,47.8,29.6,49.0,77.2,0.359,0.408,0.501,2.02,1.95,0.346,Rabi,Good,0.314,5906.0,0.608,0.563,0.2053,0
FARM-631,Shanti Patil,Ujjain,Madhya Pradesh,23.1666,75.5791,Pulses,2.01,51.3,18.5,22.2,36.7,61.6,0.716,0.133,0.525,1.11,1.09,0.107,Rabi,None,0.278,6623.0,0.272,0.43,0.5175,0
FARM-632,Mohan Patil,Indore,Madhya Pradesh,23.0271,75.9062,Pulses,0.69,83.3,27.5,26.0,75.9,62.4,0.267,0.526,0.402,1.21,1.17,0.744,Rabi,None,0.346,7352.0,0.559,0.609,0.4007,0
FARM-633,Sohan Choudhary,Warangal,Telangana,18.0244,79.7524,Maize,1.96,55.7,21.8,27.6,81.9,61.5,0.491,0.156,0.186,3.76,3.87,0.248,Kharif,None,0.398,2177.0,0.388,0.459,0.2553,0
FARM-634,Pushpa Patel,Bikaner,Rajasthan,27.836,73.1514,Pulses,2.42,50.7,19.5,28.5,19.5,44.3,0.812,0.283,0.409,1.29,1.37,0.369,Rabi,Good,0.409,6753.0,0.66,0.601,0.7414,1
FARM-635,Rekha Patel,Meerut,Uttar Pradesh,28.8399,77.746,Rice,2.17,58.5,25.6,31.3,54.4,75.5,0.43,0.22,0.592,4.53,4.35,0.38,Kharif,None,0.401,2675.0,0.127,0.517,0.6988,1
FARM-636,Geeta Rao,Madurai,Tamil Nadu,10.0809,77.6917,Sugarcane,4.25,26.8,47.9,30.6,111.8,58.8,0.297,0.393,0.524,82.29,85.87,0.245,Annual,Good,0.3,351.0,0.107,0.477,0.2421,0
FARM-637,Mahesh Ghosh,Nagpur,Maharashtra,21.2279,79.0924,Maize,7.65,64.5,28.7,28.2,90.7,51.1,0.348,0.045,0.524,2.97,2.86,0.295,Kharif,None,0.074,1682.0,0.141,0.502,0.0249,0
FARM-638,Sanjay Chauhan,Belagavi,Karnataka,15.8298,74.8411,Sugarcane,1.25,46.2,20.4,28.1,134.8,53.5,0.509,0.396,0.784,82.52,78.74,0.466,Annual,None,0.466,363.0,0.132,0.248,0.8964,1
FARM-639,Vijay Jat,Bhavnagar,Gujarat,21.3725,72.2782,Cotton,2.11,56.1,34.0,32.2,48.0,66.8,0.388,0.101,0.729,1.6,1.73,0.146,Kharif,Good,0.107,7058.0,0.384,0.755,0.0943,0
FARM-640,Bhagwan Jadhav,Varanasi,Uttar Pradesh,25.4353,82.5874,Wheat,1.73,63.1,14.7,26.3,71.8,63.2,0.599,0.344,0.134,5.41,5.43,0.356,Rabi,None,0.616,1926.0,0.284,0.332,0.7215,1
FARM-641,Kishan Rathore,Kota,Rajasthan,25.1656,75.7075,Mustard,2.56,35.2,13.2,28.0,19.5,47.1,0.551,0.181,0.257,1.4,1.48,0.277,Rabi,None,0.357,5680.0,0.529,0.32,0.8207,1
FARM-642,Meena Gowda,Raichur,Karnataka,16.3063,77.1767,Maize,4.6,70.1,43.5,24.6,121.7,57.1,0.582,0.308,0.226,3.59,3.73,0.342,Kharif,Good,0.385,1994.0,0.209,0.747,0.01,0
FARM-643,Prakash Chauhan,Murshidabad,West Bengal,24.2427,87.8552,Rice,2.06,54.1,31.0,23.3,68.1,75.4,0.387,0.444,0.367,3.91,3.83,0.187,Kharif,Good,0.197,2428.0,0.283,0.706,0.0991,0
FARM-644,Bhagwan Verma,Kota,Rajasthan,24.8851,75.8164,Pulses,1.65,63.7,12.6,27.5,26.4,47.9,0.569,0.155,0.583,0.96,0.98,0.547,Rabi,None,0.363,6306.0,0.424,0.395,0.7213,1
FARM-645,Sukhwinder Deshmukh,Bikaner,Rajasthan,28.0241,73.7712,Wheat,2.31,32.0,23.0,27.1,66.1,27.8,0.58,0.118,0.165,4.18,4.33,0.555,Rabi,Partial,0.334,2269.0,0.135,0.404,0.4079,0
FARM-646,Sohan Choudhary,Coimbatore,Tamil Nadu,10.8395,76.7151,Sugarcane,2.61,54.7,33.3,28.4,62.5,58.9,0.31,0.265,0.377,84.45,81.02,0.207,Annual,None,0.177,358.0,0.285,0.41,0.5266,1
FARM-647,Gurpreet Ghosh,Indore,Madhya Pradesh,22.7997,75.8809,Wheat,0.99,57.4,26.6,22.3,106.0,81.8,0.526,0.367,0.368,3.61,3.53,0.315,Rabi,None,0.593,2104.0,0.292,0.353,0.7341,0
FARM-648,Sohan Verma,Meerut,Uttar Pradesh,29.1857,77.6164,Wheat,0.76,59.9,38.4,24.6,85.4,78.6,0.119,0.501,0.227,4.53,4.74,0.118,Rabi,Partial,0.078,2268.0,0.398,0.487,0.0455,0
FARM-649,Narayan Ghosh,Madurai,Tamil Nadu,10.1648,78.3044,Maize,1.9,53.2,35.2,28.0,84.9,86.1,0.227,0.295,0.537,3.34,3.38,0.526,Kharif,Partial,0.902,1797.0,0.115,0.356,0.7351,1
FARM-650,Radha Patil,Rohtak,Haryana,28.8575,76.4842,Wheat,0.54,62.8,37.5,24.6,39.7,55.4,0.549,0.167,0.148,3.86,3.72,0.424,Rabi,Good,0.304,2505.0,0.3,0.701,0.0601,0
FARM-651,Sanjay Ghosh,Varanasi,Uttar Pradesh,25.413,83.0548,Rice,1.85,51.8,36.6,25.0,86.3,68.3,0.226,0.326,0.34,4.35,4.3,0.225,Kharif,Partial,0.295,2265.0,0.373,0.432,0.2617,1
FARM-652,Dinesh Choudhary,Salem,Tamil Nadu,11.7084,78.0937,Sugarcane,5.53,63.6,33.7,27.7,67.8,65.5,0.373,0.304,0.368,84.22,87.17,0.226,Annual,Good,0.137,344.0,0.298,0.757,0.1156,0
FARM-653,Mahesh Meena,Ahmedabad,Gujarat,22.9031,72.7293,Wheat,15.94,72.2,18.1,25.6,41.4,37.9,0.351,0.104,0.128,4.46,4.49,0.278,Rabi,None,0.598,2351.0,0.263,0.43,0.2381,0
FARM-654,Sanjay Yadav,Sri Ganganagar,Rajasthan,29.6389,73.8154,Pulses,3.39,35.0,34.6,28.9,50.5,40.0,0.342,0.075,0.212,0.64,0.62,0.831,Rabi,Good,0.777,6274.0,0.112,0.546,0.4025,1
FARM-655,Lakshmi Yadav,Meerut,Uttar Pradesh,28.8884,77.8076,Wheat,6.61,69.1,41.5,27.3,73.6,56.8,0.401,0.321,0.188,4.95,4.95,0.278,Rabi,Good,0.555,2060.0,0.313,0.798,0.01,0
FARM-656,Anil Verma,Amritsar,Punjab,31.8627,74.8899,Rice,1.09,63.5,24.4,20.1,22.7,61.1,0.144,0.185,0.478,3.32,3.34,0.409,Kharif,Good,0.325,2734.0,0.11,0.736,0.0651,0
FARM-657,Savita Naidu,Jaipur,Rajasthan,26.7297,75.5988,Pulses,0.76,38.0,16.0,27.8,28.8,42.8,0.479,0.303,0.331,0.86,0.95,0.337,Rabi,None,0.451,6524.0,0.422,0.277,0.7868,1
FARM-658,Mahesh Gowda,Varanasi,Uttar Pradesh,25.4766,82.7338,Rice,2.65,57.7,42.0,32.1,56.4,57.2,0.319,0.48,0.363,3.5,3.48,0.592,Kharif,Good,0.183,2061.0,0.091,0.647,0.1593,0
FARM-659,Anil Singh,Mandya,Karnataka,12.7181,76.8713,Pulses,2.91,60.8,26.9,25.4,105.7,68.9,0.554,0.229,0.507,0.79,0.79,0.394,Rabi,None,0.428,7167.0,0.15,0.326,0.4534,1
FARM-660,Ramesh Ghosh,Kota,Rajasthan,25.3567,75.7842,Maize,5.69,54.8,12.0,25.3,15.5,60.8,0.581,0.008,0.285,3.15,3.52,0.36,Kharif,None,0.533,2117.0,0.329,0.375,0.8237,1
FARM-661,Kamla Singh,Dharwad,Karnataka,15.5378,74.8517,Rice,8.07,76.3,36.6,24.5,46.8,54.9,0.518,0.371,0.607,3.85,3.96,0.341,Kharif,Good,0.219,2023.0,0.135,0.775,0.0351,0
FARM-662,Narayan Patel,Belagavi,Karnataka,15.6377,74.1314,Sugarcane,1.78,70.8,24.7,26.0,62.4,58.5,0.536,0.397,0.438,62.88,60.09,0.163,Annual,Partial,0.182,381.0,0.467,0.548,0.4271,0
FARM-663,Pushpa Naidu,Patiala,Punjab,30.482,76.3964,Wheat,2.55,57.9,19.0,26.0,34.5,62.1,0.176,0.144,0.384,4.62,4.82,0.575,Rabi,None,0.346,2085.0,0.091,0.303,0.3602,1
FARM-664,Bhagwan Meena,Salem,Tamil Nadu,11.6793,78.3117,Rice,4.04,64.4,34.1,26.2,125.9,67.2,0.528,0.206,0.465,5.45,5.55,0.447,Kharif,None,0.306,2328.0,0.182,0.483,0.3432,1
FARM-665,Kamla Sharma,Agra,Uttar Pradesh,27.2735,78.2818,Wheat,1.6,59.1,26.0,26.3,39.2,52.9,0.685,0.481,0.144,3.84,4.05,0.24,Rabi,Good,0.249,2390.0,0.47,0.672,0.2355,0
FARM-666,Raju Patel,Agra,Uttar Pradesh,27.3195,78.0875,Wheat,1.93,65.9,33.8,22.5,48.0,62.1,0.48,0.45,0.28,3.23,3.2,0.489,Rabi,Good,0.706,2437.0,0.192,0.644,0.3371,0
FARM-667,Narayan Reddy,Jodhpur,Rajasthan,26.5718,73.0716,Pulses,0.9,52.5,23.1,26.0,76.2,44.5,0.49,0.0,0.418,1.27,1.36,0.259,Rabi,None,0.369,6940.0,0.143,0.395,0.4111,1
FARM-668,Ganesh Gowda,Gwalior,Madhya Pradesh,26.2428,77.8226,Pulses,7.94,90.6,41.1,25.7,92.4,70.8,0.338,0.367,0.707,1.18,1.26,0.698,Rabi,Partial,0.583,6983.0,0.183,0.624,0.4006,1
FARM-669,Kavita Jat,Bardhaman,West Bengal,23.3791,87.9851,Mustard,2.24,86.5,39.4,25.2,146.0,74.7,0.074,0.603,0.405,1.64,1.77,0.443,Rabi,None,0.225,5100.0,0.349,0.599,0.0634,0
FARM-670,Laxman Das,Coimbatore,Tamil Nadu,11.2205,77.325,Rice,2.29,55.7,21.1,29.7,82.4,76.7,0.518,0.292,0.399,5.1,5.22,0.629,Kharif,None,0.32,2060.0,0.215,0.421,0.9027,1
FARM-671,Laxman Yadav,Jaipur,Rajasthan,26.9388,75.868,Maize,5.15,42.2,26.0,26.0,10.3,50.1,0.608,0.038,0.285,2.66,2.6,0.462,Kharif,Good,0.575,1693.0,0.202,0.59,0.3859,0
FARM-672,Rajinder Rao,Ujjain,Madhya Pradesh,23.3792,75.6785,Pulses,4.19,61.4,26.3,25.0,112.2,60.1,0.364,0.309,0.5,0.91,0.96,0.336,Rabi,None,0.437,6245.0,0.101,0.491,0.3315,1
FARM-673,Rajinder Murugan,Patna,Bihar,25.3008,85.0153,Rice,1.51,39.5,15.5,26.7,61.3,61.5,0.419,0.509,0.608,3.89,4.24,0.434,Kharif,None,0.77,1979.0,0.118,0.251,0.9524,1
FARM-674,Mahesh Yadav,Nizamabad,Telangana,18.7972,77.8213,Rice,2.27,73.8,34.7,29.7,93.1,54.8,0.559,0.351,0.267,4.89,4.82,0.171,Kharif,Good,0.334,2248.0,0.271,0.644,0.1427,0
FARM-675,Sunita Rathore,Jaipur,Rajasthan,27.0349,75.9279,Mustard,1.02,45.5,27.9,33.3,24.9,39.8,0.738,0.004,0.236,1.87,1.91,0.261,Rabi,Good,0.272,5920.0,0.366,0.589,0.2733,1
FARM-676,Rajinder Murugan,Solapur,Maharashtra,18.0471,76.1448,Rice,4.32,48.0,11.7,26.5,27.1,47.9,0.444,0.324,0.582,3.81,3.96,0.236,Kharif,None,0.435,2114.0,0.145,0.328,0.9527,1
FARM-677,Ganesh Gowda,Meerut,Uttar Pradesh,28.881,77.8458,Mustard,3.04,54.7,50.3,26.4,136.1,57.6,0.151,0.158,0.31,1.4,1.33,0.494,Rabi,Good,0.297,4929.0,0.364,0.725,0.0497,0
FARM-678,Babu Gowda,Gwalior,Madhya Pradesh,26.2525,78.2178,Mustard,1.13,40.6,20.5,24.0,34.9,67.6,0.18,0.162,0.338,1.18,1.24,0.263,Rabi,Partial,0.435,5711.0,0.171,0.5,0.1583,0
FARM-679,Mahesh Deshmukh,Bhopal,Madhya Pradesh,23.392,77.3135,Maize,1.64,70.1,43.8,28.1,84.9,49.2,0.363,0.244,0.495,3.66,3.51,0.354,Kharif,Good,0.719,2307.0,0.214,0.541,0.2975,1
FARM-680,Rekha Pillai,Sirsa,Haryana,29.3506,75.1872,Wheat,10.58,77.1,27.5,24.6,51.0,64.3,0.532,0.154,0.212,5.11,4.69,0.431,Rabi,Good,0.274,2488.0,0.37,0.786,0.0427,0
FARM-681,Kavita Choudhary,Hooghly,West Bengal,22.868,88.612,Rice,1.91,61.7,15.6,28.3,46.8,70.0,0.283,0.534,0.577,4.85,4.86,0.241,Kharif,None,0.206,2181.0,0.107,0.488,0.6583,1
FARM-682,Bhagwan Jadhav,Aurangabad,Maharashtra,19.6746,75.3491,Pulses,2.37,45.5,11.9,30.3,44.5,52.9,0.662,0.266,0.467,1.15,1.19,0.757,Rabi,None,0.417,5726.0,0.24,0.329,0.9381,1
FARM-683,Anil Reddy,Bikaner,Rajasthan,27.8151,73.3464,Mustard,4.24,54.2,8.2,26.9,31.0,41.4,0.717,0.083,0.159,1.43,1.42,0.471,Rabi,None,0.251,5348.0,0.288,0.434,0.4896,1
FARM-684,Sohan Gowda,Rajkot,Gujarat,22.4913,70.4421,Pulses,1.02,60.3,16.1,27.7,22.5,56.8,0.468,0.23,0.379,0.79,0.81,0.38,Rabi,None,0.324,7166.0,0.208,0.454,0.4591,1
FARM-685,Lakshmi Patel,Nashik,Maharashtra,20.0574,73.8874,Pulses,6.11,73.7,44.6,26.5,82.3,53.9,0.389,0.237,0.457,0.57,0.62,0.203,Rabi,Good,0.483,7105.0,0.066,0.715,0.0466,0
FARM-686,Kishan Kumar,Salem,Tamil Nadu,11.7051,78.1156,Pulses,2.44,58.0,39.0,25.1,95.2,66.0,0.596,0.404,0.392,1.11,1.13,0.324,Rabi,Good,0.448,6656.0,0.184,0.689,0.1631,0
FARM-687,Lakshmi Kaur,Agra,Uttar Pradesh,27.4069,77.8708,Sugarcane,4.71,64.8,25.8,23.5,7.1,58.3,0.426,0.417,0.246,90.81,92.99,0.748,Annual,Good,0.28,359.0,0.425,0.604,0.5073,0
FARM-688,Harpreet Kumar,Raichur,Karnataka,16.0182,77.4245,Maize,4.72,62.2,21.4,27.5,12.6,58.0,0.25,0.378,0.477,3.44,3.78,0.557,Kharif,None,0.269,2068.0,0.17,0.375,0.6382,1
FARM-689,Anil Deshmukh,Gaya,Bihar,24.6829,84.9146,Maize,2.64,63.2,40.2,22.3,75.8,63.7,0.424,0.452,0.548,2.23,2.31,0.637,Kharif,Good,0.872,1969.0,0.139,0.687,0.5608,1
FARM-690,Vijay Pillai,Madurai,Tamil Nadu,9.9096,78.379,Cotton,6.52,57.5,26.8,31.1,47.7,85.4,0.523,0.218,0.657,1.54,1.58,0.186,Kharif,None,0.438,7453.0,0.218,0.312,0.7344,1
FARM-691,Bhagwan Rathore,Krishna,Andhra Pradesh,16.4543,80.4799,Rice,10.23,40.1,37.8,29.7,151.2,80.4,0.212,0.26,0.512,4.32,4.4,0.203,Kharif,None,0.095,2363.0,0.079,0.407,0.01,0
FARM-692,Sunita Patil,Patna,Bihar,25.4365,84.8449,Wheat,4.7,65.9,38.0,28.2,115.1,76.2,0.364,0.583,0.301,5.28,4.86,0.399,Rabi,Partial,0.284,2423.0,0.712,0.659,0.24,1
FARM-693,Harpreet Murugan,Karnal,Haryana,29.8663,76.9369,Cotton,0.86,56.7,22.4,27.6,53.0,65.1,0.367,0.185,0.792,1.81,1.88,0.314,Kharif,Partial,0.32,6792.0,0.128,0.675,0.3771,0
FARM-694,Narayan Deshmukh,Jalandhar,Punjab,31.479,75.5201,Wheat,2.63,76.4,24.0,27.5,44.7,55.9,0.263,0.124,0.446,5.84,5.85,0.44,Rabi,None,0.327,2359.0,0.021,0.449,0.0887,0
FARM-695,Sunita Chauhan,Nashik,Maharashtra,20.1025,73.5822,Maize,0.91,68.4,28.5,25.6,125.0,56.0,0.579,0.107,0.257,3.69,4.01,0.605,Kharif,Partial,0.337,2088.0,0.248,0.567,0.2254,0
FARM-696,Mahesh Reddy,Bhopal,Madhya Pradesh,23.2434,77.4889,Wheat,1.69,44.7,31.9,19.7,63.7,46.2,0.594,0.157,0.283,4.49,4.71,0.338,Rabi,Good,0.104,2311.0,0.269,0.49,0.1223,0
FARM-697,Kavita Patel,Gwalior,Madhya Pradesh,25.9545,78.2103,Wheat,4.96,49.9,20.1,24.2,33.8,57.0,0.202,0.138,0.279,4.67,5.05,0.546,Rabi,None,0.239,2246.0,0.178,0.43,0.1791,0
FARM-698,Anita Chauhan,Hooghly,West Bengal,23.0173,88.3154,Rice,2.08,52.3,62.7,21.5,206.9,67.7,0.456,0.423,0.414,4.22,4.1,0.59,Kharif,Good,0.356,2373.0,0.521,0.644,0.3391,0
FARM-699,Meena Jat,Gorakhpur,Uttar Pradesh,26.7809,83.4427,Mustard,1.2,58.7,62.0,26.9,181.6,75.1,0.246,0.484,0.518,1.52,1.42,0.601,Rabi,Good,0.738,4695.0,0.137,0.582,0.3734,0
FARM-700,Manoj Patil,Hisar,Haryana,28.9857,75.5508,Cotton,2.08,75.0,32.3,27.2,51.7,55.1,0.409,0.255,0.819,2.44,2.44,0.16,Kharif,Good,0.172,6855.0,0.245,0.735,0.01,0
FARM-701,Vijay Naidu,Nadia,West Bengal,23.8561,88.2902,Maize,2.71,71.1,34.1,25.7,64.7,76.1,0.241,0.397,0.619,4.2,4.04,0.734,Kharif,Good,0.761,2394.0,0.052,0.615,0.4283,0
FARM-702,Kishan Pillai,Rajkot,Gujarat,22.2653,70.7583,Sugarcane,1.39,57.8,41.4,25.6,78.8,55.0,0.527,0.045,0.465,81.65,84.29,0.395,Annual,Good,0.394,309.0,0.17,0.611,0.2547,1
FARM-703,Anil Pillai,Bikaner,Rajasthan,27.8771,72.8597,Pulses,2.4,53.0,8.0,25.6,32.1,47.9,0.517,0.263,0.426,1.02,1.01,0.494,Rabi,None,0.564,7089.0,0.186,0.325,0.7909,1
FARM-704,Laxman Ghosh,Gaya,Bihar,24.2791,85.0559,Wheat,1.46,63.7,16.3,27.6,44.5,72.4,0.286,0.423,0.355,4.83,5.12,0.157,Rabi,Partial,0.274,2526.0,0.301,0.67,0.1355,0
FARM-705,Raju Patel,Madurai,Tamil Nadu,9.7952,78.474,Sugarcane,0.73,68.9,32.3,27.4,91.3,57.0,0.473,0.264,0.252,71.43,64.04,0.511,Annual,Partial,0.236,294.0,0.124,0.612,0.1437,0
FARM-706,Sukhwinder Patil,Bikaner,Rajasthan,28.1692,73.2995,Mustard,2.04,34.2,29.9,30.3,44.4,41.8,0.463,0.209,0.519,1.71,1.75,0.25,Rabi,Partial,0.062,5698.0,0.403,0.521,0.2137,1
FARM-707,Ramesh Reddy,Aurangabad,Maharashtra,19.5902,75.4716,Pulses,4.47,34.7,42.1,29.4,128.8,55.2,0.616,0.236,0.464,0.72,0.73,0.276,Rabi,Partial,0.388,6245.0,0.171,0.463,0.3937,0
FARM-708,Mahesh Naidu,Anantapur,Andhra Pradesh,14.7325,77.2803,Cotton,1.87,69.6,33.6,28.9,89.9,58.9,0.228,0.446,0.533,1.11,1.2,0.531,Kharif,None,0.271,6610.0,0.247,0.597,0.0887,0
FARM-709,Rekha Verma,Thanjavur,Tamil Nadu,11.1034,78.9091,Rice,2.5,35.0,26.6,26.3,80.4,55.4,0.356,0.305,0.415,2.86,2.89,0.329,Kharif,None,0.408,2599.0,0.273,0.337,0.7732,1
FARM-710,Bhagwan Chauhan,Warangal,Telangana,17.9694,79.8866,Rice,0.89,50.8,27.4,30.5,155.9,47.7,0.533,0.072,0.247,3.44,3.64,0.399,Kharif,None,0.415,2628.0,0.135,0.432,0.2951,0
FARM-711,Suresh Rao,Ludhiana,Punjab,30.8928,75.7744,Wheat,2.14,65.2,46.9,26.8,76.1,73.4,0.24,0.292,0.48,5.49,5.44,0.278,Rabi,Partial,0.429,2081.0,0.126,0.483,0.14,0
FARM-712,Savita Das,Nalgonda,Telangana,17.3385,79.2871,Maize,0.83,45.5,23.6,31.3,56.8,66.4,0.643,0.278,0.443,3.18,3.39,0.482,Kharif,None,0.415,2277.0,0.405,0.275,0.9285,1
FARM-713,Prakash Meena,Jodhpur,Rajasthan,26.19,73.2353,Mustard,0.88,29.1,13.4,29.6,12.3,37.4,0.509,0.078,0.318,1.18,1.29,0.585,Rabi,None,0.475,5896.0,0.258,0.252,0.9795,1
FARM-714,Anil Patil,Bareilly,Uttar Pradesh,28.2411,79.3515,Wheat,1.25,45.8,43.2,27.4,70.8,68.1,0.218,0.257,0.287,4.15,4.16,0.169,Rabi,Good,0.379,2437.0,0.066,0.54,0.01,0
FARM-715,Sunita Gowda,Latur,Maharashtra,18.307,76.6142,Cotton,2.37,62.4,36.2,26.1,81.8,51.4,0.643,0.21,0.656,1.76,1.89,0.569,Kharif,Good,0.35,7535.0,0.32,0.652,0.4021,1
FARM-716,Laxman Bishnoi,Nagpur,Maharashtra,21.3933,78.6121,Cotton,6.04,50.4,38.6,24.4,146.0,58.3,0.567,0.214,0.319,2.01,2.21,0.394,Kharif,Partial,0.295,6709.0,0.305,0.556,0.1529,1
FARM-717,Vijay Chauhan,Murshidabad,West Bengal,24.2636,88.4808,Pulses,2.64,65.2,34.0,27.1,128.2,86.1,0.347,0.406,0.527,1.22,1.15,0.443,Rabi,Partial,0.683,6453.0,0.203,0.451,0.5357,1
FARM-718,Narayan Patel,Karnal,Haryana,29.5927,77.072,Cotton,1.41,54.6,42.6,25.5,42.6,54.2,0.239,0.269,0.473,1.2,1.24,0.378,Kharif,Good,0.441,6808.0,0.26,0.539,0.2201,0
FARM-719,Lakshmi Das,Raichur,Karnataka,16.2359,77.5579,Sugarcane,0.44,64.6,31.4,22.5,144.4,53.7,0.696,0.279,0.349,92.73,94.8,0.6,Annual,None,0.395,337.0,0.227,0.431,0.6245,1
FARM-720,Shankar Kaur,Hisar,Haryana,28.7578,75.9358,Wheat,3.75,37.7,42.8,25.5,67.9,56.6,0.336,0.409,0.329,4.25,4.22,0.148,Rabi,Good,0.419,2015.0,0.497,0.513,0.3025,0
FARM-721,Mohan Naidu,Dharwad,Karnataka,15.1642,75.1472,Rice,1.95,59.7,36.0,26.8,88.3,65.9,0.425,0.353,0.594,4.27,4.24,0.536,Kharif,Good,0.156,2207.0,0.204,0.751,0.1352,0
FARM-722,Narayan Das,Guntur,Andhra Pradesh,16.1228,80.6824,Pulses,11.91,64.1,16.8,29.8,39.7,81.7,0.552,0.202,0.636,0.98,1.0,0.215,Rabi,None,0.535,6936.0,0.151,0.425,0.4832,0
FARM-723,Shanti Murugan,Meerut,Uttar Pradesh,29.1966,78.0048,Sugarcane,3.7,73.4,33.5,23.8,56.7,77.2,0.641,0.455,0.457,88.19,95.43,0.685,Annual,Good,0.4,374.0,0.709,0.596,0.7434,0
FARM-724,Lakshmi Choudhary,Khammam,Telangana,17.1363,80.2445,Pulses,3.54,72.6,26.0,29.3,84.5,72.2,0.239,0.345,0.465,1.14,1.16,0.538,Rabi,None,0.381,6327.0,0.42,0.339,0.4136,0
FARM-725,Vijay Jadhav,Aurangabad,Maharashtra,19.6909,75.3858,Sugarcane,6.46,51.4,26.2,31.9,56.5,44.1,0.347,0.212,0.378,76.62,70.87,0.549,Annual,Partial,0.405,353.0,0.218,0.64,0.483,0
FARM-726,Raju Verma,Gaya,Bihar,24.7659,85.1831,Maize,1.01,56.4,44.9,23.0,210.8,54.0,0.484,0.609,0.394,3.65,4.16,0.337,Kharif,Good,0.215,1788.0,0.567,0.677,0.2395,1
FARM-727,Mohan Das,Murshidabad,West Bengal,23.8913,88.5461,Maize,2.96,48.2,48.4,26.7,150.8,60.8,0.13,0.501,0.516,2.47,2.73,0.335,Kharif,Partial,0.361,2304.0,0.095,0.565,0.0942,0
FARM-728,Narayan Mondal,Kota,Rajasthan,25.2131,75.8628,Pulses,0.91,50.9,26.7,29.4,8.0,48.2,0.542,0.057,0.388,1.43,1.48,0.132,Rabi,Good,0.252,6127.0,0.309,0.599,0.1276,0
FARM-729,Anil Yadav,Coimbatore,Tamil Nadu,11.1271,77.1205,Rice,3.9,64.8,46.6,32.1,116.1,71.9,0.387,0.369,0.603,5.13,5.1,0.216,Kharif,Good,0.366,2565.0,0.413,0.777,0.124,0
FARM-730,Kishan Choudhary,Nagpur,Maharashtra,21.097,79.0086,Cotton,1.64,58.5,8.5,30.3,37.2,56.7,0.651,0.217,0.577,1.88,1.84,0.16,Kharif,None,0.322,6703.0,0.271,0.325,0.8575,1
FARM-731,Gurpreet Ghosh,Bhopal,Madhya Pradesh,23.2031,77.6753,Pulses,5.84,58.1,42.4,28.6,95.7,43.5,0.124,0.392,0.313,0.94,0.92,0.402,Rabi,Partial,0.428,6355.0,0.153,0.499,0.01,0
FARM-732,Dinesh Patel,Khammam,Telangana,17.1198,80.3253,Rice,1.64,49.4,34.1,32.7,80.6,61.7,0.352,0.217,0.399,3.76,3.73,0.334,Kharif,Partial,0.397,2714.0,0.273,0.48,0.3597,0
FARM-733,Suresh Verma,Jalandhar,Punjab,31.5133,75.7568,Rice,0.76,57.9,11.8,24.9,19.4,69.4,0.451,0.225,0.41,4.76,5.16,0.596,Kharif,None,0.38,2306.0,0.191,0.384,0.9677,1
FARM-734,Raju Mondal,Jodhpur,Rajasthan,26.2825,72.9744,Wheat,1.52,41.1,14.1,30.8,24.1,41.0,0.625,0.308,0.439,4.48,4.94,0.655,Rabi,Partial,0.931,2074.0,0.302,0.323,0.9699,1
FARM-735,Manoj Pillai,Murshidabad,West Bengal,24.4416,88.1676,Rice,0.71,74.4,26.4,26.9,46.3,63.9,0.181,0.68,0.501,4.14,4.45,0.246,Kharif,None,0.497,2576.0,0.301,0.575,0.7786,1
FARM-736,Shanti Ghosh,Rajkot,Gujarat,22.7258,70.6854,Cotton,2.49,52.4,26.9,29.4,51.9,58.9,0.268,0.206,0.61,1.34,1.4,0.215,Kharif,Good,0.161,6447.0,0.484,0.74,0.0569,0
FARM-737,Laxman Yadav,Gorakhpur,Uttar Pradesh,26.7722,83.5889,Wheat,1.54,71.3,23.7,26.1,28.0,76.0,0.684,0.329,0.271,3.84,4.14,0.383,Rabi,Good,0.33,2365.0,0.141,0.669,0.1587,0
FARM-738,Rekha Rathore,Raichur,Karnataka,16.2555,77.2631,Cotton,8.19,59.5,20.9,21.1,58.1,60.9,0.297,0.295,0.656,1.89,1.94,0.216,Kharif,None,0.376,6428.0,0.267,0.461,0.3736,1
FARM-739,Pushpa Patel,Meerut,Uttar Pradesh,28.9773,77.5804,Pulses,2.57,60.0,42.2,28.4,100.9,62.4,0.124,0.456,0.544,1.46,1.55,0.552,Rabi,Partial,0.629,7304.0,0.269,0.575,0.3175,0
FARM-740,Rekha Meena,Nagpur,Maharashtra,21.0973,78.9064,Pulses,2.3,67.3,15.5,27.6,20.5,67.7,0.528,0.127,0.57,1.29,1.38,0.289,Rabi,None,0.48,6443.0,0.548,0.262,0.7617,1
FARM-741,Anil Rao,Meerut,Uttar Pradesh,29.2503,78.0583,Pulses,1.54,55.8,36.4,24.3,41.3,69.0,0.229,0.317,0.4,0.93,0.98,0.478,Rabi,Good,0.282,6208.0,0.124,0.653,0.09,1
FARM-742,Raju Patil,Raichur,Karnataka,16.0772,77.3695,Sugarcane,6.94,60.5,24.4,25.8,80.1,56.1,0.445,0.259,0.239,79.69,78.22,0.556,Annual,None,0.12,331.0,0.154,0.429,0.3718,1
FARM-743,Narayan Kumar,Amritsar,Punjab,31.6423,74.7467,Wheat,2.59,68.4,34.7,22.9,44.8,47.8,0.114,0.25,0.286,4.81,4.66,0.268,Rabi,Good,0.301,2682.0,0.57,0.754,0.01,0
FARM-744,Mohan Kumar,Kota,Rajasthan,25.2112,75.6451,Mustard,1.37,44.2,8.0,28.9,22.6,46.6,0.691,0.1,0.329,1.34,1.39,0.628,Rabi,None,0.902,5904.0,0.242,0.25,0.9079,1
FARM-745,Rekha Rao,Karnal,Haryana,29.7208,77.1749,Mustard,1.51,78.8,26.6,25.5,53.5,20.9,0.341,0.322,0.247,1.73,1.63,0.411,Rabi,Partial,0.177,5624.0,0.236,0.558,0.11,0
FARM-746,Anita Kaur,Nagpur,Maharashtra,21.0341,79.0443,Cotton,0.54,46.5,35.4,27.4,63.6,61.7,0.391,0.387,0.551,1.98,2.06,0.205,Kharif,Good,0.183,7058.0,0.34,0.643,0.1124,0
FARM-747,Manoj Yadav,Hooghly,West Bengal,22.5519,88.416,Mustard,0.73,66.8,66.1,26.2,256.9,79.7,0.371,0.577,0.491,2.11,2.1,0.51,Rabi,Good,0.581,4639.0,0.175,0.705,0.2941,1
FARM-748,Raju Kumar,Bhopal,Madhya Pradesh,23.1834,77.2748,Pulses,10.49,78.9,20.2,24.2,26.1,53.8,0.62,0.296,0.344,1.05,1.09,0.209,Rabi,None,0.316,5917.0,0.213,0.509,0.2173,0
FARM-749,Dinesh Meena,Agra,Uttar Pradesh,26.7496,77.903,Wheat,0.4,83.2,30.7,27.7,102.0,65.4,0.29,0.589,0.284,4.77,5.24,0.684,Rabi,Partial,0.42,2131.0,0.24,0.585,0.2634,0
FARM-750,Mohan Chauhan,Surat,Gujarat,21.4163,72.454,Cotton,3.91,46.3,38.9,25.9,42.6,60.1,0.49,0.329,0.574,1.86,1.93,0.563,Kharif,Good,0.162,6523.0,0.214,0.683,0.2657,1
FARM-751,Kavita Singh,Jalandhar,Punjab,31.663,75.4493,Wheat,8.05,70.3,34.2,27.0,54.1,65.9,0.404,0.364,0.192,4.38,4.58,0.175,Rabi,Partial,0.483,2461.0,0.225,0.62,0.0956,0
FARM-752,Anil Patel,Bardhaman,West Bengal,22.9698,87.6887,Rice,0.97,63.0,34.7,26.3,124.7,83.6,0.373,0.774,0.57,3.15,3.21,0.451,Kharif,None,0.362,2632.0,0.283,0.449,0.6532,1
FARM-753,Meena Naidu,Patna,Bihar,25.5777,85.3334,Rice,1.06,41.5,47.3,25.2,253.3,78.4,0.12,0.5,0.49,3.78,4.0,0.612,Kharif,None,0.525,2057.0,0.112,0.303,0.6353,1
FARM-754,Savita Gowda,Guntur,Andhra Pradesh,15.9329,80.6009,Pulses,3.25,57.1,35.9,28.4,52.9,69.6,0.313,0.387,0.783,1.42,1.27,0.253,Rabi,Good,0.312,6384.0,0.247,0.548,0.2993,1
FARM-755,Kishan Das,Indore,Madhya Pradesh,22.9272,76.0905,Wheat,5.34,54.4,43.9,26.8,64.7,54.3,0.299,0.301,0.173,3.61,3.59,0.657,Rabi,Partial,0.719,2315.0,0.171,0.33,0.5429,1
FARM-756,Sanjay Kumar,Gaya,Bihar,25.0141,85.1762,Wheat,3.02,56.8,54.3,23.9,242.2,72.4,0.092,0.562,0.227,3.79,4.06,0.301,Rabi,Partial,0.169,2346.0,0.333,0.677,0.01,0
FARM-757,Harpreet Reddy,Ujjain,Madhya Pradesh,23.2041,76.2428,Maize,1.44,48.9,18.8,28.8,43.8,76.9,0.421,0.313,0.45,2.88,2.97,0.472,Kharif,None,0.311,2671.0,0.284,0.376,0.8007,1
FARM-758,Kavita Naidu,Coimbatore,Tamil Nadu,10.6723,77.3101,Cotton,2.04,67.9,26.0,29.3,37.6,82.6,0.446,0.508,0.657,2.05,2.14,0.595,Kharif,Partial,0.516,6791.0,0.401,0.532,0.9124,1
FARM-759,Bhagwan Patil,Bardhaman,West Bengal,23.4296,87.8064,Mustard,1.01,89.0,56.1,21.6,237.8,59.8,0.593,0.84,0.106,1.66,1.69,0.759,Rabi,Good,0.503,5999.0,0.532,0.798,0.2672,0
FARM-760,Sunil Verma,Khammam,Telangana,17.0478,79.7999,Cotton,3.29,75.1,42.5,26.9,67.0,52.8,0.547,0.297,0.684,1.64,1.62,0.209,Kharif,Good,0.307,6692.0,0.404,0.706,0.1297,0
FARM-761,Sunita Mondal,Thanjavur,Tamil Nadu,10.6645,78.7608,Sugarcane,1.5,60.7,41.7,28.8,96.5,66.2,0.576,0.187,0.36,62.47,62.29,0.247,Annual,Good,0.4,368.0,0.276,0.743,0.1543,0
FARM-762,Kishan Deshmukh,Belagavi,Karnataka,15.7987,74.909,Maize,2.42,63.1,38.5,26.6,110.0,72.9,0.415,0.122,0.509,4.56,4.71,0.43,Kharif,Partial,0.338,2338.0,0.109,0.472,0.1081,0
FARM-763,Ganesh Gowda,Ahmedabad,Gujarat,22.9466,72.4273,Cotton,2.17,54.2,43.5,26.7,44.1,43.7,0.586,0.325,0.483,1.69,1.84,0.556,Kharif,Good,0.47,6752.0,0.411,0.647,0.5733,1
FARM-764,Radha Reddy,Nalgonda,Telangana,16.85,79.216,Rice,4.17,46.5,33.4,32.1,87.0,61.9,0.471,0.291,0.468,3.61,3.93,0.419,Kharif,None,0.55,2386.0,0.259,0.283,0.8841,1
FARM-765,Kishan Rathore,Nizamabad,Telangana,18.8149,77.4846,Pulses,1.35,54.0,32.4,31.9,140.3,63.8,0.399,0.294,0.306,0.93,0.93,0.265,Rabi,None,0.302,6980.0,0.112,0.367,0.3134,0
FARM-766,Suresh Jat,Jaipur,Rajasthan,26.9938,75.7407,Pulses,1.9,28.5,42.8,28.8,39.8,57.5,0.432,0.439,0.358,1.04,1.07,0.758,Rabi,Good,0.723,6381.0,0.361,0.55,0.7487,1
FARM-767,Pushpa Murugan,Thanjavur,Tamil Nadu,10.6925,78.8987,Pulses,3.53,50.2,28.0,31.3,60.1,79.0,0.335,0.459,0.495,0.86,0.91,0.419,Rabi,Partial,0.458,7353.0,0.199,0.495,0.4536,1
FARM-768,Rajinder Reddy,Jabalpur,Madhya Pradesh,23.3491,80.0042,Wheat,1.2,46.9,34.6,24.4,57.1,53.7,0.414,0.459,0.265,4.29,4.29,0.473,Rabi,Good,0.446,2513.0,0.17,0.621,0.2919,0
FARM-769,Prakash Patel,Jabalpur,Madhya Pradesh,23.0315,80.0733,Rice,1.46,55.7,43.5,32.4,108.7,48.6,0.452,0.317,0.326,4.09,4.05,0.245,Kharif,Good,0.183,2162.0,0.226,0.633,0.058,0
FARM-770,Anil Patil,Ahmedabad,Gujarat,22.9494,72.9018,Maize,1.38,68.8,46.8,26.4,133.4,59.3,0.548,0.233,0.367,3.78,4.19,0.518,Kharif,Good,0.5,2145.0,0.705,0.748,0.1782,0
FARM-771,Suresh Choudhary,Nizamabad,Telangana,18.5658,78.0808,Cotton,1.68,50.1,40.3,27.4,111.7,60.2,0.676,0.358,0.579,0.72,0.69,0.441,Kharif,Good,0.575,6947.0,0.596,0.565,0.7276,1
FARM-772,Ganesh Rao,Nadia,West Bengal,23.4692,88.7163,Pulses,1.47,69.4,25.5,23.9,122.7,74.5,0.35,0.326,0.556,1.0,1.06,0.451,Rabi,None,0.687,6118.0,0.291,0.285,0.701,0
FARM-773,Anil Rao,Muzaffarpur,Bihar,26.2027,85.5812,Maize,4.78,56.6,30.9,25.3,112.8,69.1,0.499,0.645,0.547,2.9,2.88,0.292,Kharif,Partial,0.327,2208.0,0.382,0.545,0.6638,1
FARM-774,Ganesh Choudhary,Indore,Madhya Pradesh,22.6642,75.7998,Wheat,4.94,40.7,43.8,23.8,72.5,42.9,0.486,0.196,0.372,3.37,3.38,0.279,Rabi,Good,0.528,2530.0,0.172,0.475,0.2953,1
FARM-775,Mahesh Yadav,Ahmedabad,Gujarat,22.9851,72.3663,Pulses,8.09,71.9,33.1,26.5,21.5,54.3,0.452,0.464,0.415,1.51,1.57,0.173,Rabi,Good,0.225,5916.0,0.175,0.749,0.1178,0
FARM-776,Ganesh Patel,Solapur,Maharashtra,17.852,75.9937,Cotton,2.55,76.7,8.0,26.5,77.7,43.6,0.606,0.256,0.733,2.24,2.33,0.496,Kharif,None,0.677,5383.0,0.413,0.365,0.99,1
FARM-777,Rekha Kaur,Madurai,Tamil Nadu,9.8904,78.0645,Rice,7.67,81.1,43.1,28.4,149.4,77.6,0.668,0.2,0.761,3.56,3.29,0.371,Kharif,Good,0.498,2509.0,0.199,0.69,0.2103,1
FARM-778,Mohan Patel,Madurai,Tamil Nadu,10.1149,78.1074,Sugarcane,1.24,62.7,20.5,30.2,58.8,66.3,0.619,0.282,0.541,96.52,96.33,0.569,Annual,Partial,0.62,346.0,0.333,0.506,0.8439,1
FARM-779,Manoj Patil,Latur,Maharashtra,18.709,76.3939,Cotton,7.2,51.8,55.2,26.7,135.6,62.5,0.206,0.112,0.604,2.0,1.99,0.113,Kharif,Good,0.207,6207.0,0.089,0.688,0.01,0
FARM-780,Kavita Deshmukh,Thanjavur,Tamil Nadu,10.824,79.0726,Sugarcane,6.42,56.6,31.2,27.5,47.8,74.6,0.581,0.241,0.497,65.54,72.34,0.241,Annual,Good,0.709,360.0,0.339,0.588,0.5997,1
FARM-781,Sunita Gowda,Gwalior,Madhya Pradesh,26.2833,78.2288,Rice,3.77,57.1,11.1,28.1,27.4,54.2,0.683,0.376,0.412,4.12,4.53,0.311,Kharif,None,0.533,2172.0,0.316,0.38,0.9238,1
FARM-782,Manoj Kumar,Khammam,Telangana,17.0165,79.9405,Cotton,4.46,41.0,39.2,24.6,46.0,59.1,0.299,0.223,0.635,1.99,2.23,0.216,Kharif,Good,0.155,6318.0,0.28,0.702,0.1162,0
FARM-783,Ganesh Murugan,Darbhanga,Bihar,25.9529,85.772,Rice,5.4,46.1,31.7,23.9,132.9,61.0,0.433,0.42,0.417,3.46,3.57,0.267,Kharif,None,0.4,2402.0,0.286,0.328,0.4983,0
FARM-784,Rajinder Choudhary,Bikaner,Rajasthan,27.7556,73.2568,Maize,7.82,36.0,8.0,29.7,15.7,30.3,0.728,0.324,0.467,1.91,1.81,0.598,Kharif,None,0.375,2096.0,0.572,0.345,0.94,1
FARM-785,Sunil Murugan,Gaya,Bihar,25.0031,84.9671,Rice,3.19,44.8,30.2,28.5,151.7,73.7,0.414,0.471,0.397,3.44,3.04,0.344,Kharif,None,0.585,2419.0,0.15,0.455,0.7181,0
FARM-786,Mahesh Patel,Bhavnagar,Gujarat,21.5777,72.2621,Wheat,6.87,53.7,16.8,31.1,24.1,61.6,0.609,0.212,0.404,3.72,3.57,0.327,Rabi,None,0.254,2042.0,0.287,0.382,0.7751,1
FARM-787,Mahesh Das,Sirsa,Haryana,29.795,74.9072,Mustard,3.19,69.6,28.1,25.8,71.7,57.5,0.625,0.068,0.416,1.61,1.62,0.695,Rabi,Good,0.448,5325.0,0.283,0.661,0.3204,0
FARM-788,Dinesh Jat,Nizamabad,Telangana,19.053,77.9436,Cotton,1.03,66.3,23.0,26.0,90.5,58.7,0.292,0.435,0.676,2.22,2.2,0.677,Kharif,None,0.4,6594.0,0.205,0.428,0.7006,0
FARM-789,Ganesh Naidu,Nizamabad,Telangana,18.6403,77.7402,Rice,2.35,58.2,31.5,27.9,109.9,46.9,0.281,0.156,0.545,4.06,4.07,0.749,Kharif,None,0.26,2731.0,0.347,0.353,0.459,0
FARM-790,Meena Mondal,Khammam,Telangana,17.1647,79.9515,Cotton,1.25,64.3,24.9,26.2,53.4,61.9,0.403,0.239,0.74,2.54,2.72,0.613,Kharif,None,0.675,6578.0,0.212,0.419,0.918,1
FARM-791,Sunil Das,Nagpur,Maharashtra,20.911,78.8991,Pulses,1.05,44.4,31.1,26.6,110.9,57.6,0.556,0.14,0.612,1.61,1.73,0.731,Rabi,None,0.589,6405.0,0.394,0.347,0.9463,1
FARM-792,Lakshmi Kumar,Madurai,Tamil Nadu,9.9674,78.032,Rice,5.52,60.6,22.5,28.8,50.0,60.9,0.38,0.255,0.385,3.77,3.82,0.151,Kharif,Partial,0.215,2276.0,0.2,0.546,0.195,1
FARM-793,Sukhwinder Choudhary,Bhopal,Madhya Pradesh,23.2299,77.3311,Maize,3.7,56.6,13.3,22.7,53.7,59.3,0.363,0.234,0.342,3.37,3.66,0.318,Kharif,None,0.306,2053.0,0.306,0.305,0.3811,0
FARM-794,Kamla Singh,Thanjavur,Tamil Nadu,10.7799,79.0565,Pulses,2.68,50.4,49.7,27.6,154.3,54.7,0.531,0.226,0.378,1.38,1.37,0.237,Rabi,Good,0.415,7105.0,0.179,0.652,0.0989,0
FARM-795,Prakash Rathore,Solapur,Maharashtra,17.6353,75.8063,Rice,0.93,65.7,44.1,28.8,149.0,56.2,0.677,0.279,0.388,3.59,3.68,0.473,Kharif,Good,0.488,2205.0,0.53,0.614,0.3553,1
FARM-796,Bhagwan Patel,Jaipur,Rajasthan,26.9768,76.0584,Pulses,2.99,30.7,16.3,30.7,27.7,29.8,0.67,0.112,0.375,0.49,0.47,0.328,Rabi,None,0.6,6162.0,0.306,0.353,0.951,1
FARM-797,Lakshmi Naidu,Darbhanga,Bihar,26.1427,86.0623,Rice,2.97,57.3,36.2,26.3,128.4,60.5,0.483,0.554,0.179,3.58,3.78,0.231,Kharif,Partial,0.295,2347.0,0.392,0.463,0.2674,1
FARM-798,Kavita Patil,Kurnool,Andhra Pradesh,15.7017,78.0828,Rice,3.42,56.5,22.4,25.8,102.2,76.3,0.242,0.375,0.791,3.44,3.65,0.349,Kharif,None,0.593,2040.0,0.417,0.305,0.9007,1
FARM-799,Suresh Reddy,Belagavi,Karnataka,15.7476,74.6666,Maize,1.35,74.9,26.1,27.3,95.1,61.2,0.21,0.269,0.48,3.94,4.15,0.135,Kharif,None,0.266,2229.0,0.271,0.436,0.01,0
FARM-800,Manoj Pillai,Belagavi,Karnataka,15.782,74.449,Maize,2.83,54.4,30.6,23.3,158.4,61.0,0.558,0.09,0.482,3.83,3.99,0.425,Kharif,None,0.446,2134.0,0.453,0.278,0.6963,0
FARM-801,Radha Patel,Gaya,Bihar,24.9791,84.9346,Wheat,2.9,61.2,35.9,26.7,107.0,73.2,0.453,0.435,0.435,4.34,3.96,0.142,Rabi,Good,0.117,2261.0,0.263,0.683,0.0911,0
FARM-802,Harpreet Rathore,Bhavnagar,Gujarat,21.9527,72.1469,Pulses,2.48,68.5,16.9,29.8,67.1,63.7,0.572,0.296,0.418,0.91,0.88,0.161,Rabi,None,0.313,6532.0,0.184,0.337,0.3869,1
FARM-803,Prakash Verma,Mysuru,Karnataka,12.3914,76.5691,Sugarcane,3.7,73.9,20.4,26.1,82.9,45.5,0.227,0.281,0.475,82.21,90.1,0.393,Annual,None,0.318,347.0,0.127,0.452,0.3981,0
FARM-804,Dinesh Choudhary,Latur,Maharashtra,18.4922,76.471,Cotton,7.54,51.1,38.6,30.4,49.7,48.2,0.271,0.292,0.411,1.26,1.23,0.208,Kharif,Partial,0.362,6001.0,0.213,0.461,0.1476,0
FARM-805,Ramesh Meena,Sri Ganganagar,Rajasthan,30.1192,74.1685,Wheat,0.88,33.3,25.2,32.4,25.6,48.7,0.933,0.287,0.08,4.12,4.49,0.357,Rabi,Good,0.621,2294.0,0.256,0.423,0.8038,1
FARM-806,Laxman Deshmukh,Darbhanga,Bihar,25.9281,85.6034,Wheat,11.17,48.1,47.4,28.3,67.2,82.5,0.484,0.496,0.377,4.29,4.37,0.681,Rabi,Good,0.472,2162.0,0.534,0.633,0.488,0
FARM-807,Ramesh Naidu,Solapur,Maharashtra,17.3696,75.9418,Pulses,7.63,68.2,25.5,25.5,133.7,55.2,0.398,0.451,0.529,0.94,1.0,0.64,Rabi,None,0.255,6774.0,0.706,0.51,0.5708,1
FARM-808,Anita Mondal,Mandya,Karnataka,12.2886,76.8226,Pulses,6.64,67.6,32.0,29.7,33.6,78.6,0.348,0.452,0.649,0.84,0.89,0.557,Rabi,Good,0.393,6405.0,0.157,0.665,0.1716,0
FARM-809,Rajinder Verma,Ujjain,Madhya Pradesh,23.4211,75.9001,Pulses,2.98,46.2,21.0,26.3,65.4,60.0,0.35,0.398,0.257,1.17,1.16,0.199,Rabi,None,0.361,6480.0,0.212,0.321,0.3641,0
FARM-810,Lakshmi Murugan,Hisar,Haryana,29.3928,75.8957,Mustard,3.73,89.7,27.0,21.6,50.4,55.9,0.505,0.207,0.396,1.3,1.36,0.259,Rabi,Good,0.418,5947.0,0.519,0.74,0.1334,0
FARM-811,Ganesh Das,Gaya,Bihar,24.941,85.0701,Wheat,1.33,56.2,41.2,27.8,26.4,75.5,0.075,0.549,0.358,4.29,4.07,0.458,Rabi,Good,0.503,2186.0,0.099,0.552,0.2403,0
FARM-812,Sunil Patil,Jaipur,Rajasthan,27.1139,76.0052,Maize,1.54,57.4,13.6,29.5,20.9,40.7,0.294,0.155,0.378,3.41,3.31,0.34,Kharif,None,0.38,2073.0,0.326,0.337,0.6745,1
FARM-813,Vijay Ghosh,Bhavnagar,Gujarat,21.6066,72.046,Cotton,3.46,65.2,40.3,27.3,89.4,52.7,0.535,0.12,0.581,2.2,2.35,0.339,Kharif,Good,0.245,6306.0,0.35,0.783,0.0715,0
FARM-814,Bhagwan Mondal,Varanasi,Uttar Pradesh,25.1059,82.8189,Rice,3.56,62.2,29.5,27.2,54.5,64.4,0.115,0.245,0.422,3.42,3.4,0.31,Kharif,None,0.231,2298.0,0.206,0.507,0.2649,0
FARM-815,Rajinder Kumar,Dharwad,Karnataka,15.2903,75.1012,Maize,1.44,45.8,42.7,29.2,172.9,59.1,0.528,0.258,0.234,1.82,1.92,0.664,Kharif,None,0.619,2113.0,0.431,0.246,0.8216,0
FARM-816,Prakash Kumar,Ujjain,Madhya Pradesh,23.4957,75.9265,Mustard,0.94,58.8,25.4,22.9,49.1,46.8,0.145,0.356,0.223,1.7,1.93,0.317,Rabi,None,0.165,5284.0,0.348,0.394,0.101,0
FARM-817,Radha Kumar,Jodhpur,Rajasthan,26.7337,73.1549,Cotton,5.63,50.8,20.3,28.1,26.6,30.2,0.387,0.074,0.702,2.39,2.41,0.703,Kharif,None,0.695,7200.0,0.162,0.405,0.9129,1
FARM-818,Radha Deshmukh,Raichur,Karnataka,16.156,76.9241,Maize,1.82,56.7,23.2,26.0,65.0,75.3,0.445,0.257,0.384,2.13,2.12,0.36,Kharif,Good,0.324,2117.0,0.266,0.655,0.1019,0
FARM-819,Gurpreet Chauhan,Thanjavur,Tamil Nadu,10.632,78.952,Maize,5.12,49.7,36.6,27.0,81.6,67.5,0.559,0.281,0.587,2.15,2.17,0.699,Kharif,Good,0.16,2111.0,0.191,0.591,0.356,1
FARM-820,Ganesh Naidu,Nizamabad,Telangana,18.8382,78.1766,Pulses,0.66,59.6,17.8,25.2,44.2,59.8,0.681,0.166,0.444,0.82,0.86,0.357,Rabi,None,0.427,6151.0,0.356,0.458,0.6965,1
FARM-821,Pushpa Das,Sirsa,Haryana,29.6887,74.8893,Rice,1.28,68.2,20.6,25.4,67.4,79.6,0.14,0.123,0.443,5.68,5.95,0.453,Kharif,None,0.488,2333.0,0.221,0.297,0.6931,1
FARM-822,Prakash Pillai,Muzaffarpur,Bihar,25.9925,85.2909,Rice,1.9,69.3,45.7,27.9,124.4,74.4,0.384,0.351,0.609,3.15,3.4,0.607,Kharif,Good,0.548,2252.0,0.224,0.679,0.3113,1
FARM-823,Kishan Rao,Jaipur,Rajasthan,26.7518,75.5761,Wheat,3.09,50.9,11.4,27.2,30.1,34.0,0.737,0.108,0.02,4.16,4.31,0.313,Rabi,None,0.426,2393.0,0.237,0.352,0.7409,1
FARM-824,Ramesh Pillai,Gaya,Bihar,24.9232,84.848,Pulses,2.82,79.0,46.9,28.1,89.9,82.2,0.243,0.632,0.666,1.27,1.26,0.609,Rabi,Good,0.596,7199.0,0.42,0.665,0.3953,1
FARM-825,Shanti Deshmukh,Rohtak,Haryana,28.9143,76.4493,Cotton,1.04,76.7,17.4,24.7,23.5,51.8,0.279,0.222,0.56,2.3,2.29,0.255,Kharif,None,0.185,7305.0,0.26,0.48,0.2517,0
FARM-826,Manoj Meena,Kurnool,Andhra Pradesh,15.949,77.9176,Rice,5.49,45.4,38.2,25.0,16.1,73.3,0.336,0.203,0.455,4.0,3.96,0.472,Kharif,Good,0.182,2267.0,0.187,0.635,0.2032,1
FARM-827,Sunita Rathore,Nizamabad,Telangana,18.5252,78.0768,Rice,3.61,57.8,12.9,28.5,65.8,78.0,0.627,0.224,0.468,4.7,5.01,0.47,Kharif,None,0.879,2416.0,0.327,0.211,0.935,1
FARM-828,Laxman Naidu,Rajkot,Gujarat,22.2446,71.3232,Wheat,4.28,48.7,31.0,26.4,78.2,50.9,0.575,0.166,0.284,4.11,4.03,0.545,Rabi,Good,0.605,2413.0,0.636,0.564,0.6507,1
FARM-829,Dinesh Singh,Sirsa,Haryana,29.3958,75.0107,Rice,2.81,52.7,16.6,26.3,42.2,61.9,0.276,0.118,0.334,4.57,4.38,0.702,Kharif,None,0.38,2253.0,0.126,0.412,0.8326,1
FARM-830,Lakshmi Jadhav,Amritsar,Punjab,31.9074,74.9519,Wheat,2.85,71.1,35.8,23.8,31.5,59.9,0.282,0.303,0.449,4.43,4.48,0.507,Rabi,Good,0.269,2319.0,0.244,0.718,0.1371,0
FARM-831,Kishan Sharma,Muzaffarpur,Bihar,26.3117,85.649,Maize,3.26,60.8,30.3,27.1,115.1,76.1,0.518,0.355,0.388,3.26,3.07,0.53,Kharif,None,0.889,2051.0,0.23,0.314,0.8427,1
FARM-832,Mahesh Kumar,Sri Ganganagar,Rajasthan,29.9167,73.7209,Maize,1.54,24.5,13.8,28.2,10.5,28.3,0.444,0.209,0.148,3.27,3.57,0.364,Kharif,None,0.604,2213.0,0.45,0.164,0.99,1
FARM-833,Geeta Kumar,Jodhpur,Rajasthan,26.4725,72.8681,Pulses,2.53,56.5,30.9,21.5,47.0,45.8,0.366,0.368,0.438,1.27,1.3,0.534,Rabi,Partial,0.515,7112.0,0.282,0.379,0.5261,0
FARM-834,Sunil Kaur,Guntur,Andhra Pradesh,16.533,80.7861,Cotton,4.27,64.8,30.4,29.8,75.2,82.1,0.48,0.295,0.77,2.08,2.18,0.633,Kharif,Partial,0.502,5499.0,0.115,0.57,0.5608,1
FARM-835,Laxman Das,Gwalior,Madhya Pradesh,26.0264,78.0457,Maize,1.1,48.8,30.5,22.8,101.5,40.1,0.2,0.289,0.45,3.09,3.27,0.572,Kharif,None,0.225,2136.0,0.536,0.407,0.3934,0
FARM-836,Harpreet Choudhary,Solapur,Maharashtra,17.2394,76.1142,Sugarcane,3.49,76.3,25.6,26.8,53.7,43.4,0.544,0.33,0.234,56.07,55.91,0.731,Annual,None,0.719,374.0,0.161,0.383,0.8902,1
FARM-837,Ramesh Jat,Khammam,Telangana,17.5283,80.6698,Cotton,5.87,39.6,32.5,24.7,45.7,58.0,0.433,0.156,0.675,1.51,1.59,0.28,Kharif,Good,0.583,6888.0,0.068,0.623,0.3651,0
FARM-838,Kamla Patil,Dharwad,Karnataka,15.6058,74.9495,Cotton,4.81,74.7,38.4,27.2,107.9,60.6,0.484,0.41,0.628,1.55,1.64,0.344,Kharif,Good,0.313,6591.0,0.188,0.752,0.0816,1
FARM-839,Shanti Kaur,Darbhanga,Bihar,25.8738,85.7833,Wheat,4.37,76.8,27.0,26.4,41.9,67.6,0.462,0.413,0.265,5.01,4.69,0.512,Rabi,Good,0.626,2132.0,0.624,0.642,0.382,0
FARM-840,Harpreet Das,Sirsa,Haryana,29.6477,74.7789,Sugarcane,1.53,76.8,39.5,27.0,25.0,51.3,0.253,0.379,0.247,73.66,72.46,0.233,Annual,Good,0.604,365.0,0.094,0.686,0.01,0
FARM-841,Sanjay Rao,Bhopal,Madhya Pradesh,23.5562,77.4252,Maize,2.68,63.9,44.5,25.6,94.7,70.8,0.11,0.142,0.424,3.03,3.43,0.477,Kharif,Partial,0.44,2289.0,0.38,0.53,0.0607,0
FARM-842,Laxman Rathore,Warangal,Telangana,18.433,79.5321,Cotton,1.2,48.9,39.6,28.3,182.7,41.6,0.701,0.299,0.752,2.18,2.09,0.242,Kharif,Partial,0.313,7070.0,0.75,0.526,0.6824,1
FARM-843,Suresh Deshmukh,Salem,Tamil Nadu,11.4892,78.0869,Maize,3.28,67.8,13.8,31.7,51.1,59.2,0.527,0.412,0.587,2.71,2.81,0.39,Kharif,None,0.244,2093.0,0.223,0.329,0.7439,1
FARM-844,Gurpreet Rathore,Mysuru,Karnataka,12.551,76.9618,Sugarcane,1.26,59.8,37.2,25.8,104.6,60.2,0.6,0.429,0.34,57.35,60.8,0.29,Annual,Partial,0.509,369.0,0.484,0.382,0.7532,1
FARM-845,Kavita Naidu,Mysuru,Karnataka,12.1587,76.69,Sugarcane,2.02,72.5,26.9,30.0,16.1,59.5,0.456,0.379,0.434,85.3,83.02,0.238,Annual,Good,0.183,327.0,0.319,0.7,0.1499,0
FARM-846,Rekha Rao,Sirsa,Haryana,29.3857,75.2327,Rice,0.5,76.8,13.3,26.4,18.0,44.8,0.526,0.17,0.469,4.43,4.48,0.588,Kharif,Partial,0.438,2305.0,0.448,0.59,0.8654,1
FARM-847,Meena Ghosh,Bhopal,Madhya Pradesh,23.2245,77.3062,Wheat,4.76,60.9,36.4,22.3,105.9,60.5,0.399,0.213,0.193,3.88,3.75,0.458,Rabi,Good,0.647,2374.0,0.306,0.621,0.1841,0
FARM-848,Suresh Kumar,Varanasi,Uttar Pradesh,25.212,82.9116,Sugarcane,3.78,63.7,37.2,31.1,90.7,61.7,0.523,0.358,0.511,80.07,86.59,0.532,Annual,Good,0.341,344.0,0.66,0.661,0.4624,1
FARM-849,Raju Chauhan,Bikaner,Rajasthan,28.2312,73.1374,Pulses,2.22,49.6,9.7,25.7,38.8,43.0,0.827,0.076,0.461,0.33,0.32,0.412,Rabi,None,0.681,6074.0,0.259,0.404,0.9731,1
FARM-850,Narayan Patel,Jodhpur,Rajasthan,26.1899,72.775,Mustard,2.12,40.3,16.8,28.5,23.0,38.9,0.607,0.076,0.242,2.19,2.07,0.467,Rabi,Partial,0.615,5736.0,0.184,0.458,0.6125,1
FARM-851,Manoj Yadav,Mandya,Karnataka,12.6125,76.9811,Sugarcane,1.5,54.0,34.9,20.5,74.6,57.0,0.301,0.367,0.325,71.79,72.13,0.273,Annual,Good,0.625,353.0,0.417,0.556,0.3481,0
FARM-852,Meena Choudhary,Warangal,Telangana,17.7276,79.6947,Cotton,6.93,61.7,33.3,24.5,98.5,52.4,0.37,0.25,0.59,2.88,3.22,0.604,Kharif,None,0.513,6696.0,0.218,0.348,0.6149,0
FARM-853,Pushpa Singh,Nizamabad,Telangana,18.896,78.3285,Cotton,2.96,81.8,29.6,28.3,178.4,47.6,0.569,0.317,0.513,1.68,1.87,0.46,Kharif,None,0.344,6578.0,0.221,0.54,0.2737,0
FARM-854,Raju Jat,Coimbatore,Tamil Nadu,10.8618,76.9699,Rice,1.2,38.4,65.9,31.0,246.7,73.2,0.391,0.356,0.404,5.51,5.72,0.177,Kharif,Good,0.291,2173.0,0.475,0.628,0.0993,0
FARM-855,Prakash Kumar,Muzaffarpur,Bihar,26.0924,85.5956,Wheat,2.5,67.9,20.7,25.9,110.0,78.4,0.283,0.439,0.291,5.37,5.34,0.384,Rabi,None,0.253,2175.0,0.119,0.526,0.0828,0
FARM-856,Gurpreet Singh,Warangal,Telangana,18.3533,79.5262,Maize,3.15,39.6,20.8,28.4,66.0,70.0,0.549,0.313,0.565,2.78,2.77,0.606,Kharif,None,0.375,2294.0,0.159,0.442,0.8483,1
FARM-857,Anil Naidu,Rohtak,Haryana,28.7349,76.685,Wheat,5.96,61.9,37.5,25.3,41.8,46.6,0.544,0.177,0.137,3.72,3.62,0.175,Rabi,Good,0.13,2048.0,0.205,0.699,0.01,0
FARM-858,Mahesh Meena,Madurai,Tamil Nadu,10.0812,78.2085,Rice,4.61,79.9,31.7,27.1,110.7,76.5,0.573,0.313,0.302,4.97,5.29,0.414,Kharif,Partial,0.308,2328.0,0.187,0.536,0.2309,0
FARM-859,Sohan Reddy,Hisar,Haryana,28.7856,75.7401,Sugarcane,6.99,70.7,42.4,23.6,75.7,59.1,0.332,0.004,0.399,67.6,66.81,0.099,Annual,Good,0.138,387.0,0.019,0.609,0.01,0
FARM-860,Prakash Das,Surat,Gujarat,21.1656,72.6863,Cotton,1.29,77.2,24.6,25.5,62.9,56.1,0.43,0.197,0.482,1.49,1.53,0.232,Kharif,Good,0.359,6401.0,0.535,0.66,0.1006,0
FARM-861,Ganesh Ghosh,Anantapur,Andhra Pradesh,14.4204,77.6328,Pulses,4.81,54.3,36.7,27.4,42.4,59.7,0.27,0.497,0.415,1.22,1.24,0.423,Rabi,Good,0.568,6837.0,0.147,0.517,0.3127,1
FARM-862,Meena Kumar,Jabalpur,Madhya Pradesh,23.324,80.2396,Wheat,1.85,58.4,29.7,27.7,76.2,62.6,0.59,0.124,0.11,4.28,4.46,0.308,Rabi,Good,0.32,2478.0,0.534,0.567,0.1173,0
FARM-863,Babu Verma,Solapur,Maharashtra,17.4354,76.1327,Sugarcane,1.31,41.7,23.8,25.9,41.3,43.7,0.546,0.354,0.361,67.57,72.56,0.323,Annual,Good,0.408,345.0,0.151,0.563,0.4267,0
FARM-864,Ganesh Rathore,Murshidabad,West Bengal,24.1499,88.429,Rice,1.15,52.3,65.0,31.0,294.1,79.6,0.405,0.439,0.428,3.39,3.38,0.868,Kharif,Good,0.529,2406.0,0.435,0.504,0.613,1
FARM-865,Suresh Yadav,Belagavi,Karnataka,15.9201,74.575,Rice,1.17,76.7,33.4,24.6,40.7,56.1,0.413,0.398,0.325,5.12,5.57,0.264,Kharif,Good,0.297,2113.0,0.691,0.75,0.1737,0
FARM-866,Suresh Patil,Gaya,Bihar,25.0079,85.0823,Pulses,1.06,48.4,33.3,24.9,95.4,66.6,0.417,0.408,0.434,0.69,0.7,0.343,Rabi,Good,0.542,7234.0,0.436,0.678,0.3623,1
FARM-867,Raju Jadhav,Krishna,Andhra Pradesh,16.3888,80.9805,Rice,3.82,70.2,10.7,25.2,120.4,71.6,0.492,0.341,0.271,3.95,3.8,0.325,Kharif,None,0.74,2217.0,0.17,0.318,0.7055,0
FARM-868,Ganesh Jadhav,Guntur,Andhra Pradesh,16.2393,80.5411,Pulses,6.76,50.0,28.9,25.9,115.4,63.6,0.448,0.322,0.434,0.88,0.8,0.722,Rabi,None,0.753,7734.0,0.131,0.392,0.8568,1
FARM-869,Rajinder Kumar,Nadia,West Bengal,23.1115,88.5019,Rice,3.37,68.8,33.3,30.8,144.1,73.8,0.26,0.399,0.249,4.9,4.63,0.242,Kharif,Partial,0.307,2215.0,0.354,0.611,0.0849,0
FARM-870,Manoj Kumar,Raichur,Karnataka,16.1007,77.451,Sugarcane,2.9,45.7,28.3,29.4,39.1,69.7,0.391,0.413,0.549,79.56,91.91,0.431,Annual,Partial,0.248,372.0,0.146,0.437,0.7436,0
FARM-871,Meena Chauhan,Ahmedabad,Gujarat,23.2003,72.3595,Wheat,5.35,52.1,40.9,27.5,77.5,58.4,0.483,0.293,0.277,3.95,4.03,0.508,Rabi,Good,0.332,2122.0,0.166,0.678,0.0372,0
FARM-872,Anil Ghosh,Karnal,Haryana,30.12,77.128,Rice,4.37,73.7,39.4,26.1,62.0,56.4,0.177,0.03,0.345,4.6,4.54,0.653,Kharif,Good,0.346,2571.0,0.334,0.662,0.1002,0
FARM-873,Kishan Ghosh,Amritsar,Punjab,31.3713,74.8871,Wheat,3.77,87.8,26.2,21.1,49.6,42.1,0.169,0.202,0.362,5.69,5.61,0.367,Rabi,Good,0.431,2124.0,0.36,0.74,0.01,0
FARM-874,Sanjay Jadhav,Rajkot,Gujarat,22.2571,71.0804,Wheat,3.53,40.4,28.8,31.1,51.6,46.8,0.729,0.252,0.458,4.29,4.38,0.715,Rabi,Partial,0.554,2083.0,0.458,0.461,0.9429,1
FARM-875,Kishan Kaur,Nagpur,Maharashtra,21.1359,78.7371,Cotton,1.5,64.2,26.8,33.2,73.7,53.7,0.41,0.267,0.338,1.45,1.52,0.294,Kharif,None,0.073,6178.0,0.104,0.445,0.1793,0
FARM-876,Ramesh Jadhav,Anantapur,Andhra Pradesh,14.4275,77.7686,Pulses,3.79,65.3,16.6,30.9,64.7,56.1,0.577,0.427,0.466,1.15,1.27,0.351,Rabi,None,0.17,6310.0,0.316,0.469,0.4952,0
FARM-877,Mohan Naidu,Hisar,Haryana,29.2106,75.5059,Wheat,12.26,63.7,34.3,24.7,55.2,56.1,0.315,0.264,0.399,5.27,5.35,0.433,Rabi,Good,0.208,2475.0,0.322,0.702,0.0651,0
FARM-878,Anita Reddy,Mandya,Karnataka,12.423,76.8723,Sugarcane,1.05,67.7,14.5,27.2,67.8,62.5,0.609,0.162,0.249,84.39,84.85,0.441,Annual,None,0.705,242.0,0.355,0.277,0.99,1
FARM-879,Narayan Kumar,Darbhanga,Bihar,25.7688,86.2515,Wheat,2.83,55.1,36.9,25.8,99.6,83.6,0.498,0.702,0.363,4.12,4.27,0.354,Rabi,Partial,0.608,2172.0,0.238,0.533,0.6198,0
FARM-880,Lakshmi Singh,Hisar,Haryana,29.1937,75.6051,Mustard,1.99,49.1,37.9,26.9,60.3,55.1,0.218,0.293,0.196,1.32,1.44,0.288,Rabi,Good,0.345,6174.0,0.123,0.623,0.01,0
FARM-881,Rajinder Verma,Nalgonda,Telangana,16.9784,79.0811,Maize,1.92,55.1,34.1,28.7,68.9,54.8,0.619,0.189,0.341,2.32,2.39,0.59,Kharif,Good,0.208,1914.0,0.276,0.682,0.1601,0
FARM-882,Ramesh Jat,Ujjain,Madhya Pradesh,23.2487,75.523,Wheat,3.0,53.5,35.0,25.7,113.6,71.9,0.571,0.445,0.403,4.22,4.27,0.423,Rabi,Partial,0.626,2264.0,0.234,0.376,0.6279,0
FARM-883,Prakash Sharma,Sirsa,Haryana,29.9562,75.0209,Rice,0.44,77.9,26.9,26.5,50.8,70.8,0.447,0.142,0.533,3.88,4.17,0.203,Kharif,Partial,0.163,2231.0,0.452,0.656,0.2033,0
FARM-884,Sohan Naidu,Ujjain,Madhya Pradesh,22.9305,76.1565,Wheat,1.67,47.5,34.3,28.1,43.4,63.6,0.431,0.322,0.393,5.54,5.48,0.495,Rabi,Partial,0.23,2300.0,0.481,0.566,0.4903,1
FARM-885,Rajinder Yadav,Salem,Tamil Nadu,12.0639,77.7555,Maize,2.44,57.5,42.2,29.6,75.6,71.3,0.335,0.258,0.237,2.71,2.65,0.773,Kharif,Good,0.731,2028.0,0.59,0.598,0.4853,0
FARM-886,Rajinder Jat,Warangal,Telangana,17.8737,79.4121,Rice,1.36,40.0,20.0,30.8,74.5,42.6,0.423,0.214,0.225,2.84,3.16,0.601,Kharif,None,0.323,2220.0,0.322,0.329,0.8583,0
FARM-887,Radha Singh,Hooghly,West Bengal,22.7962,88.3947,Pulses,1.55,81.9,55.8,27.0,248.9,80.2,0.223,0.583,0.541,1.16,1.07,0.422,Rabi,Partial,0.642,6224.0,0.208,0.633,0.0517,0
FARM-888,Dinesh Choudhary,Patna,Bihar,25.3826,84.9672,Pulses,4.57,54.9,42.3,23.5,98.1,74.5,0.341,0.588,0.669,1.66,1.66,0.818,Rabi,Partial,0.249,6804.0,0.374,0.452,0.6079,1
FARM-889,Pushpa Naidu,Sirsa,Haryana,29.6969,74.8999,Wheat,1.9,93.6,18.0,24.0,63.4,47.7,0.575,0.182,0.359,4.42,4.59,0.332,Rabi,None,0.576,2390.0,0.185,0.386,0.3671,0
FARM-890,Lakshmi Rathore,Rohtak,Haryana,28.6647,76.6065,Wheat,1.18,70.0,39.1,26.8,52.3,40.0,0.376,0.18,0.278,5.21,5.67,0.655,Rabi,Good,0.423,2254.0,0.263,0.573,0.0649,0
FARM-891,Manoj Patel,Rohtak,Haryana,28.6147,76.6184,Sugarcane,1.93,63.5,45.7,22.7,39.2,50.3,0.126,0.239,0.403,81.41,80.28,0.306,Annual,Good,0.271,352.0,0.473,0.7,0.1428,0
FARM-892,Kavita Patil,Aurangabad,Maharashtra,19.7447,75.7566,Cotton,4.1,70.4,11.4,28.2,57.0,45.2,0.691,0.364,0.783,1.91,2.1,0.841,Kharif,None,0.775,6353.0,0.244,0.388,0.99,1
FARM-893,Anita Kumar,Patiala,Punjab,30.3194,76.1108,Wheat,4.81,87.2,39.5,24.1,29.7,49.8,0.0,0.274,0.227,4.67,4.9,0.545,Rabi,Good,0.395,2537.0,0.144,0.686,0.0338,0
FARM-894,Vijay Yadav,Ujjain,Madhya Pradesh,23.1509,75.8486,Maize,3.43,55.3,21.9,24.7,70.4,56.1,0.535,0.36,0.589,2.66,2.77,0.389,Kharif,None,0.284,2206.0,0.211,0.403,0.5889,0
FARM-895,Pushpa Rathore,Kota,Rajasthan,25.0628,75.9921,Mustard,1.65,39.7,36.0,27.3,55.9,36.2,0.693,0.303,0.328,1.12,1.21,0.402,Rabi,Good,0.32,6110.0,0.177,0.541,0.2761,0
FARM-896,Ramesh Gowda,Nagpur,Maharashtra,21.0142,78.9642,Rice,2.31,48.8,15.2,28.0,11.2,46.3,0.328,0.039,0.272,4.74,4.56,0.349,Kharif,None,0.158,2154.0,0.334,0.413,0.8964,1
FARM-897,Laxman Patil,Krishna,Andhra Pradesh,16.5642,81.0889,Maize,2.99,64.7,11.2,30.7,37.4,56.8,0.643,0.419,0.264,4.12,4.3,0.43,Kharif,None,0.395,2201.0,0.255,0.492,0.7789,1
FARM-898,Geeta Sharma,Darbhanga,Bihar,26.351,85.8987,Maize,1.18,68.4,46.9,25.3,134.5,73.1,0.545,0.4,0.482,3.74,3.68,0.446,Kharif,Good,0.604,2079.0,0.415,0.649,0.3597,1
FARM-899,Lakshmi Pillai,Gorakhpur,Uttar Pradesh,26.9329,83.5452,Wheat,3.12,76.0,34.1,23.5,32.0,47.7,0.06,0.506,0.044,4.99,5.03,0.553,Rabi,Partial,0.352,2323.0,0.209,0.563,0.0708,0
FARM-900,Kamla Meena,Nadia,West Bengal,23.5402,88.1118,Pulses,1.06,76.1,59.5,26.8,198.4,79.9,0.029,0.497,0.672,0.33,0.36,0.165,Rabi,Good,0.322,6423.0,0.127,0.68,0.0797,0
FARM-901,Suresh Sharma,Madurai,Tamil Nadu,10.018,78.2782,Sugarcane,3.26,56.4,13.8,30.9,42.1,69.7,0.333,0.158,0.106,62.5,62.31,0.38,Annual,None,0.342,305.0,0.197,0.422,0.6369,1
FARM-902,Dinesh Singh,Belagavi,Karnataka,15.9302,74.9871,Maize,5.6,40.5,33.0,22.2,66.4,81.8,0.299,0.147,0.663,3.71,3.87,0.364,Kharif,None,0.626,1994.0,0.408,0.295,0.7401,1
FARM-903,Rekha Rao,Rohtak,Haryana,28.8746,76.3566,Mustard,6.57,68.6,38.6,27.6,47.7,71.1,0.126,0.488,0.33,1.7,1.73,0.19,Rabi,Partial,0.55,5649.0,0.167,0.511,0.1172,0
FARM-904,Dinesh Verma,Guntur,Andhra Pradesh,16.3877,80.3801,Cotton,2.86,40.6,47.8,24.8,78.6,60.6,0.349,0.316,0.688,1.53,1.43,0.401,Kharif,Good,0.637,6927.0,0.061,0.557,0.4741,0
FARM-905,Rekha Yadav,Ujjain,Madhya Pradesh,23.1815,75.8775,Mustard,5.13,61.1,46.1,25.8,138.1,52.8,0.301,0.31,0.341,2.4,2.42,0.352,Rabi,Good,0.401,6792.0,0.055,0.652,0.0168,0
FARM-906,Lakshmi Singh,Gorakhpur,Uttar Pradesh,26.4556,83.3302,Wheat,1.49,58.8,57.2,29.7,117.2,65.4,0.163,0.255,0.091,4.62,5.06,0.333,Rabi,Good,0.384,2188.0,0.18,0.629,0.01,0
FARM-907,Radha Choudhary,Coimbatore,Tamil Nadu,11.1057,77.0532,Pulses,4.31,57.6,57.6,31.8,144.8,56.6,0.395,0.289,0.218,1.26,1.56,0.677,Rabi,Good,0.341,6724.0,0.562,0.613,0.238,1
FARM-908,Anita Singh,Bathinda,Punjab,29.8974,75.0569,Wheat,2.0,90.1,23.9,28.2,73.7,41.3,0.624,0.011,0.341,4.94,5.12,0.717,Rabi,Good,0.181,2284.0,0.473,0.749,0.0618,0
FARM-909,Dinesh Mondal,Krishna,Andhra Pradesh,16.3945,80.7684,Pulses,0.81,86.4,16.0,28.4,32.2,58.6,0.412,0.392,0.511,1.02,1.05,0.545,Rabi,None,0.313,6217.0,0.455,0.498,0.4914,0
FARM-910,Savita Ghosh,Gaya,Bihar,24.5707,84.9617,Pulses,1.3,78.7,43.1,25.8,64.1,62.8,0.404,0.394,0.341,1.08,1.0,0.526,Rabi,Good,0.398,6585.0,0.142,0.619,0.1346,0
FARM-911,Raju Patel,Nalgonda,Telangana,17.0648,79.3538,Cotton,2.32,46.8,37.4,26.1,49.7,52.3,0.251,0.275,0.685,2.0,2.15,0.671,Kharif,Good,0.167,7266.0,0.292,0.64,0.2374,0
FARM-912,Meena Jadhav,Jodhpur,Rajasthan,26.346,72.901,Mustard,1.14,50.7,27.0,28.2,31.2,31.8,0.547,0.0,0.365,0.98,1.01,0.322,Rabi,Partial,0.445,4658.0,0.048,0.5,0.1987,0
FARM-913,Shanti Patel,Bikaner,Rajasthan,28.2285,73.3248,Pulses,3.22,35.0,24.5,30.5,41.2,21.7,0.609,0.117,0.133,1.17,1.22,0.14,Rabi,None,0.349,6279.0,0.292,0.296,0.4763,1
FARM-914,Shanti Gowda,Anantapur,Andhra Pradesh,14.5901,77.5419,Pulses,4.12,71.9,29.3,28.1,65.3,59.3,0.364,0.29,0.514,1.34,1.5,0.63,Rabi,Good,0.557,6490.0,0.152,0.622,0.2728,1
FARM-915,Geeta Gowda,Jabalpur,Madhya Pradesh,22.7975,80.132,Pulses,3.96,51.7,29.8,30.5,67.1,53.6,0.581,0.321,0.559,1.43,1.45,0.255,Rabi,Partial,0.46,5600.0,0.219,0.5,0.4733,0
FARM-916,Vijay Verma,Muzaffarpur,Bihar,26.3335,85.7197,Wheat,10.89,44.0,30.0,30.6,90.1,69.9,0.262,0.487,0.516,4.05,4.36,0.195,Rabi,None,0.387,2486.0,0.487,0.431,0.4816,1
FARM-917,Suresh Jat,Aurangabad,Maharashtra,19.6944,75.3641,Maize,2.11,48.1,41.5,28.0,77.5,51.6,0.316,0.464,0.507,3.5,3.57,0.185,Kharif,Good,0.534,2131.0,0.24,0.435,0.2936,0
FARM-918,Radha Jat,Gaya,Bihar,24.6743,85.1454,Rice,2.43,57.2,21.6,25.9,76.3,85.4,0.604,0.361,0.391,3.16,3.21,0.321,Kharif,None,0.647,1873.0,0.399,0.228,0.99,1
FARM-919,Sunil Choudhary,Sirsa,Haryana,29.6275,74.9781,Wheat,1.75,70.5,36.9,22.1,86.9,59.5,0.167,0.355,0.115,5.93,6.14,0.516,Rabi,Good,0.19,2282.0,0.333,0.701,0.01,0
FARM-920,Anil Pillai,Bhavnagar,Gujarat,21.7242,72.1219,Sugarcane,0.73,60.8,28.1,27.4,68.8,47.3,0.578,0.074,0.416,67.24,63.63,0.559,Annual,Good,0.465,315.0,0.223,0.654,0.3939,1
FARM-921,Mahesh Kaur,Nashik,Maharashtra,19.9119,74.0985,Pulses,5.57,62.2,18.8,29.1,62.6,58.4,0.717,0.228,0.335,1.46,1.44,0.539,Rabi,None,0.544,5278.0,0.452,0.371,0.8155,1
FARM-922,Sukhwinder Pillai,Varanasi,Uttar Pradesh,25.0393,82.9047,Sugarcane,4.83,69.7,39.3,25.4,95.2,59.8,0.331,0.418,0.396,71.73,75.29,0.353,Annual,Good,0.416,336.0,0.276,0.713,0.104,0
FARM-923,Babu Naidu,Nizamabad,Telangana,18.4881,78.3478,Rice,2.8,68.1,19.5,29.0,71.7,55.1,0.785,0.242,0.411,5.57,5.61,0.463,Kharif,None,0.362,2519.0,0.475,0.445,0.8591,1
FARM-924,Narayan Naidu,Belagavi,Karnataka,15.6399,74.4914,Maize,1.44,59.5,31.6,22.4,60.4,55.7,0.365,0.391,0.594,3.65,3.62,0.269,Kharif,Good,0.191,2064.0,0.45,0.592,0.2265,1
FARM-925,Ramesh Reddy,Agra,Uttar Pradesh,27.0321,78.0401,Rice,0.97,69.3,39.7,29.4,49.0,67.8,0.1,0.441,0.594,4.22,4.32,0.675,Kharif,Good,0.168,2171.0,0.571,0.631,0.3025,0
FARM-926,Vijay Jat,Khammam,Telangana,17.0376,80.3761,Cotton,1.91,68.1,45.4,29.0,161.3,46.9,0.317,0.304,0.497,1.31,1.35,0.584,Kharif,Partial,0.427,6261.0,0.12,0.574,0.1578,0
FARM-927,Geeta Jat,Patiala,Punjab,30.5079,76.5781,Wheat,3.97,94.3,33.6,21.9,84.4,61.5,0.519,0.069,0.313,5.28,5.19,0.286,Rabi,Partial,0.065,2515.0,0.325,0.632,0.0481,0
FARM-928,Gurpreet Yadav,Nagpur,Maharashtra,20.8691,79.0695,Sugarcane,0.59,46.7,27.1,30.1,67.7,55.9,0.559,0.0,0.303,70.37,73.23,0.884,Annual,None,0.693,320.0,0.105,0.313,0.9542,1
FARM-929,Sohan Sharma,Ahmedabad,Gujarat,22.922,72.6804,Cotton,3.42,48.6,15.8,27.9,63.8,62.4,0.685,0.256,0.806,1.11,1.17,0.309,Kharif,None,0.236,6228.0,0.168,0.386,0.7992,1
FARM-930,Kamla Kumar,Bareilly,Uttar Pradesh,28.1206,79.5307,Pulses,1.3,60.5,37.9,30.3,134.2,68.5,0.521,0.401,0.406,1.06,1.11,0.713,Rabi,Good,0.436,6455.0,0.518,0.595,0.4734,1
FARM-931,Gurpreet Bishnoi,Latur,Maharashtra,18.3025,76.5551,Maize,2.48,54.0,16.5,25.4,19.8,61.0,0.507,0.293,0.437,3.46,3.31,0.932,Kharif,None,0.735,2037.0,0.189,0.363,0.9794,1
FARM-932,Babu Reddy,Ahmedabad,Gujarat,23.1199,72.4983,Cotton,0.98,85.7,19.7,25.9,100.2,47.7,0.516,0.347,0.615,1.84,1.84,0.595,Kharif,None,0.109,6766.0,0.134,0.547,0.2279,0
FARM-933,Babu Sharma,Gorakhpur,Uttar Pradesh,26.865,83.1001,Rice,2.56,60.4,51.3,24.5,178.9,76.9,0.262,0.384,0.509,4.78,4.74,0.228,Kharif,Good,0.426,2076.0,0.4,0.708,0.0647,0
FARM-934,Shanti Patil,Solapur,Maharashtra,17.671,75.82,Sugarcane,1.29,52.4,25.8,27.4,18.5,44.0,0.249,0.305,0.369,88.9,88.66,0.491,Annual,None,0.374,398.0,0.086,0.376,0.8537,1
FARM-935,Ganesh Jat,Hisar,Haryana,28.8503,75.3891,Rice,3.79,53.4,33.8,24.9,67.8,58.3,0.574,0.312,0.278,3.89,3.99,0.202,Kharif,Good,0.182,2476.0,0.366,0.706,0.1121,0
FARM-936,Shanti Yadav,Kurnool,Andhra Pradesh,15.959,78.0994,Rice,5.94,66.2,26.7,26.6,45.3,68.6,0.505,0.422,0.677,5.05,4.93,0.147,Kharif,Good,0.351,2642.0,0.347,0.64,0.3208,0
FARM-937,Bhagwan Murugan,Nashik,Maharashtra,20.1542,73.4804,Maize,2.3,46.7,21.7,28.4,12.8,53.4,0.281,0.14,0.241,3.45,3.68,0.104,Kharif,None,0.219,1937.0,0.328,0.466,0.2501,0
FARM-938,Ramesh Jat,Aurangabad,Maharashtra,19.7844,75.1569,Pulses,2.24,59.5,26.3,28.9,127.2,59.3,0.415,0.143,0.701,1.19,1.32,0.296,Rabi,None,0.557,7197.0,0.344,0.371,0.5716,1
FARM-939,Anil Naidu,Bhavnagar,Gujarat,21.8347,72.2432,Pulses,1.23,48.2,29.6,29.1,35.5,46.3,0.6,0.253,0.397,0.43,0.45,0.584,Rabi,Good,0.462,6307.0,0.566,0.572,0.5406,1
FARM-940,Harpreet Singh,Nizamabad,Telangana,18.8447,78.1336,Rice,1.2,62.5,14.1,27.0,64.6,57.4,0.671,0.318,0.397,2.93,2.97,0.384,Kharif,None,0.211,1766.0,0.317,0.49,0.8323,1
FARM-941,Rekha Gowda,Kurnool,Andhra Pradesh,15.6572,77.8568,Cotton,7.16,50.0,24.1,27.7,44.0,67.7,0.637,0.487,0.585,1.66,1.75,0.409,Kharif,Good,0.589,6927.0,0.174,0.463,0.7638,1
FARM-942,Shanti Singh,Darbhanga,Bihar,26.2628,85.765,Maize,0.81,69.1,22.8,25.8,43.5,69.2,0.337,0.59,0.458,3.0,2.9,0.522,Kharif,None,0.12,2071.0,0.737,0.451,0.7957,1
FARM-943,Prakash Das,Sri Ganganagar,Rajasthan,29.7334,73.7024,Pulses,1.55,35.7,23.6,22.8,56.3,39.5,0.424,0.213,0.392,1.36,1.38,0.285,Rabi,None,0.666,5286.0,0.484,0.223,0.891,1
FARM-944,Harpreet Sharma,Sri Ganganagar,Rajasthan,29.7112,73.7386,Mustard,0.68,52.7,22.0,28.2,53.8,34.2,0.396,0.17,0.009,1.23,1.21,0.243,Rabi,None,0.29,6189.0,0.038,0.386,0.1347,1
FARM-945,Kishan Gowda,Kolhapur,Maharashtra,16.4833,73.9844,Maize,2.4,63.2,22.4,28.0,78.6,60.6,0.437,0.239,0.663,3.84,4.1,0.39,Kharif,None,0.276,2280.0,0.518,0.283,0.6501,1
FARM-946,Laxman Mondal,Bardhaman,West Bengal,23.3741,88.1103,Rice,1.73,74.1,45.7,29.9,207.5,62.3,0.292,0.45,0.33,4.56,4.35,0.351,Kharif,None,0.302,2459.0,0.556,0.518,0.1862,0
FARM-947,Babu Meena,Bathinda,Punjab,30.3721,74.9113,Rice,3.28,60.2,32.1,29.0,55.5,54.8,0.416,0.327,0.551,3.69,3.9,0.46,Kharif,Partial,0.292,2455.0,0.177,0.466,0.6071,1
FARM-948,Kamla Sharma,Murshidabad,West Bengal,24.0099,88.0428,Rice,4.27,68.6,42.6,27.1,64.8,85.0,0.053,0.481,0.38,4.37,4.32,0.601,Kharif,Good,0.543,2167.0,0.12,0.518,0.2278,0
FARM-949,Sohan Rathore,Gorakhpur,Uttar Pradesh,26.7777,83.2275,Rice,1.68,55.5,39.2,26.6,53.9,54.9,0.558,0.325,0.399,4.17,4.54,0.158,Kharif,Good,0.406,2491.0,0.275,0.736,0.202,0
FARM-950,Ganesh Jadhav,Solapur,Maharashtra,17.7088,75.9487,Rice,2.23,67.8,29.8,24.5,39.1,65.7,0.405,0.305,0.637,3.59,3.46,0.403,Kharif,Good,0.432,2442.0,0.121,0.775,0.2835,0
FARM-951,Meena Kumar,Aurangabad,Maharashtra,19.962,75.3792,Pulses,1.04,60.4,24.7,29.1,51.4,61.4,0.628,0.072,0.396,0.74,0.77,0.4,Rabi,Good,0.338,6978.0,0.117,0.765,0.0475,0
FARM-952,Raju Rathore,Sri Ganganagar,Rajasthan,29.932,74.0407,Wheat,4.71,63.4,12.0,28.9,38.1,20.0,0.634,0.223,0.0,4.01,4.07,0.093,Rabi,None,0.161,2166.0,0.368,0.523,0.1797,0
FARM-953,Anil Kaur,Patiala,Punjab,30.4319,76.5712,Rice,2.53,65.4,31.4,23.1,19.1,55.4,0.075,0.204,0.515,4.14,4.66,0.385,Kharif,Good,0.322,2161.0,0.055,0.63,0.01,0
FARM-954,Bhagwan Patel,Anantapur,Andhra Pradesh,14.8508,77.61,Cotton,1.95,59.4,29.9,27.8,181.5,60.9,0.495,0.415,0.692,1.5,1.65,0.806,Kharif,None,0.832,6246.0,0.21,0.281,0.9517,1
FARM-955,Sunita Deshmukh,Karnal,Haryana,29.844,77.4274,Wheat,2.89,62.3,26.4,29.9,48.2,58.5,0.463,0.143,0.34,5.12,5.24,0.509,Rabi,None,0.206,2043.0,0.851,0.441,0.6142,1
FARM-956,Rekha Patil,Anantapur,Andhra Pradesh,14.5816,77.5463,Rice,1.98,70.0,39.1,24.6,124.3,61.9,0.574,0.218,0.568,4.91,5.21,0.397,Kharif,Good,0.2,2545.0,0.467,0.686,0.1574,0
FARM-957,Vijay Deshmukh,Latur,Maharashtra,18.1327,76.5325,Cotton,5.44,71.6,52.1,27.8,172.6,63.3,0.527,0.331,0.642,2.48,2.59,0.509,Kharif,Good,0.463,7206.0,0.489,0.738,0.15,0
FARM-958,Rekha Deshmukh,Amritsar,Punjab,31.4038,74.8124,Rice,6.81,57.2,35.3,26.4,121.9,30.4,0.657,0.235,0.262,3.42,3.4,0.172,Kharif,Good,0.27,2160.0,0.214,0.746,0.0365,0
FARM-959,Laxman Chauhan,Ujjain,Madhya Pradesh,23.1216,75.6103,Pulses,1.53,38.0,43.4,28.2,79.3,58.0,0.437,0.151,0.415,1.4,1.5,0.354,Rabi,Good,0.168,6455.0,0.426,0.625,0.1295,0
FARM-960,Vijay Kumar,Nashik,Maharashtra,20.1737,73.8743,Cotton,1.56,61.6,14.4,23.8,43.9,62.1,0.447,0.097,0.589,2.63,2.79,0.559,Kharif,None,0.482,6650.0,0.145,0.407,0.8419,0
FARM-961,Gurpreet Deshmukh,Jabalpur,Madhya Pradesh,23.2267,80.0945,Maize,4.51,62.9,31.9,28.6,44.5,51.9,0.549,0.211,0.433,3.31,3.31,0.409,Kharif,Partial,0.488,2193.0,0.177,0.579,0.3885,0
FARM-962,Shanti Choudhary,Raichur,Karnataka,16.3973,77.7559,Rice,2.71,65.0,22.5,24.8,48.1,49.7,0.267,0.299,0.427,5.59,5.81,0.38,Kharif,Partial,0.269,2177.0,0.158,0.498,0.3271,0
FARM-963,Meena Verma,Krishna,Andhra Pradesh,16.62,80.9784,Maize,3.47,68.2,26.8,30.7,61.4,67.8,0.491,0.576,0.321,2.7,2.73,0.362,Kharif,Partial,0.141,2044.0,0.425,0.57,0.1905,1
FARM-964,Shanti Rathore,Murshidabad,West Bengal,23.7363,88.0527,Rice,3.36,64.5,14.9,24.3,77.0,77.1,0.589,0.692,0.643,3.5,3.51,0.613,Kharif,None,0.278,2443.0,0.564,0.543,0.9781,1
FARM-965,Narayan Kumar,Nalgonda,Telangana,17.0794,79.1136,Cotton,2.39,72.3,30.7,29.9,29.9,53.1,0.501,0.607,0.666,2.38,2.27,0.337,Kharif,Good,0.393,6046.0,0.273,0.675,0.5195,0
FARM-966,Narayan Singh,Dharwad,Karnataka,15.6223,75.2967,Cotton,3.95,50.1,21.9,23.6,40.0,63.8,0.364,0.207,0.511,1.26,1.21,0.273,Kharif,None,0.127,7819.0,0.292,0.371,0.5387,0
FARM-967,Bhagwan Sharma,Sirsa,Haryana,29.6234,74.8251,Rice,1.19,63.2,50.2,24.5,84.6,73.6,0.263,0.187,0.424,3.31,3.48,0.394,Kharif,Good,0.795,1978.0,0.358,0.594,0.28,0
FARM-968,Raju Sharma,Coimbatore,Tamil Nadu,10.7329,76.6867,Sugarcane,1.81,73.0,24.8,30.6,114.3,71.6,0.521,0.197,0.339,73.6,80.43,0.387,Annual,None,0.2,378.0,0.253,0.337,0.3606,1
FARM-969,Gurpreet Chauhan,Bardhaman,West Bengal,23.2471,88.1641,Pulses,2.0,78.8,41.6,27.2,131.8,54.6,0.306,0.532,0.436,0.33,0.35,0.369,Rabi,Good,0.626,6627.0,0.574,0.548,0.4248,1
FARM-970,Laxman Naidu,Hisar,Haryana,29.2934,75.5915,Wheat,2.94,71.7,33.4,24.8,33.7,48.7,0.628,0.155,0.037,4.93,5.23,0.212,Rabi,Good,0.476,2366.0,0.32,0.683,0.0648,0
FARM-971,Sohan Pillai,Madurai,Tamil Nadu,9.7793,77.9816,Sugarcane,3.19,43.9,53.1,30.5,171.1,66.0,0.268,0.43,0.522,67.7,69.44,0.377,Annual,Good,0.441,301.0,0.548,0.527,0.4535,0
FARM-972,Vijay Singh,Solapur,Maharashtra,17.901,75.9773,Sugarcane,4.12,51.5,12.6,27.0,35.4,63.1,0.424,0.336,0.327,75.07,80.31,0.623,Annual,None,0.227,392.0,0.321,0.409,0.9507,1
FARM-973,Vijay Meena,Warangal,Telangana,17.9141,79.613,Maize,2.57,54.9,25.9,28.8,41.3,54.7,0.333,0.336,0.458,5.11,5.12,0.466,Kharif,None,0.299,1886.0,0.246,0.391,0.6147,1
FARM-974,Sukhwinder Mondal,Latur,Maharashtra,18.1563,76.6423,Cotton,1.27,62.6,32.3,21.7,45.3,52.5,0.695,0.51,0.436,1.08,1.09,0.285,Kharif,Good,0.202,6196.0,0.214,0.654,0.2762,1
FARM-975,Rajinder Kaur,Nalgonda,Telangana,17.179,79.2637,Rice,3.67,53.3,36.6,27.8,119.3,55.6,0.606,0.318,0.547,2.83,3.07,0.396,Kharif,Partial,0.173,2074.0,0.457,0.548,0.4347,1
FARM-976,Sukhwinder Choudhary,Patiala,Punjab,30.3405,76.4671,Wheat,8.65,59.9,36.4,21.0,19.7,48.4,0.054,0.161,0.182,3.91,3.96,0.44,Rabi,Good,0.358,2216.0,0.018,0.678,0.0251,0
FARM-977,Sunil Pillai,Rajkot,Gujarat,22.5643,71.0263,Sugarcane,2.39,47.4,29.7,26.0,94.7,47.6,0.24,0.18,0.379,61.95,69.57,0.325,Annual,Partial,0.179,326.0,0.336,0.556,0.1411,0
FARM-978,Ganesh Kaur,Karnal,Haryana,29.6317,77.0394,Wheat,3.04,57.9,32.0,25.7,28.9,48.7,0.524,0.0,0.148,4.77,4.94,0.54,Rabi,Good,0.546,2187.0,0.185,0.563,0.171,0
FARM-979,Shanti Patel,Bikaner,Rajasthan,27.7049,73.0609,Maize,2.65,35.2,16.8,26.3,43.2,42.2,0.582,0.196,0.33,3.18,3.04,0.434,Kharif,Partial,0.828,2180.0,0.194,0.22,0.8966,1
FARM-980,Rekha Choudhary,Surat,Gujarat,20.8521,72.9628,Cotton,2.34,51.1,27.6,29.1,43.3,55.5,0.595,0.178,0.481,1.19,1.2,0.292,Kharif,Good,0.253,6580.0,0.705,0.541,0.4412,0
FARM-981,Vijay Meena,Aurangabad,Maharashtra,20.0969,74.9529,Rice,1.6,49.4,25.5,26.6,41.6,61.8,0.372,0.377,0.499,3.89,4.08,0.271,Kharif,None,0.409,2508.0,0.185,0.266,0.99,1
FARM-982,Rajinder Jat,Sirsa,Haryana,29.4209,75.3592,Sugarcane,8.91,86.8,39.8,23.8,72.4,51.7,0.333,0.279,0.413,95.72,100.75,0.188,Annual,Good,0.209,407.0,0.104,0.753,0.0808,0
FARM-983,Sanjay Patel,Ujjain,Madhya Pradesh,23.079,75.8266,Mustard,1.9,69.3,36.6,28.8,155.9,54.6,0.634,0.182,0.41,1.77,1.95,0.432,Rabi,None,0.386,5008.0,0.344,0.358,0.4851,1
FARM-984,Anil Sharma,Jodhpur,Rajasthan,26.2535,73.0362,Maize,1.11,60.0,29.7,28.2,39.4,24.6,0.636,0.0,0.204,3.04,3.2,0.726,Kharif,Partial,0.635,2203.0,0.296,0.456,0.6716,0
FARM-985,Ganesh Deshmukh,Mandya,Karnataka,12.5376,76.7423,Rice,1.37,69.4,9.8,28.5,67.6,62.1,0.657,0.089,0.49,5.15,5.29,0.388,Kharif,None,0.338,1646.0,0.169,0.393,0.8537,1
FARM-986,Raju Yadav,Amritsar,Punjab,31.5588,74.9031,Wheat,1.56,78.3,24.4,28.4,61.2,51.3,0.39,0.352,0.058,4.59,4.33,0.371,Rabi,Partial,0.248,2294.0,0.21,0.612,0.1131,0
FARM-987,Sunil Rathore,Murshidabad,West Bengal,24.0626,88.5199,Mustard,1.76,56.9,34.4,30.6,25.7,68.1,0.29,0.514,0.477,1.89,1.82,0.398,Rabi,Good,0.291,5651.0,0.309,0.668,0.1525,0
FARM-988,Harpreet Patil,Gaya,Bihar,24.6539,84.9781,Maize,13.12,44.9,47.8,24.6,103.1,76.7,0.308,0.79,0.573,3.98,4.02,0.441,Kharif,Good,0.251,2158.0,0.163,0.585,0.2746,0
FARM-989,Shanti Patil,Hisar,Haryana,29.3576,75.9301,Wheat,1.62,87.9,38.5,29.9,53.0,48.1,0.393,0.266,0.136,4.63,4.6,0.178,Rabi,Good,0.184,2244.0,0.174,0.788,0.01,0
FARM-990,Anil Jat,Hooghly,West Bengal,22.5269,88.3195,Rice,5.21,85.8,70.0,26.4,288.9,81.5,0.0,0.431,0.392,4.1,3.99,0.436,Kharif,None,0.052,2078.0,0.123,0.607,0.0119,0
FARM-991,Sunita Pillai,Bareilly,Uttar Pradesh,28.3742,79.393,Wheat,1.7,81.2,28.5,25.1,46.8,69.3,0.622,0.444,0.328,4.99,5.22,0.499,Rabi,Good,0.629,2541.0,0.317,0.602,0.4559,0
FARM-992,Radha Kumar,Jodhpur,Rajasthan,26.0468,73.0176,Pulses,1.25,63.9,32.0,24.6,38.4,38.0,0.718,0.23,0.201,0.84,0.8,0.138,Rabi,Good,0.322,5810.0,0.246,0.677,0.0741,0
FARM-993,Geeta Reddy,Jaipur,Rajasthan,27.0831,75.6409,Maize,4.84,48.6,13.3,32.6,49.9,38.9,0.574,0.17,0.305,3.12,3.32,0.575,Kharif,None,0.2,1970.0,0.103,0.345,0.7621,1
FARM-994,Laxman Kaur,Jaipur,Rajasthan,26.9785,76.018,Wheat,1.55,48.0,20.5,24.8,22.0,42.4,0.768,0.0,0.058,3.76,3.74,0.328,Rabi,Good,0.587,2316.0,0.461,0.57,0.3992,0
FARM-995,Kamla Patil,Coimbatore,Tamil Nadu,11.112,76.9739,Maize,3.44,67.5,45.9,29.1,33.8,71.7,0.267,0.262,0.286,3.33,2.98,0.369,Kharif,Good,0.148,2130.0,0.161,0.725,0.049,0
FARM-996,Sunil Pillai,Krishna,Andhra Pradesh,16.4358,80.9049,Cotton,1.28,66.7,38.8,29.7,68.3,69.1,0.384,0.337,0.804,1.44,1.39,0.379,Kharif,Good,0.463,6032.0,0.213,0.574,0.3815,1
FARM-997,Narayan Das,Mysuru,Karnataka,12.297,76.6608,Maize,1.4,54.1,34.5,28.4,103.5,56.3,0.408,0.426,0.363,3.13,3.08,0.376,Kharif,Good,0.273,1966.0,0.513,0.687,0.1308,0
FARM-998,Kishan Sharma,Latur,Maharashtra,18.2235,76.6673,Cotton,1.92,62.3,37.8,29.8,59.4,41.4,0.232,0.317,0.595,1.14,1.22,0.536,Kharif,Partial,0.267,6501.0,0.365,0.551,0.2377,0
FARM-999,Mohan Verma,Karnal,Haryana,29.6695,76.7867,Wheat,6.91,91.4,41.4,25.0,54.7,41.2,0.233,0.254,0.189,3.91,4.37,0.325,Rabi,Good,0.196,2201.0,0.084,0.841,0.0414,0
FARM-1000,Mahesh Meena,Rohtak,Haryana,28.9921,76.5489,Wheat,5.07,62.1,26.0,24.7,31.7,49.4,0.466,0.17,0.116,4.01,4.04,0.673,Rabi,Good,0.624,2008.0,0.295,0.688,0.2212,1
FARM-1001,Babu Mondal,Ahmedabad,Gujarat,22.8985,72.5749,Cotton,0.4,55.5,22.1,30.6,41.5,64.4,0.374,0.352,0.592,1.75,1.8,0.382,Kharif,Partial,0.476,6019.0,0.184,0.463,0.6244,0
FARM-1002,Gurpreet Chauhan,Karnal,Haryana,29.6947,76.8565,Mustard,2.07,68.6,27.6,22.2,23.4,47.8,0.244,0.231,0.555,1.28,1.27,0.29,Rabi,None,0.189,5500.0,0.349,0.574,0.1086,0
FARM-1003,Sanjay Das,Muzaffarpur,Bihar,26.2203,85.315,Wheat,5.38,56.3,45.5,25.3,143.8,66.0,0.169,0.69,0.454,5.15,5.34,0.42,Rabi,Good,0.407,2413.0,0.384,0.545,0.3042,1
FARM-1004,Vijay Yadav,Darbhanga,Bihar,25.9809,86.8013,Wheat,6.24,59.3,44.7,27.4,142.2,64.6,0.458,0.524,0.293,5.09,4.79,0.538,Rabi,Good,0.416,2217.0,0.587,0.754,0.1831,0
FARM-1005,Savita Jadhav,Salem,Tamil Nadu,11.3781,77.9634,Rice,2.07,55.5,27.7,28.4,23.7,73.0,0.468,0.423,0.52,4.86,5.27,0.69,Kharif,Good,0.251,2331.0,0.628,0.63,0.7012,0
FARM-1006,Sunil Murugan,Nagpur,Maharashtra,21.2081,79.2521,Pulses,5.65,53.8,29.3,27.7,61.1,58.9,0.618,0.099,0.533,1.6,1.58,0.399,Rabi,Partial,0.455,6360.0,0.251,0.463,0.4129,1
FARM-1007,Radha Gowda,Rajkot,Gujarat,22.2602,70.4435,Cotton,1.03,63.5,38.7,27.1,25.8,50.1,0.244,0.194,0.799,0.66,0.61,0.373,Kharif,Good,0.396,6339.0,0.436,0.585,0.4017,0
FARM-1008,Kishan Jadhav,Kurnool,Andhra Pradesh,16.3341,77.9661,Rice,3.6,60.1,40.0,28.0,38.4,63.7,0.261,0.407,0.575,3.38,3.46,0.188,Kharif,Good,0.196,2225.0,0.274,0.74,0.088,1
FARM-1009,Radha Bishnoi,Sirsa,Haryana,29.5578,75.2493,Sugarcane,2.29,63.3,31.6,25.8,42.4,50.0,0.454,0.214,0.331,74.94,72.14,0.239,Annual,Good,0.393,314.0,0.177,0.656,0.1558,0
FARM-1010,Pushpa Murugan,Nalgonda,Telangana,16.715,79.5223,Maize,3.06,46.0,34.4,31.1,143.6,54.2,0.503,0.235,0.329,4.25,4.28,0.574,Kharif,None,0.473,1884.0,0.127,0.319,0.6499,1
FARM-1011,Rajinder Deshmukh,Belagavi,Karnataka,16.0537,74.7325,Maize,2.45,53.7,42.3,27.4,175.2,58.3,0.388,0.383,0.408,2.99,3.02,0.338,Kharif,None,0.59,2098.0,0.119,0.385,0.4864,0
FARM-1012,Shankar Pillai,Murshidabad,West Bengal,24.3763,88.6174,Mustard,6.53,66.3,32.4,27.8,42.5,79.5,0.195,0.494,0.421,1.27,1.35,0.423,Rabi,None,0.532,5680.0,0.276,0.444,0.3353,1
FARM-1013,Kamla Jat,Madurai,Tamil Nadu,9.6201,78.1739,Pulses,4.09,63.6,29.2,28.3,120.1,69.5,0.72,0.349,0.593,0.89,0.99,0.243,Rabi,Good,0.434,5996.0,0.245,0.653,0.2384,1
FARM-1014,Narayan Jadhav,Bhavnagar,Gujarat,22.0001,72.3884,Cotton,7.93,53.8,8.6,24.6,43.6,49.8,0.462,0.249,0.51,2.4,2.42,0.132,Kharif,None,0.125,6814.0,0.24,0.408,0.4674,1
FARM-1015,Kishan Verma,Amritsar,Punjab,31.4052,74.6788,Wheat,2.28,73.6,39.5,22.4,77.0,53.4,0.265,0.427,0.298,5.16,5.05,0.306,Rabi,Good,0.296,2099.0,0.242,0.699,0.037,0
FARM-1016,Kamla Ghosh,Sri Ganganagar,Rajasthan,29.9632,74.0237,Wheat,1.54,40.1,29.7,27.6,28.8,40.8,0.469,0.267,0.0,2.88,2.74,0.36,Rabi,Good,0.151,2138.0,0.224,0.491,0.1145,0
FARM-1017,Anita Jat,Bikaner,Rajasthan,27.7182,73.3701,Mustard,1.02,53.9,22.9,28.8,28.7,47.7,0.832,0.302,0.201,1.88,1.97,0.164,Rabi,Good,0.279,5757.0,0.264,0.611,0.1158,0
FARM-1018,Sukhwinder Meena,Hooghly,West Bengal,22.9692,88.2055,Rice,2.19,72.6,36.2,24.4,149.5,67.3,0.319,0.466,0.65,4.17,4.36,0.238,Kharif,None,0.368,2185.0,0.256,0.397,0.2854,0
FARM-1019,Radha Kaur,Patna,Bihar,25.822,85.0968,Wheat,2.95,68.2,29.3,28.3,182.8,81.2,0.231,0.532,0.265,3.76,3.88,0.236,Rabi,None,0.336,2423.0,0.169,0.403,0.0984,0
FARM-1020,Laxman Jat,Sirsa,Haryana,29.6881,75.059,Rice,1.42,66.3,36.6,26.1,42.1,68.7,0.381,0.158,0.504,4.74,4.87,0.537,Kharif,Good,0.344,2510.0,0.454,0.772,0.2281,0
FARM-1021,Anil Rathore,Warangal,Telangana,17.9649,79.5043,Rice,0.68,60.0,41.5,30.8,94.6,47.2,0.454,0.325,0.26,4.16,4.07,0.496,Kharif,Good,0.211,2575.0,0.583,0.605,0.1891,0
FARM-1022,Pushpa Verma,Thanjavur,Tamil Nadu,10.7299,78.9616,Rice,6.0,62.6,26.6,29.4,93.8,65.4,0.68,0.029,0.493,4.77,4.75,0.325,Kharif,Partial,0.641,2781.0,0.167,0.44,0.5951,0
FARM-1023,Vijay Jadhav,Bareilly,Uttar Pradesh,28.1155,79.5498,Wheat,1.62,43.9,48.3,24.1,163.4,73.7,0.176,0.384,0.269,3.57,3.84,0.167,Rabi,Good,0.277,2218.0,0.156,0.599,0.0917,0
FARM-1024,Savita Patel,Indore,Madhya Pradesh,22.5392,76.1363,Wheat,2.87,55.6,36.1,28.5,41.0,70.2,0.195,0.314,0.16,4.66,4.8,0.239,Rabi,Good,0.291,2404.0,0.195,0.631,0.047,0
FARM-1025,Meena Naidu,Raichur,Karnataka,16.1393,77.4576,Rice,2.41,36.2,43.7,27.9,161.8,58.6,0.34,0.223,0.366,4.12,4.42,0.21,Kharif,Good,0.219,2358.0,0.32,0.675,0.01,0
FARM-1026,Raju Bishnoi,Guntur,Andhra Pradesh,16.5339,80.6327,Maize,11.56,42.9,35.5,29.0,43.0,60.6,0.521,0.463,0.378,1.85,1.82,0.359,Kharif,Good,0.262,2204.0,0.383,0.651,0.1453,0
FARM-1027,Anita Bishnoi,Bhavnagar,Gujarat,21.7317,72.5749,Wheat,5.13,67.1,21.4,27.6,58.5,49.0,0.538,0.319,0.315,5.07,4.97,0.337,Rabi,Partial,0.237,2227.0,0.459,0.589,0.2448,0
FARM-1028,Sunita Sharma,Aurangabad,Maharashtra,19.8022,75.4001,Pulses,1.04,66.4,9.5,29.9,59.0,71.2,0.846,0.164,0.659,0.9,0.86,0.41,Rabi,None,0.569,6347.0,0.382,0.423,0.8964,1
FARM-1029,Sanjay Pillai,Anantapur,Andhra Pradesh,14.5395,77.6127,Rice,0.57,63.6,34.7,25.9,141.3,71.3,0.331,0.453,0.432,4.8,4.81,0.409,Kharif,None,0.309,2120.0,0.654,0.418,0.5712,0
FARM-1030,Manoj Rao,Khammam,Telangana,17.5265,80.0162,Cotton,2.25,64.8,45.3,25.4,89.9,49.0,0.258,0.403,0.583,1.97,2.05,0.325,Kharif,Good,0.543,6658.0,0.321,0.576,0.3124,0
FARM-1031,Suresh Chauhan,Nizamabad,Telangana,18.6872,78.237,Pulses,1.25,62.8,36.9,24.9,92.4,70.1,0.506,0.469,0.325,1.09,1.14,0.369,Rabi,Partial,0.838,6395.0,0.572,0.507,0.7922,1
FARM-1032,Bhagwan Meena,Jodhpur,Rajasthan,25.8979,72.4515,Pulses,1.62,32.3,21.9,28.2,23.0,39.3,0.582,0.143,0.336,1.76,1.8,0.655,Rabi,None,0.719,7493.0,0.301,0.131,0.8893,1
FARM-1033,Suresh Patil,Guntur,Andhra Pradesh,15.9707,80.1566,Maize,1.68,60.4,36.8,26.2,79.2,67.2,0.58,0.457,0.367,2.48,2.66,0.282,Kharif,Partial,0.389,1918.0,0.465,0.476,0.5193,1
FARM-1034,Rajinder Rao,Gaya,Bihar,24.5928,84.8697,Pulses,2.29,66.0,39.2,28.2,64.1,73.0,0.434,0.475,0.539,1.69,1.7,0.48,Rabi,Good,0.443,6474.0,0.209,0.658,0.2536,1
FARM-1035,Vijay Patel,Bikaner,Rajasthan,27.5422,73.3041,Mustard,2.82,46.0,8.0,26.1,25.7,39.7,0.696,0.204,0.306,1.61,1.66,0.277,Rabi,None,0.52,5903.0,0.247,0.265,0.9352,1
FARM-1036,Anita Kaur,Gorakhpur,Uttar Pradesh,26.5054,83.3873,Wheat,1.35,57.1,45.2,26.4,92.3,69.5,0.392,0.221,0.439,4.46,4.46,0.73,Rabi,Good,0.159,2516.0,0.48,0.616,0.1077,0
FARM-1037,Laxman Das,Agra,Uttar Pradesh,26.9857,77.9268,Sugarcane,5.08,66.6,33.3,31.9,50.3,53.1,0.474,0.397,0.247,62.53,65.18,0.327,Annual,Good,0.219,332.0,0.25,0.747,0.121,0
FARM-1038,Kamla Naidu,Bhavnagar,Gujarat,21.7661,72.184,Maize,9.28,55.8,18.7,26.9,42.8,53.4,0.318,0.204,0.385,3.55,3.68,0.452,Kharif,None,0.174,2152.0,0.239,0.514,0.1722,0
FARM-1039,Sohan Rathore,Nashik,Maharashtra,19.9227,73.6474,Cotton,2.65,71.2,16.1,26.7,46.9,52.2,0.757,0.22,0.588,1.54,1.66,0.278,Kharif,None,0.349,6833.0,0.224,0.433,0.7506,1
FARM-1040,Mohan Sharma,Hisar,Haryana,29.3385,75.8894,Mustard,6.4,74.8,33.3,25.9,66.9,56.2,0.633,0.113,0.337,1.47,1.48,0.711,Rabi,Partial,0.222,5479.0,0.126,0.632,0.0804,0
FARM-1041,Gurpreet Mondal,Warangal,Telangana,17.9587,79.3865,Maize,4.88,47.0,39.7,25.6,147.6,66.2,0.396,0.235,0.624,4.57,4.6,0.21,Kharif,Partial,0.117,2087.0,0.397,0.585,0.1042,0
FARM-1042,Sunil Yadav,Belagavi,Karnataka,15.7101,74.3656,Cotton,6.48,78.1,27.4,27.9,47.5,49.5,0.516,0.196,0.555,1.11,1.12,0.279,Kharif,Partial,0.548,6122.0,0.19,0.544,0.3337,0
FARM-1043,Sunita Gowda,Coimbatore,Tamil Nadu,10.9282,76.79,Rice,7.05,72.8,32.3,26.2,66.7,82.7,0.469,0.208,0.15,3.73,3.75,0.503,Kharif,Good,0.546,2063.0,0.18,0.707,0.1629,0
FARM-1044,Kishan Patil,Raichur,Karnataka,15.9222,77.4176,Sugarcane,3.58,75.2,28.2,25.6,65.8,57.2,0.508,0.303,0.631,70.75,67.4,0.268,Annual,Good,0.507,354.0,0.24,0.621,0.3702,0
FARM-1045,Laxman Jadhav,Surat,Gujarat,20.9733,72.6784,Wheat,2.12,49.1,31.7,27.8,102.2,58.4,0.616,0.461,0.387,3.82,3.47,0.293,Rabi,None,0.51,2487.0,0.304,0.315,0.7258,1
FARM-1046,Geeta Choudhary,Jalandhar,Punjab,31.2759,75.5294,Wheat,1.67,78.5,40.2,22.5,59.6,69.2,0.037,0.29,0.187,4.89,4.85,0.383,Rabi,Good,0.205,2576.0,0.052,0.788,0.0437,0
FARM-1047,Mahesh Deshmukh,Muzaffarpur,Bihar,26.3977,85.4449,Rice,6.93,67.4,42.3,26.9,150.2,89.7,0.28,0.593,0.722,4.46,4.49,0.168,Kharif,Partial,0.152,2347.0,0.409,0.579,0.1416,0
FARM-1048,Gurpreet Das,Warangal,Telangana,18.2311,79.6498,Rice,3.26,52.4,42.9,32.1,85.7,63.5,0.657,0.284,0.385,4.56,4.46,0.378,Kharif,Good,0.386,2509.0,0.182,0.621,0.2371,0
FARM-1049,Vijay Sharma,Dharwad,Karnataka,15.3172,74.8473,Sugarcane,2.54,73.3,27.1,29.1,80.4,50.7,0.404,0.256,0.273,79.22,79.34,0.663,Annual,None,0.439,376.0,0.369,0.507,0.6672,1
FARM-1050,Sunil Das,Gorakhpur,Uttar Pradesh,26.7003,83.311,Sugarcane,2.55,59.1,35.4,24.3,81.2,59.1,0.404,0.505,0.522,76.99,84.64,0.235,Annual,Good,0.365,294.0,0.474,0.668,0.2825,1
FARM-1051,Kamla Ghosh,Ujjain,Madhya Pradesh,23.2334,75.965,Mustard,1.85,54.2,31.6,27.0,30.8,58.1,0.381,0.199,0.378,1.12,1.13,0.409,Rabi,Partial,0.442,5615.0,0.344,0.46,0.3754,1
FARM-1052,Mahesh Pillai,Murshidabad,West Bengal,24.0364,88.2536,Mustard,10.66,55.2,28.3,25.4,94.7,67.9,0.258,0.402,0.321,1.35,1.38,0.342,Rabi,None,0.146,5928.0,0.051,0.444,0.0994,0
FARM-1053,Sukhwinder Mondal,Krishna,Andhra Pradesh,16.3484,80.7084,Rice,1.66,64.1,30.1,31.8,113.1,65.4,0.393,0.396,0.63,3.8,3.55,0.298,Kharif,None,0.487,2260.0,0.212,0.342,0.7076,0
FARM-1054,Kavita Meena,Varanasi,Uttar Pradesh,25.4801,82.6217,Pulses,2.08,82.5,46.1,25.2,68.1,54.5,0.071,0.16,0.483,1.04,1.06,0.239,Rabi,Good,0.296,6262.0,0.03,0.757,0.01,0
FARM-1055,Kavita Patil,Warangal,Telangana,18.0138,79.4535,Pulses,1.06,67.0,41.8,34.3,45.4,60.5,0.359,0.246,0.566,0.84,0.86,0.536,Rabi,Good,0.547,6650.0,0.256,0.608,0.3132,0
FARM-1056,Sunil Patel,Salem,Tamil Nadu,11.4797,77.9275,Rice,3.81,50.0,39.4,30.1,65.4,74.3,0.322,0.249,0.704,3.87,4.24,0.286,Kharif,None,0.591,2393.0,0.222,0.41,0.8395,1
FARM-1057,Prakash Naidu,Indore,Madhya Pradesh,22.6198,75.8234,Maize,2.21,46.2,21.3,27.1,92.4,65.6,0.485,0.071,0.328,2.8,2.84,0.668,Kharif,None,0.539,2207.0,0.238,0.254,0.7341,1
FARM-1058,Pushpa Bishnoi,Agra,Uttar Pradesh,27.2754,78.0447,Wheat,1.36,60.2,38.5,26.4,204.5,73.1,0.541,0.52,0.407,4.52,4.67,0.299,Rabi,None,0.485,2404.0,0.291,0.323,0.7233,0
FARM-1059,Sunita Choudhary,Gwalior,Madhya Pradesh,26.2401,78.2166,Mustard,4.78,56.1,30.6,27.3,96.7,58.9,0.357,0.121,0.463,1.5,1.54,0.512,Rabi,None,0.369,6073.0,0.365,0.409,0.418,0
FARM-1060,Manoj Gowda,Hooghly,West Bengal,22.9715,88.417,Maize,1.37,58.1,32.1,25.7,91.2,92.2,0.497,0.467,0.576,3.06,3.39,0.404,Kharif,Partial,0.518,2437.0,0.418,0.536,0.7096,0
FARM-1061,Rajinder Singh,Meerut,Uttar Pradesh,28.8616,77.8227,Sugarcane,2.13,70.8,39.4,26.1,54.5,59.5,0.255,0.352,0.245,87.88,96.52,0.282,Annual,Good,0.401,365.0,0.07,0.636,0.0816,0
FARM-1062,Narayan Jadhav,Mandya,Karnataka,12.2877,77.0438,Maize,2.6,52.8,26.5,28.9,37.8,59.5,0.241,0.337,0.359,3.67,3.49,0.334,Kharif,None,0.382,2026.0,0.224,0.307,0.4695,1
FARM-1063,Lakshmi Gowda,Anantapur,Andhra Pradesh,14.7901,77.6715,Rice,0.94,72.8,10.6,29.5,52.0,66.1,0.779,0.267,0.434,4.52,5.11,0.209,Kharif,None,0.585,2236.0,0.433,0.398,0.957,1
FARM-1064,Anil Rao,Jodhpur,Rajasthan,26.5805,73.0672,Mustard,3.41,51.1,14.8,32.9,42.2,50.2,0.681,0.145,0.288,1.65,1.76,0.456,Rabi,None,0.149,5828.0,0.623,0.47,0.7925,0
FARM-1065,Shankar Jadhav,Coimbatore,Tamil Nadu,11.4925,76.783,Sugarcane,2.75,67.7,28.4,30.0,87.9,67.1,0.358,0.299,0.519,75.25,75.64,0.304,Annual,Partial,0.424,366.0,0.121,0.6,0.324,0
FARM-1066,Gurpreet Kumar,Sirsa,Haryana,29.484,75.0104,Rice,2.33,66.2,43.0,24.5,64.8,57.7,0.223,0.249,0.408,5.51,5.74,0.373,Kharif,Partial,0.582,2632.0,0.23,0.436,0.5201,0
FARM-1067,Geeta Rathore,Jaipur,Rajasthan,26.9397,75.7693,Maize,4.89,47.9,26.5,29.8,45.5,43.4,0.505,0.094,0.211,3.16,3.34,0.426,Kharif,Good,0.641,2332.0,0.648,0.644,0.379,0
FARM-1068,Sanjay Patel,Meerut,Uttar Pradesh,29.0683,77.8449,Wheat,5.55,67.1,58.5,26.8,168.3,73.1,0.482,0.332,0.419,4.61,4.62,0.268,Rabi,Good,0.226,2677.0,0.353,0.774,0.0559,0
FARM-1069,Anil Sharma,Rajkot,Gujarat,22.1492,70.9317,Wheat,2.56,42.7,40.6,28.3,116.2,53.3,0.645,0.17,0.383,3.39,3.64,0.542,Rabi,Good,0.908,2420.0,0.706,0.534,0.8464,1
FARM-1070,Rajinder Sharma,Salem,Tamil Nadu,11.5876,78.3067,Pulses,2.13,73.6,42.7,29.6,103.5,63.3,0.386,0.354,0.47,0.62,0.65,0.5,Rabi,Good,0.66,5923.0,0.26,0.657,0.253,0
FARM-1071,Harpreet Rao,Meerut,Uttar Pradesh,29.1904,77.8434,Pulses,1.21,59.9,39.8,26.3,39.1,57.3,0.304,0.331,0.393,1.21,1.29,0.309,Rabi,Good,0.183,6602.0,0.142,0.591,0.0485,0
FARM-1072,Rekha Singh,Agra,Uttar Pradesh,27.253,78.0686,Rice,1.88,56.7,18.0,27.8,102.3,68.0,0.278,0.308,0.218,2.29,2.31,0.187,Kharif,None,0.181,2574.0,0.266,0.5,0.1869,0
FARM-1073,Savita Naidu,Gaya,Bihar,24.826,84.882,Maize,1.19,49.1,31.3,28.3,154.8,60.7,0.368,0.465,0.347,3.28,3.38,0.555,Kharif,None,0.432,2186.0,0.206,0.343,0.6623,0
FARM-1074,Anil Sharma,Belagavi,Karnataka,16.205,74.331,Rice,0.67,55.0,33.2,27.0,88.2,58.5,0.465,0.251,0.47,3.48,3.62,0.443,Kharif,Good,0.508,2038.0,0.236,0.582,0.4577,0
FARM-1075,Raju Kumar,Guntur,Andhra Pradesh,16.0612,80.5516,Pulses,8.56,54.2,28.3,27.9,23.6,62.2,0.762,0.564,0.524,0.86,0.83,0.44,Rabi,Good,0.819,6483.0,0.644,0.549,0.9523,1
FARM-1076,Pushpa Mondal,Karnal,Haryana,29.7055,77.0593,Cotton,4.62,55.0,26.8,25.6,21.7,62.1,0.419,0.16,0.663,2.12,2.12,0.145,Kharif,Good,0.247,6256.0,0.053,0.658,0.1559,0
FARM-1077,Lakshmi Chauhan,Coimbatore,Tamil Nadu,10.6002,76.9619,Cotton,0.85,36.2,18.5,27.9,51.8,68.1,0.352,0.127,0.487,1.92,2.06,0.605,Kharif,None,0.531,6425.0,0.546,0.221,0.846,1
FARM-1078,Manoj Kumar,Bhopal,Madhya Pradesh,23.3487,77.5767,Maize,2.03,60.2,38.4,26.7,148.4,53.9,0.308,0.264,0.43,2.68,2.92,0.548,Kharif,None,0.231,1491.0,0.326,0.353,0.3452,1
FARM-1079,Mohan Kaur,Rohtak,Haryana,28.7271,76.5883,Rice,1.65,66.0,26.6,23.8,27.4,58.3,0.405,0.262,0.469,2.91,3.11,0.295,Kharif,Good,0.443,1888.0,0.15,0.58,0.2331,0
FARM-1080,Anil Jadhav,Aurangabad,Maharashtra,19.69,75.1211,Cotton,5.19,38.9,26.8,27.9,90.1,53.2,0.381,0.235,0.619,2.48,2.43,0.613,Kharif,Partial,0.616,6672.0,0.073,0.425,0.7231,1
FARM-1081,Mohan Das,Ludhiana,Punjab,30.7333,75.836,Wheat,4.87,78.3,13.8,25.2,48.4,75.5,0.51,0.286,0.327,5.43,5.4,0.733,Rabi,None,0.639,2233.0,0.289,0.554,0.6821,0
FARM-1082,Anil Singh,Gwalior,Madhya Pradesh,26.0039,78.3309,Pulses,1.57,61.6,38.5,23.9,57.5,58.8,0.381,0.454,0.241,0.89,0.87,0.704,Rabi,Good,0.478,6498.0,0.17,0.592,0.2782,1
FARM-1083,Sunita Kaur,Karnal,Haryana,29.824,76.6964,Sugarcane,3.09,64.9,20.2,24.8,24.2,57.4,0.453,0.177,0.318,81.75,83.91,0.482,Annual,Partial,0.396,362.0,0.51,0.531,0.7197,1
FARM-1084,Laxman Reddy,Jodhpur,Rajasthan,26.2559,73.1135,Maize,1.27,48.6,29.4,24.4,35.8,27.2,0.548,0.188,0.271,3.08,3.32,0.154,Kharif,Good,0.285,2128.0,0.131,0.575,0.0956,0
FARM-1085,Savita Mondal,Mysuru,Karnataka,11.9544,76.8867,Sugarcane,2.76,50.9,32.0,29.1,89.8,54.2,0.333,0.219,0.394,65.65,65.08,0.277,Annual,None,0.445,344.0,0.439,0.269,0.8164,1
FARM-1086,Rekha Patel,Nizamabad,Telangana,18.5191,78.1776,Cotton,19.47,70.0,37.3,28.3,80.3,60.8,0.397,0.414,0.612,1.45,1.43,0.506,Kharif,Partial,0.706,6622.0,0.22,0.568,0.4515,1
FARM-1087,Laxman Jadhav,Gwalior,Madhya Pradesh,26.1018,78.5948,Maize,1.97,80.4,21.7,24.7,62.4,63.2,0.298,0.201,0.417,3.32,3.29,0.471,Kharif,None,0.459,2198.0,0.41,0.457,0.3377,0
FARM-1088,Shankar Naidu,Agra,Uttar Pradesh,27.3578,77.9976,Mustard,0.77,67.0,44.9,27.2,117.7,78.5,0.328,0.319,0.306,1.13,1.23,0.286,Rabi,Good,0.398,5711.0,0.563,0.706,0.088,0
FARM-1089,Mohan Jadhav,Anantapur,Andhra Pradesh,14.895,77.5422,Rice,2.71,68.1,20.6,26.9,72.8,70.4,0.632,0.239,0.372,4.55,4.75,0.319,Kharif,Partial,0.469,2461.0,0.402,0.532,0.5677,1
FARM-1090,Suresh Rao,Gorakhpur,Uttar Pradesh,26.9895,83.4448,Pulses,2.76,64.4,42.1,29.2,121.8,45.4,0.369,0.501,0.499,1.24,1.31,0.523,Rabi,Good,0.589,6292.0,0.303,0.598,0.378,0
FARM-1091,Laxman Das,Indore,Madhya Pradesh,22.5885,76.1711,Wheat,2.7,45.4,37.3,29.0,66.3,53.9,0.26,0.19,0.145,4.5,4.55,0.521,Rabi,Good,0.065,2017.0,0.124,0.666,0.01,0
FARM-1092,Manoj Patil,Muzaffarpur,Bihar,26.1206,85.2743,Wheat,1.71,78.3,35.7,25.9,53.1,70.7,0.251,0.567,0.391,4.81,4.98,0.308,Rabi,Partial,0.193,2610.0,0.439,0.716,0.0407,0
FARM-1093,Shankar Verma,Gwalior,Madhya Pradesh,26.3471,77.7081,Wheat,8.58,68.5,33.5,26.8,37.5,59.6,0.218,0.549,0.298,4.27,4.43,0.256,Rabi,Partial,0.279,2347.0,0.092,0.591,0.064,0
FARM-1094,Shanti Bishnoi,Indore,Madhya Pradesh,22.7142,76.1223,Pulses,3.12,49.6,46.7,30.3,81.6,53.1,0.279,0.179,0.622,0.61,0.69,0.685,Rabi,Good,0.235,7075.0,0.044,0.603,0.1621,0
FARM-1095,Bhagwan Ghosh,Ludhiana,Punjab,30.5399,75.8418,Mustard,1.29,81.8,35.1,27.3,71.9,65.6,0.355,0.177,0.388,1.42,1.51,0.243,Rabi,Good,0.628,5493.0,0.224,0.769,0.0264,0
FARM-1096,Rekha Kaur,Surat,Gujarat,21.2107,72.8034,Pulses,3.06,65.7,26.9,27.4,87.6,54.3,0.717,0.216,0.456,1.05,1.1,0.497,Rabi,Partial,0.486,6267.0,0.494,0.484,0.6359,1
FARM-1097,Mahesh Deshmukh,Darbhanga,Bihar,26.094,86.0636,Pulses,4.68,31.3,34.2,24.8,97.3,60.8,0.211,0.464,0.322,1.67,1.54,0.122,Rabi,None,0.084,6255.0,0.442,0.362,0.1988,0
FARM-1098,Sanjay Reddy,Bhavnagar,Gujarat,21.8486,72.1917,Cotton,2.23,59.5,12.1,27.7,31.3,48.9,0.476,0.417,0.564,1.51,1.42,0.492,Kharif,None,0.884,6501.0,0.375,0.229,0.9624,1
FARM-1099,Radha Murugan,Madurai,Tamil Nadu,9.8425,78.1143,Sugarcane,0.96,63.0,38.2,29.6,90.6,70.9,0.255,0.385,0.576,81.31,80.75,0.443,Annual,Good,0.299,316.0,0.271,0.654,0.2515,0
FARM-1100,Gurpreet Naidu,Patiala,Punjab,30.4315,76.3867,Mustard,2.81,69.8,26.4,28.5,29.8,68.9,0.538,0.168,0.425,1.62,1.56,0.302,Rabi,Good,0.419,5278.0,0.171,0.733,0.131,0
FARM-1101,Gurpreet Das,Ujjain,Madhya Pradesh,23.137,76.1006,Pulses,4.48,56.4,9.9,29.7,38.1,48.9,0.752,0.369,0.316,1.35,1.36,0.229,Rabi,None,0.417,5756.0,0.275,0.433,0.7789,1
FARM-1102,Ramesh Reddy,Patiala,Punjab,30.2379,76.7017,Wheat,2.71,77.5,28.8,22.1,33.0,64.9,0.385,0.34,0.383,6.0,5.8,0.328,Rabi,Good,0.404,2395.0,0.123,0.703,0.1009,0
FARM-1103,Ganesh Reddy,Ahmedabad,Gujarat,22.8488,72.5384,Cotton,0.89,32.6,23.2,26.2,54.1,49.1,0.731,0.228,0.453,1.25,1.22,0.876,Kharif,Good,0.582,7089.0,0.326,0.467,0.9091,1
FARM-1104,Sunita Meena,Meerut,Uttar Pradesh,29.1852,77.5438,Sugarcane,1.3,61.7,30.4,28.8,15.2,60.1,0.615,0.395,0.354,68.19,65.55,0.469,Annual,Good,0.511,346.0,0.162,0.619,0.6131,1
FARM-1105,Pushpa Kaur,Madurai,Tamil Nadu,9.8944,78.3771,Rice,2.19,32.8,31.8,26.5,100.3,67.1,0.662,0.388,0.431,3.81,3.76,0.246,Kharif,Good,0.315,2024.0,0.456,0.618,0.4679,1
FARM-1106,Vijay Yadav,Hisar,Haryana,29.5238,75.706,Wheat,2.6,60.7,31.8,23.2,26.8,56.0,0.142,0.426,0.205,4.75,4.69,0.551,Rabi,Partial,0.618,2081.0,0.094,0.355,0.5245,0
FARM-1107,Rajinder Kaur,Nashik,Maharashtra,20.0605,74.2359,Maize,5.44,51.5,26.6,25.7,153.8,56.8,0.625,0.178,0.57,2.91,3.05,0.55,Kharif,None,0.473,2430.0,0.299,0.338,0.8163,1
FARM-1108,Sohan Ghosh,Surat,Gujarat,21.4157,72.5131,Cotton,1.18,53.6,8.0,25.2,17.7,50.6,0.674,0.509,0.471,2.2,2.46,0.323,Kharif,None,0.253,7026.0,0.608,0.328,0.99,1
FARM-1109,Vijay Yadav,Gorakhpur,Uttar Pradesh,26.6554,83.2437,Rice,1.71,46.5,32.5,27.8,42.5,67.6,0.244,0.169,0.519,3.67,3.93,0.385,Kharif,Good,0.542,2148.0,0.29,0.616,0.3986,1
FARM-1110,Narayan Meena,Salem,Tamil Nadu,11.6968,78.2652,Rice,3.2,46.7,11.1,30.4,72.3,61.7,0.693,0.314,0.436,2.83,3.23,0.246,Kharif,None,0.227,1982.0,0.416,0.417,0.9025,1
FARM-1111,Sanjay Patel,Kolhapur,Maharashtra,16.8413,74.3945,Cotton,2.93,79.2,11.9,28.9,44.3,50.7,0.575,0.576,0.502,2.44,2.67,0.314,Kharif,None,0.496,5766.0,0.254,0.446,0.8664,1
FARM-1112,Shanti Murugan,Indore,Madhya Pradesh,22.964,75.5578,Pulses,1.68,66.9,18.6,29.2,80.9,58.6,0.415,0.143,0.586,1.22,1.28,0.521,Rabi,None,0.479,6507.0,0.432,0.38,0.5533,1
FARM-1113,Kamla Sharma,Raichur,Karnataka,16.1745,77.5038,Pulses,6.87,69.0,21.1,24.6,88.0,65.7,0.411,0.215,0.296,1.31,1.22,0.484,Rabi,None,0.634,7013.0,0.273,0.373,0.4663,0
FARM-1114,Savita Chauhan,Patna,Bihar,25.3952,85.0139,Rice,3.14,60.2,33.7,23.1,65.2,80.3,0.381,0.436,0.68,3.75,4.21,0.557,Kharif,Good,0.417,2122.0,0.307,0.548,0.4763,1
FARM-1115,Gurpreet Murugan,Meerut,Uttar Pradesh,28.9228,77.4367,Rice,2.13,53.0,30.4,24.6,119.0,65.5,0.466,0.228,0.434,3.42,3.44,0.319,Kharif,None,0.463,2541.0,0.24,0.428,0.498,0
FARM-1116,Mahesh Mondal,Bikaner,Rajasthan,27.9162,73.0459,Cotton,0.4,57.9,23.8,29.9,56.7,36.4,0.873,0.1,0.823,2.6,2.67,0.753,Kharif,Partial,0.259,5814.0,0.358,0.645,0.8868,1
FARM-1117,Savita Singh,Raichur,Karnataka,16.0372,77.3883,Sugarcane,1.13,66.0,32.0,27.0,34.1,51.3,0.283,0.25,0.415,75.98,71.01,0.187,Annual,None,0.128,298.0,0.051,0.407,0.4098,1
FARM-1118,Pushpa Deshmukh,Nizamabad,Telangana,18.3638,78.0613,Cotton,0.89,60.5,9.5,23.7,48.8,40.2,0.59,0.453,0.544,1.99,2.11,0.127,Kharif,None,0.161,7161.0,0.217,0.412,0.7242,1
FARM-1119,Suresh Murugan,Patna,Bihar,25.8983,84.9796,Rice,1.38,58.8,49.4,27.1,71.5,70.0,0.263,0.594,0.577,4.99,5.04,0.222,Kharif,Good,0.653,2518.0,0.099,0.606,0.3308,0
FARM-1120,Kishan Yadav,Kota,Rajasthan,25.1088,76.0074,Mustard,4.08,52.7,15.2,27.5,41.3,31.3,0.783,0.278,0.149,1.74,1.73,0.309,Rabi,None,0.528,5571.0,0.278,0.268,0.841,1
FARM-1121,Ganesh Yadav,Jodhpur,Rajasthan,26.0861,73.0319,Pulses,1.24,71.0,18.3,28.0,21.4,44.2,0.68,0.205,0.353,0.85,0.91,0.195,Rabi,Partial,0.325,6558.0,0.477,0.542,0.2574,0
FARM-1122,Manoj Deshmukh,Thanjavur,Tamil Nadu,10.8448,79.3129,Rice,0.99,54.9,19.0,32.1,55.4,73.2,0.506,0.096,0.557,3.93,3.87,0.421,Kharif,None,0.352,2537.0,0.076,0.361,0.9069,0
FARM-1123,Babu Sharma,Latur,Maharashtra,18.3996,76.8616,Sugarcane,31.08,66.4,44.1,28.3,105.6,64.4,0.48,0.254,0.395,66.68,67.68,0.375,Annual,Good,0.465,317.0,0.265,0.638,0.1851,1
FARM-1124,Raju Mondal,Ludhiana,Punjab,30.8588,76.0852,Rice,1.77,80.0,25.8,29.6,25.6,44.1,0.307,0.356,0.383,4.59,4.46,0.289,Kharif,Good,0.544,2305.0,0.089,0.697,0.2199,0
FARM-1125,Lakshmi Bishnoi,Sirsa,Haryana,29.4237,75.0666,Mustard,2.31,48.7,33.7,23.7,38.0,39.9,0.219,0.239,0.335,1.84,1.69,0.154,Rabi,Partial,0.136,6044.0,0.282,0.562,0.01,1
FARM-1126,Kamla Jadhav,Varanasi,Uttar Pradesh,25.0659,82.8801,Rice,1.71,60.0,16.2,27.0,37.0,65.7,0.416,0.378,0.361,4.34,4.62,0.262,Kharif,None,0.723,2219.0,0.17,0.412,0.9599,1
FARM-1127,Shanti Deshmukh,Kota,Rajasthan,25.1148,76.0753,Maize,1.65,51.1,14.3,25.5,17.3,43.0,0.428,0.184,0.376,2.85,2.87,0.722,Kharif,None,0.448,2141.0,0.179,0.387,0.8345,1
FARM-1128,Suresh Singh,Salem,Tamil Nadu,11.6661,78.2264,Rice,6.4,69.4,36.8,29.1,81.7,68.8,0.552,0.227,0.639,4.33,4.95,0.557,Kharif,Good,0.356,2301.0,0.243,0.678,0.2034,0
FARM-1129,Bhagwan Kumar,Nadia,West Bengal,23.3368,88.7195,Rice,1.66,77.1,26.6,29.9,108.0,71.7,0.321,0.544,0.671,4.9,5.32,0.22,Kharif,Partial,0.197,2218.0,0.15,0.569,0.211,1
FARM-1130,Prakash Sharma,Bathinda,Punjab,30.0932,75.0057,Rice,2.43,49.9,46.4,26.4,98.6,61.6,0.267,0.261,0.425,4.51,4.26,0.079,Kharif,Good,0.127,2303.0,0.036,0.633,0.01,0
FARM-1131,Kishan Ghosh,Gaya,Bihar,24.5841,84.9447,Rice,1.47,79.3,27.2,29.0,53.4,66.2,0.307,0.78,0.457,5.15,5.29,0.372,Kharif,None,0.503,2333.0,0.196,0.403,0.8775,1
FARM-1132,Savita Jat,Warangal,Telangana,18.1802,79.9307,Pulses,7.74,54.0,39.4,28.5,155.6,55.8,0.448,0.182,0.523,0.89,0.87,0.458,Rabi,Good,0.22,5934.0,0.114,0.648,0.0841,0
FARM-1133,Geeta Bishnoi,Patna,Bihar,25.7249,85.0898,Rice,4.14,46.9,19.0,25.8,90.6,74.6,0.359,0.673,0.543,4.16,4.24,0.63,Kharif,None,0.216,2505.0,0.175,0.357,0.8337,1
FARM-1134,Narayan Kaur,Nizamabad,Telangana,18.7441,78.0114,Cotton,4.1,50.4,30.7,27.7,47.8,48.7,0.289,0.107,0.674,0.91,0.92,0.158,Kharif,Partial,0.093,7134.0,0.151,0.442,0.1729,0
FARM-1135,Anil Patil,Dharwad,Karnataka,15.3986,74.7542,Pulses,1.35,76.9,38.4,29.5,80.5,57.2,0.541,0.099,0.392,0.92,0.95,0.268,Rabi,Good,0.312,6046.0,0.148,0.774,0.1708,0
FARM-1136,Sunita Chauhan,Agra,Uttar Pradesh,27.1345,77.9448,Wheat,0.85,67.6,31.8,21.8,26.1,59.1,0.773,0.2,0.162,4.04,4.11,0.566,Rabi,Good,0.522,2241.0,0.452,0.613,0.4431,1
FARM-1137,Pushpa Mondal,Meerut,Uttar Pradesh,29.3674,77.8018,Sugarcane,3.36,62.5,21.0,27.4,112.5,63.0,0.449,0.253,0.283,76.86,74.39,0.708,Annual,None,0.405,327.0,0.184,0.386,0.6543,0
FARM-1138,Pushpa Jat,Bathinda,Punjab,30.3404,74.8164,Wheat,3.38,75.4,19.2,26.5,27.8,62.9,0.152,0.203,0.444,5.55,5.58,0.508,Rabi,None,0.18,2170.0,0.209,0.486,0.1817,0
FARM-1139,Mahesh Kumar,Darbhanga,Bihar,26.5108,85.8048,Pulses,2.79,74.8,42.6,25.1,155.3,81.6,0.311,0.464,0.863,1.09,1.19,0.209,Rabi,Good,0.146,6507.0,0.094,0.784,0.0733,0
FARM-1140,Rekha Ghosh,Murshidabad,West Bengal,24.3901,88.3088,Rice,0.56,67.5,42.9,30.3,71.2,72.5,0.476,0.588,0.61,4.68,5.18,0.219,Kharif,Good,0.174,2383.0,0.374,0.717,0.3212,1
FARM-1141,Sukhwinder Deshmukh,Nalgonda,Telangana,17.0071,79.3787,Rice,1.71,65.4,28.3,26.5,33.6,56.3,0.61,0.271,0.19,5.25,4.97,0.396,Kharif,Good,0.421,2264.0,0.267,0.609,0.3053,0
FARM-1142,Bhagwan Choudhary,Agra,Uttar Pradesh,27.0236,78.018,Wheat,0.63,56.2,45.5,26.9,130.1,58.4,0.413,0.426,0.161,5.01,5.5,0.251,Rabi,Good,0.625,2520.0,0.31,0.574,0.1092,0
FARM-1143,Sunita Yadav,Hooghly,West Bengal,22.911,87.9269,Rice,2.83,83.0,46.4,28.1,75.2,77.0,0.225,0.762,0.544,4.88,4.95,0.615,Kharif,Good,0.165,2185.0,0.241,0.741,0.1611,0
FARM-1144,Ganesh Jadhav,Nadia,West Bengal,23.4786,88.6371,Rice,0.72,71.3,24.2,23.7,48.3,73.7,0.159,0.394,0.613,4.01,4.3,0.312,Kharif,None,0.308,2311.0,0.132,0.381,0.7014,0
FARM-1145,Savita Rao,Warangal,Telangana,18.1283,79.2667,Maize,1.28,43.8,26.5,33.6,52.4,63.6,0.317,0.452,0.368,3.29,3.27,0.371,Kharif,Partial,0.151,2054.0,0.14,0.512,0.3526,1
FARM-1146,Kishan Rao,Mandya,Karnataka,12.7181,76.9058,Rice,1.88,65.5,46.2,25.6,93.0,48.5,0.132,0.416,0.352,5.39,5.42,0.489,Kharif,Good,0.471,2160.0,0.041,0.645,0.03,0
FARM-1147,Ganesh Pillai,Jalandhar,Punjab,31.2976,75.5545,Wheat,4.11,94.4,29.3,26.5,44.2,60.8,0.512,0.345,0.112,4.75,4.92,0.215,Rabi,Good,0.294,2132.0,0.136,0.771,0.01,0
FARM-1148,Bhagwan Kumar,Bathinda,Punjab,30.1258,74.9065,Wheat,3.06,58.2,29.0,27.0,55.1,62.7,0.273,0.126,0.326,5.04,4.84,0.445,Rabi,Partial,0.282,2181.0,0.009,0.484,0.0751,0
FARM-1149,Manoj Rao,Nizamabad,Telangana,18.4083,78.1227,Cotton,1.84,52.0,38.2,26.6,61.0,53.8,0.681,0.307,0.785,1.18,1.15,0.884,Kharif,Good,0.602,6506.0,0.252,0.532,0.9487,1
FARM-1150,Geeta Das,Krishna,Andhra Pradesh,16.6829,81.0471,Pulses,14.2,68.8,35.9,29.1,56.9,74.2,0.379,0.427,0.546,1.17,1.12,0.457,Rabi,Good,0.482,6253.0,0.581,0.686,0.2428,0
FARM-1151,Vijay Rathore,Bathinda,Punjab,30.2393,75.1323,Rice,3.05,71.7,41.4,25.8,57.6,58.4,0.208,0.109,0.308,4.82,5.03,0.398,Kharif,Good,0.208,2524.0,0.365,0.738,0.0184,0
FARM-1152,Geeta Choudhary,Bikaner,Rajasthan,27.7584,73.3259,Mustard,1.82,70.0,10.3,30.1,11.7,40.0,0.654,0.16,0.403,1.62,1.67,0.834,Rabi,None,0.866,5554.0,0.507,0.272,0.99,1
FARM-1153,Ganesh Gowda,Thanjavur,Tamil Nadu,10.7486,79.1181,Rice,5.57,55.1,28.5,27.7,68.5,67.8,0.334,0.219,0.136,4.03,4.37,0.481,Kharif,Partial,0.19,2302.0,0.062,0.507,0.0432,0
FARM-1154,Mahesh Patel,Nashik,Maharashtra,20.0109,73.7532,Sugarcane,5.7,69.6,20.9,28.3,41.4,61.1,0.514,0.435,0.306,91.13,94.62,0.294,Annual,Partial,0.418,365.0,0.796,0.616,0.692,1
FARM-1155,Laxman Patil,Coimbatore,Tamil Nadu,11.0743,76.9479,Rice,3.84,56.9,43.0,28.0,109.6,71.6,0.526,0.297,0.35,4.24,4.31,0.593,Kharif,Good,0.252,2185.0,0.189,0.65,0.1102,0
FARM-1156,Mahesh Yadav,Ujjain,Madhya Pradesh,23.0818,75.5318,Maize,1.57,62.9,50.8,26.8,146.3,46.3,0.181,0.214,0.561,3.26,3.26,0.461,Kharif,Good,0.478,2367.0,0.305,0.662,0.0864,0
FARM-1157,Anita Jat,Agra,Uttar Pradesh,27.0494,78.1231,Mustard,1.34,54.2,33.8,27.5,65.5,67.7,0.444,0.433,0.41,1.39,1.45,0.446,Rabi,Good,0.553,5882.0,0.487,0.599,0.4433,1
FARM-1158,Rajinder Sharma,Nashik,Maharashtra,20.0676,74.002,Cotton,11.54,56.0,27.0,23.7,42.6,59.5,0.513,0.411,0.531,1.62,1.58,0.185,Kharif,Partial,0.222,6111.0,0.294,0.651,0.2368,0
FARM-1159,Sunil Singh,Patiala,Punjab,29.9367,76.249,Maize,4.68,79.2,37.6,24.4,21.5,60.0,0.141,0.158,0.567,2.9,2.96,0.391,Kharif,Good,0.154,2054.0,0.425,0.803,0.0423,0
FARM-1160,Sohan Singh,Sri Ganganagar,Rajasthan,30.2086,73.9901,Pulses,3.74,52.9,20.5,31.2,64.5,37.8,0.52,0.073,0.209,1.44,1.44,0.62,Rabi,Good,0.242,6677.0,0.38,0.577,0.2296,0
FARM-1161,Manoj Chauhan,Murshidabad,West Bengal,24.2306,88.3638,Rice,1.31,66.6,32.6,29.0,38.9,75.7,0.355,0.64,0.619,4.37,4.55,0.394,Kharif,Good,0.27,2266.0,0.319,0.589,0.39,0
FARM-1162,Sanjay Ghosh,Indore,Madhya Pradesh,22.5017,75.9551,Pulses,2.89,65.4,35.1,26.7,35.1,72.0,0.539,0.221,0.638,1.15,1.21,0.304,Rabi,Partial,0.327,5861.0,0.109,0.584,0.2164,0
FARM-1163,Narayan Kumar,Khammam,Telangana,17.1125,80.053,Rice,5.18,75.2,41.1,26.5,121.5,57.9,0.249,0.244,0.528,2.68,2.77,0.353,Kharif,None,0.204,2163.0,0.132,0.471,0.121,1
FARM-1164,Shanti Sharma,Agra,Uttar Pradesh,27.0411,78.1876,Rice,2.42,50.4,46.8,28.2,112.3,63.2,0.372,0.359,0.521,4.4,4.45,0.361,Kharif,Good,0.456,2418.0,0.248,0.542,0.1998,0
FARM-1165,Suresh Jadhav,Karnal,Haryana,29.6112,76.8043,Cotton,1.19,81.2,45.3,27.0,49.4,44.4,0.219,0.374,0.489,1.68,1.74,0.618,Kharif,Good,0.599,6346.0,0.121,0.645,0.3182,1
FARM-1166,Kamla Yadav,Karnal,Haryana,29.5613,77.1131,Cotton,6.46,82.1,35.2,25.5,67.8,67.9,0.267,0.254,0.614,1.96,2.1,0.556,Kharif,Good,0.121,5958.0,0.235,0.794,0.052,0
FARM-1167,Raju Singh,Gwalior,Madhya Pradesh,26.2294,78.2611,Wheat,0.95,55.5,16.9,25.4,57.2,56.4,0.255,0.16,0.257,5.51,5.32,0.145,Rabi,None,0.298,2229.0,0.178,0.454,0.0747,1
FARM-1168,Narayan Pillai,Indore,Madhya Pradesh,22.5797,76.0497,Pulses,4.21,45.8,43.9,26.1,182.7,51.1,0.309,0.374,0.283,0.69,0.71,0.207,Rabi,Partial,0.639,6932.0,0.168,0.409,0.3288,0
FARM-1169,Lakshmi Patil,Lucknow,Uttar Pradesh,26.8431,80.8518,Rice,4.41,73.9,45.1,31.2,137.8,62.2,0.465,0.331,0.557,3.82,3.84,0.164,Kharif,Good,0.377,2560.0,0.106,0.693,0.0288,0
FARM-1170,Radha Kaur,Thanjavur,Tamil Nadu,10.6217,79.1411,Rice,1.4,63.2,20.8,29.5,20.7,63.4,0.589,0.362,0.486,3.78,3.69,0.335,Kharif,Partial,0.307,2204.0,0.319,0.51,0.7463,1
FARM-1171,Pushpa Bishnoi,Bhavnagar,Gujarat,21.8982,72.1103,Wheat,0.73,43.6,26.5,26.1,63.5,46.8,0.159,0.308,0.429,3.64,3.87,0.374,Rabi,None,0.215,2485.0,0.196,0.339,0.2716,0
FARM-1172,Gurpreet Chauhan,Jalandhar,Punjab,31.609,75.3585,Rice,1.07,65.4,33.0,22.1,35.8,48.5,0.324,0.118,0.415,5.41,5.69,0.473,Kharif,Good,0.466,2511.0,0.101,0.504,0.1587,0
FARM-1173,Sukhwinder Rao,Dharwad,Karnataka,15.1998,74.9321,Rice,3.57,66.7,26.0,27.4,55.5,76.3,0.227,0.38,0.375,3.59,3.37,0.2,Kharif,None,0.173,2155.0,0.235,0.545,0.2536,1
FARM-1174,Babu Rao,Rajkot,Gujarat,22.1433,70.3936,Sugarcane,10.3,44.3,19.4,26.0,44.2,52.1,0.293,0.191,0.462,80.09,82.15,0.293,Annual,None,0.276,323.0,0.617,0.455,0.7711,1
FARM-1175,Laxman Chauhan,Hooghly,West Bengal,22.8513,88.3345,Mustard,1.25,56.5,47.4,27.7,80.1,87.4,0.036,0.795,0.463,1.01,1.1,0.294,Rabi,Good,0.687,6508.0,0.189,0.556,0.3557,1
FARM-1176,Sukhwinder Choudhary,Rohtak,Haryana,28.9062,76.6684,Cotton,1.47,58.9,30.6,24.9,55.6,53.2,0.247,0.321,0.637,1.83,1.68,0.524,Kharif,Good,0.675,6856.0,0.177,0.514,0.5178,1
FARM-1177,Vijay Gowda,Aurangabad,Maharashtra,19.8188,75.3075,Rice,8.81,62.4,48.2,30.5,132.0,40.2,0.207,0.352,0.268,5.09,5.02,0.616,Kharif,Partial,0.281,2337.0,0.533,0.656,0.01,0
FARM-1178,Babu Chauhan,Indore,Madhya Pradesh,22.8542,75.7571,Mustard,2.6,78.8,17.7,27.6,89.8,44.4,0.623,0.112,0.489,1.56,1.48,0.297,Rabi,None,0.222,5078.0,0.179,0.621,0.1125,0
FARM-1179,Babu Murugan,Sirsa,Haryana,29.5159,74.9332,Rice,2.2,70.4,23.0,26.1,16.0,52.1,0.158,0.197,0.307,3.48,3.32,0.359,Kharif,None,0.0,2375.0,0.135,0.478,0.2857,0
FARM-1180,Sukhwinder Das,Nadia,West Bengal,23.1118,88.4605,Pulses,2.96,70.7,36.7,29.0,74.2,79.1,0.0,0.538,0.718,1.39,1.38,0.378,Rabi,Good,0.33,5697.0,0.181,0.707,0.0961,0
FARM-1181,Narayan Reddy,Krishna,Andhra Pradesh,16.1134,80.9672,Cotton,1.87,60.9,45.6,24.8,271.8,69.9,0.609,0.558,0.653,2.13,2.16,0.597,Kharif,None,0.546,6691.0,0.326,0.438,0.804,1
FARM-1182,Harpreet Jadhav,Sirsa,Haryana,29.4665,75.1366,Wheat,1.66,57.5,35.7,27.2,48.5,45.9,0.114,0.397,0.357,4.54,4.65,0.384,Rabi,Partial,0.339,2178.0,0.493,0.563,0.2944,1
FARM-1183,Vijay Rathore,Bikaner,Rajasthan,28.0279,73.2115,Pulses,4.29,61.3,17.9,33.0,36.9,47.2,0.518,0.142,0.492,0.79,0.8,0.394,Rabi,None,0.61,6804.0,0.254,0.434,0.7585,1
FARM-1184,Radha Bishnoi,Kurnool,Andhra Pradesh,15.7408,78.2767,Maize,2.04,65.7,32.4,27.8,65.1,63.6,0.478,0.247,0.587,3.51,3.52,0.24,Kharif,Good,0.273,2280.0,0.278,0.757,0.1052,0
FARM-1185,Rekha Chauhan,Mandya,Karnataka,12.5493,76.8968,Pulses,3.99,44.6,36.6,26.4,62.1,58.7,0.456,0.275,0.536,1.41,1.45,0.337,Rabi,Good,0.203,6585.0,0.439,0.666,0.2088,0
FARM-1186,Laxman Rathore,Hisar,Haryana,29.2077,75.7631,Cotton,1.82,73.8,41.3,30.6,52.8,52.7,0.523,0.261,0.65,1.78,1.77,0.664,Kharif,Good,0.505,7117.0,0.234,0.709,0.2957,0
FARM-1187,Vijay Deshmukh,Jaipur,Rajasthan,27.1221,76.0505,Mustard,9.38,50.2,28.5,30.4,21.4,37.5,0.66,0.123,0.398,1.82,1.93,0.212,Rabi,Partial,0.307,5610.0,0.225,0.613,0.2762,0
FARM-1188,Dinesh Singh,Kurnool,Andhra Pradesh,16.0559,77.9177,Rice,1.77,31.3,43.6,28.9,192.0,88.7,0.478,0.557,0.31,2.81,2.75,0.38,Kharif,Partial,0.515,2080.0,0.392,0.424,0.7356,1
FARM-1189,Ganesh Chauhan,Ahmedabad,Gujarat,22.7375,72.4333,Cotton,1.5,63.8,16.4,26.9,61.0,39.8,0.341,0.378,0.488,2.17,2.4,0.199,Kharif,None,0.242,7956.0,0.142,0.56,0.3218,0
FARM-1190,Lakshmi Kumar,Muzaffarpur,Bihar,26.001,85.2296,Wheat,11.66,67.4,29.6,23.5,49.9,79.5,0.331,0.667,0.411,5.09,4.67,0.58,Rabi,Partial,0.398,2076.0,0.526,0.534,0.6703,1
FARM-1191,Sanjay Kumar,Jodhpur,Rajasthan,26.0445,72.474,Mustard,3.76,43.1,15.8,28.1,48.6,41.2,0.83,0.323,0.42,1.35,1.38,0.458,Rabi,Partial,0.441,5693.0,0.213,0.447,0.8615,1
FARM-1192,Mohan Patel,Muzaffarpur,Bihar,26.3297,85.3285,Maize,0.53,40.2,40.5,26.4,101.0,76.4,0.252,0.733,0.387,2.82,2.58,0.486,Kharif,Good,0.265,1974.0,0.202,0.576,0.2759,1
FARM-1193,Shanti Pillai,Khammam,Telangana,17.3697,80.185,Pulses,1.44,46.5,28.4,33.0,45.4,60.0,0.319,0.268,0.689,0.65,0.69,0.643,Rabi,Partial,0.389,6736.0,0.477,0.357,0.7678,1
FARM-1194,Savita Deshmukh,Sirsa,Haryana,29.4033,75.1989,Mustard,6.27,67.5,28.8,27.3,39.0,57.9,0.479,0.262,0.524,1.8,1.86,0.327,Rabi,Good,0.357,5695.0,0.227,0.713,0.1449,0
FARM-1195,Pushpa Sharma,Sri Ganganagar,Rajasthan,29.631,73.7933,Mustard,4.13,46.7,11.0,29.5,24.4,33.6,0.743,0.149,0.091,1.39,1.53,0.434,Rabi,None,0.303,5502.0,0.244,0.377,0.6311,1
FARM-1196,Sukhwinder Mondal,Warangal,Telangana,18.0625,79.6325,Cotton,1.16,54.9,11.7,29.2,40.7,55.5,0.702,0.357,0.689,1.63,1.73,0.229,Kharif,Partial,0.624,6072.0,0.562,0.28,0.9396,1
FARM-1197,Narayan Pillai,Indore,Madhya Pradesh,22.7265,75.7658,Maize,1.2,67.7,20.9,28.8,72.4,59.2,0.457,0.265,0.479,4.14,4.67,0.532,Kharif,None,0.442,2186.0,0.475,0.419,0.6798,0
FARM-1198,Anita Gowda,Ludhiana,Punjab,31.2999,75.6292,Rice,2.46,67.4,45.4,24.0,95.4,56.8,0.325,0.207,0.379,4.78,4.64,0.491,Kharif,Good,0.361,2563.0,0.307,0.656,0.1206,0
FARM-1199,Sunita Jat,Kurnool,Andhra Pradesh,15.7116,77.84,Cotton,3.43,45.9,28.7,29.8,88.6,65.5,0.403,0.465,0.605,1.94,1.96,0.316,Kharif,Partial,0.511,6687.0,0.411,0.432,0.6522,0
FARM-1200,Sanjay Gowda,Patiala,Punjab,30.3323,76.3012,Rice,6.82,66.6,41.2,22.6,79.6,56.5,0.464,0.249,0.462,4.05,3.98,0.196,Kharif,Good,0.445,2275.0,0.446,0.754,0.2319,0
FARM-1201,Shanti Murugan,Patna,Bihar,25.5249,85.4472,Wheat,0.8,64.2,33.9,27.3,73.0,71.3,0.223,0.711,0.338,4.75,4.99,0.201,Rabi,None,0.333,2567.0,0.208,0.415,0.2137,0
FARM-1202,Pushpa Das,Hisar,Haryana,28.6601,75.6788,Rice,2.46,90.8,30.2,27.5,21.4,47.9,0.465,0.419,0.343,4.6,4.88,0.29,Kharif,Good,0.504,2191.0,0.26,0.666,0.1621,0
FARM-1203,Manoj Naidu,Jodhpur,Rajasthan,26.2779,73.0351,Cotton,2.54,39.4,20.1,31.1,34.2,39.4,0.668,0.187,0.295,1.37,1.49,0.307,Kharif,Partial,0.273,7414.0,0.492,0.484,0.6157,1
FARM-1204,Lakshmi Ghosh,Rajkot,Gujarat,22.1361,70.7329,Pulses,3.39,69.4,29.3,27.8,45.1,57.2,0.548,0.331,0.446,0.81,0.77,0.527,Rabi,Partial,0.598,5823.0,0.239,0.601,0.4593,1
FARM-1205,Narayan Murugan,Varanasi,Uttar Pradesh,25.1205,83.1066,Rice,2.11,67.4,46.5,26.7,136.8,58.8,0.233,0.312,0.634,4.39,4.82,0.313,Kharif,Good,0.422,2381.0,0.133,0.723,0.01,0
FARM-1206,Kamla Patil,Agra,Uttar Pradesh,27.2679,78.2819,Rice,1.03,69.6,40.8,28.3,51.4,68.0,0.34,0.318,0.526,3.79,3.94,0.432,Kharif,Good,0.473,2527.0,0.373,0.523,0.3296,0
FARM-1207,Rajinder Kaur,Hooghly,West Bengal,22.5364,88.2933,Rice,2.09,42.1,29.8,26.4,70.1,78.8,0.376,0.458,0.709,4.14,4.31,0.191,Kharif,None,0.247,2652.0,0.412,0.271,0.9691,1
FARM-1208,Geeta Verma,Nagpur,Maharashtra,21.4109,79.2937,Maize,2.11,53.9,20.6,25.4,86.9,58.1,0.456,0.162,0.579,2.43,2.57,0.737,Kharif,None,0.613,2109.0,0.174,0.298,0.8907,1
FARM-1209,Bhagwan Murugan,Salem,Tamil Nadu,11.6558,77.9068,Rice,2.27,67.5,14.2,29.3,87.9,59.8,0.456,0.38,0.404,3.31,3.54,0.194,Kharif,None,0.147,2332.0,0.564,0.493,0.5005,1
FARM-1210,Sunil Patel,Meerut,Uttar Pradesh,28.8192,77.6261,Wheat,8.17,68.2,33.9,19.5,38.3,65.2,0.216,0.421,0.234,5.03,4.87,0.471,Rabi,Partial,0.464,2255.0,0.159,0.594,0.1566,0
FARM-1211,Ramesh Chauhan,Kurnool,Andhra Pradesh,15.9277,77.7898,Rice,1.74,64.3,39.9,27.2,61.5,63.0,0.576,0.418,0.15,4.57,4.85,0.56,Kharif,Good,0.675,2986.0,0.44,0.594,0.5196,0
FARM-1212,Kamla Deshmukh,Hisar,Haryana,29.0701,75.7512,Rice,3.0,66.1,15.2,28.3,33.8,69.2,0.339,0.067,0.358,4.99,5.12,0.499,Kharif,None,0.257,2105.0,0.425,0.486,0.8198,1
FARM-1213,Vijay Bishnoi,Agra,Uttar Pradesh,26.9156,77.8573,Mustard,2.3,64.2,23.9,26.6,69.0,65.5,0.384,0.372,0.503,1.78,1.9,0.331,Rabi,None,0.303,5777.0,0.336,0.611,0.1796,0
FARM-1214,Ganesh Rathore,Bareilly,Uttar Pradesh,28.2576,79.676,Wheat,1.87,70.3,41.4,27.3,32.7,68.7,0.508,0.369,0.193,5.4,5.93,0.291,Rabi,Good,0.559,2269.0,0.169,0.673,0.1554,0
FARM-1215,Raju Patil,Bathinda,Punjab,30.1676,74.9659,Maize,2.85,60.3,16.8,28.4,16.1,56.4,0.473,0.018,0.43,2.84,2.77,0.467,Kharif,Partial,0.488,2150.0,0.368,0.51,0.4993,0
FARM-1216,Savita Choudhary,Aurangabad,Maharashtra,19.822,75.0633,Maize,5.58,53.4,37.8,25.9,104.1,57.0,0.612,0.356,0.438,4.16,4.34,0.354,Kharif,Good,0.333,2192.0,0.748,0.695,0.3257,0
FARM-1217,Sanjay Rao,Bardhaman,West Bengal,23.3455,87.8248,Mustard,2.78,62.2,46.8,26.8,127.6,81.4,0.276,0.461,0.495,1.46,1.62,0.409,Rabi,Good,0.35,5682.0,0.164,0.602,0.2306,0
FARM-1218,Kavita Naidu,Jabalpur,Madhya Pradesh,22.874,80.105,Wheat,3.9,59.5,29.6,26.9,120.3,56.0,0.355,0.145,0.355,4.24,4.42,0.169,Rabi,None,0.078,2497.0,0.19,0.485,0.1095,0
FARM-1219,Sukhwinder Naidu,Jaipur,Rajasthan,27.0189,75.7427,Cotton,0.4,30.5,11.5,27.3,25.1,44.8,0.992,0.117,0.509,0.96,0.98,0.404,Kharif,None,0.591,6001.0,0.676,0.261,0.9592,1
FARM-1220,Babu Singh,Ahmedabad,Gujarat,23.2624,72.5479,Wheat,1.55,34.4,37.7,25.6,47.2,59.5,0.316,0.167,0.431,4.26,4.27,0.406,Rabi,Good,0.373,2297.0,0.161,0.622,0.1309,0
FARM-1221,Geeta Gowda,Sirsa,Haryana,29.1164,75.0328,Wheat,3.66,65.6,32.8,25.2,45.2,50.5,0.27,0.099,0.319,5.15,5.38,0.208,Rabi,Good,0.185,2311.0,0.181,0.736,0.01,0
FARM-1222,Shankar Kumar,Rohtak,Haryana,28.8218,76.7963,Cotton,2.37,81.7,32.7,28.4,66.3,44.8,0.438,0.136,0.779,1.37,1.35,0.508,Kharif,None,0.669,6902.0,0.339,0.412,0.6548,0
FARM-1223,Anil Yadav,Mysuru,Karnataka,12.1796,76.6797,Maize,3.3,70.9,26.1,28.5,135.0,70.3,0.5,0.356,0.44,3.23,3.24,0.455,Kharif,None,0.699,2138.0,0.11,0.398,0.6241,1
FARM-1224,Rajinder Jat,Ujjain,Madhya Pradesh,22.933,75.7357,Pulses,2.64,60.4,36.8,27.1,100.3,59.5,0.474,0.474,0.571,1.25,1.23,0.273,Rabi,Good,0.737,6792.0,0.283,0.591,0.4593,1
FARM-1225,Dinesh Gowda,Raichur,Karnataka,16.2983,77.3982,Maize,2.7,68.4,36.2,26.2,110.1,50.8,0.503,0.084,0.323,3.53,3.72,0.458,Kharif,Good,0.633,1933.0,0.221,0.759,0.1269,0
FARM-1226,Meena Ghosh,Bardhaman,West Bengal,23.1384,87.666,Rice,6.75,62.6,19.4,27.6,149.7,67.0,0.488,0.591,0.628,4.98,4.88,0.358,Kharif,None,0.565,2260.0,0.3,0.421,0.8582,1
FARM-1227,Kavita Das,Darbhanga,Bihar,26.2492,85.8394,Rice,1.79,66.7,25.4,25.2,144.9,86.5,0.408,0.654,0.553,3.94,3.97,0.284,Kharif,None,0.392,2321.0,0.25,0.435,0.5674,0
FARM-1228,Kavita Jadhav,Nizamabad,Telangana,18.9954,78.3581,Cotton,4.02,65.8,26.4,28.0,109.0,64.8,0.507,0.422,0.595,1.71,1.72,0.489,Kharif,None,0.659,6636.0,0.234,0.469,0.7404,1
FARM-1229,Bhagwan Kumar,Gwalior,Madhya Pradesh,26.4853,78.1289,Maize,2.28,52.3,27.1,27.5,46.0,57.0,0.497,0.338,0.427,3.57,3.86,0.512,Kharif,Good,0.288,2109.0,0.218,0.694,0.3263,1
FARM-1230,Gurpreet Mondal,Mysuru,Karnataka,12.3397,76.3638,Rice,1.76,65.8,24.4,28.6,65.4,68.1,0.284,0.45,0.582,5.03,4.99,0.197,Kharif,None,0.289,2651.0,0.505,0.338,0.7806,1
FARM-1231,Meena Reddy,Gorakhpur,Uttar Pradesh,26.8371,83.3399,Sugarcane,4.58,68.1,41.8,27.1,126.0,65.5,0.289,0.468,0.336,105.65,114.5,0.474,Annual,Partial,0.215,328.0,0.273,0.613,0.0862,0
FARM-1232,Mahesh Rathore,Darbhanga,Bihar,25.9476,85.9424,Wheat,9.03,62.8,42.9,27.8,28.5,61.9,0.37,0.392,0.363,3.7,3.93,0.524,Rabi,Good,0.432,1777.0,0.469,0.688,0.1294,0
FARM-1233,Rajinder Jadhav,Rajkot,Gujarat,22.3548,70.9455,Cotton,4.31,53.1,33.9,29.9,38.2,42.7,0.532,0.256,0.473,1.77,1.71,0.604,Kharif,Partial,0.793,6779.0,0.448,0.334,0.8846,1
FARM-1234,Raju Yadav,Mandya,Karnataka,12.4103,76.825,Maize,0.5,70.2,30.7,29.1,26.2,65.2,0.339,0.536,0.433,4.68,4.77,0.284,Kharif,Partial,0.295,1999.0,0.227,0.509,0.3094,1
FARM-1235,Lakshmi Chauhan,Mandya,Karnataka,12.2611,77.1206,Pulses,3.08,67.0,45.2,22.7,134.2,77.2,0.219,0.22,0.618,1.17,1.28,0.475,Rabi,Good,0.45,7290.0,0.209,0.616,0.1785,0
FARM-1236,Shankar Meena,Jalandhar,Punjab,31.5744,75.5053,Wheat,1.72,79.9,30.1,24.8,33.8,58.0,0.255,0.265,0.285,5.43,5.62,0.352,Rabi,Good,0.116,2259.0,0.093,0.813,0.0825,1
FARM-1237,Mahesh Murugan,Ludhiana,Punjab,30.3962,76.0473,Rice,1.33,95.2,36.2,26.0,45.2,60.9,0.238,0.074,0.545,4.4,4.26,0.293,Kharif,Good,0.124,2454.0,0.319,0.891,0.01,0
FARM-1238,Ramesh Murugan,Surat,Gujarat,21.2006,72.7753,Wheat,2.13,56.4,23.8,27.0,48.0,63.3,0.693,0.211,0.475,4.37,4.81,0.663,Rabi,Partial,0.286,1837.0,0.309,0.643,0.5606,1
FARM-1239,Dinesh Verma,Mandya,Karnataka,12.4265,76.9549,Rice,3.16,61.7,19.5,31.7,88.9,65.4,0.446,0.298,0.309,3.26,3.47,0.418,Kharif,None,0.128,2203.0,0.17,0.405,0.3679,0
FARM-1240,Shankar Rathore,Raichur,Karnataka,16.3082,77.4387,Cotton,2.42,59.2,17.1,24.4,79.5,55.6,0.648,0.129,0.503,2.29,2.29,0.698,Kharif,Partial,0.684,6083.0,0.312,0.529,0.7219,0
FARM-1241,Ganesh Kumar,Ludhiana,Punjab,30.8746,75.9466,Rice,4.81,84.4,30.2,29.8,58.6,65.8,0.323,0.251,0.521,5.74,6.25,0.436,Kharif,None,0.332,2530.0,0.359,0.385,0.5584,1
FARM-1242,Lakshmi Jadhav,Nagpur,Maharashtra,21.0524,78.9356,Pulses,2.82,68.2,35.0,30.9,104.3,54.9,0.429,0.422,0.479,1.16,1.15,0.664,Rabi,Partial,0.331,6884.0,0.154,0.522,0.3354,1
FARM-1243,Laxman Deshmukh,Nalgonda,Telangana,16.859,79.46,Maize,3.02,61.3,34.7,32.4,18.6,58.2,0.315,0.443,0.571,2.95,3.09,0.208,Kharif,Partial,0.24,2174.0,0.223,0.515,0.3859,0
FARM-1244,Narayan Mondal,Kolhapur,Maharashtra,16.8736,74.3743,Pulses,2.16,61.6,45.7,27.7,127.6,43.6,0.333,0.181,0.587,0.99,1.11,0.224,Rabi,Good,0.362,5940.0,0.431,0.643,0.173,0
FARM-1245,Mahesh Murugan,Kolhapur,Maharashtra,16.4485,74.2568,Rice,2.06,73.7,27.4,27.4,26.8,45.8,0.569,0.415,0.51,4.28,4.61,0.291,Kharif,Good,0.429,2261.0,0.177,0.694,0.3484,0
FARM-1246,Sunil Meena,Jalandhar,Punjab,31.3243,75.5021,Wheat,4.08,78.3,25.3,23.4,31.4,72.0,0.43,0.21,0.294,4.6,4.71,0.379,Rabi,Good,0.061,2243.0,0.206,0.761,0.0205,0
FARM-1247,Ganesh Rathore,Agra,Uttar Pradesh,27.3111,77.9206,Wheat,3.32,65.4,25.9,30.8,92.9,74.3,0.592,0.19,0.513,3.28,3.47,0.198,Rabi,Partial,0.534,2252.0,0.426,0.541,0.4021,1
FARM-1248,Shankar Patel,Ludhiana,Punjab,30.8438,75.816,Rice,2.02,54.8,11.1,24.0,20.0,62.6,0.453,0.177,0.351,3.31,3.45,0.876,Kharif,None,0.68,2148.0,0.185,0.312,0.9225,1
FARM-1249,Narayan Murugan,Sirsa,Haryana,29.7302,74.9066,Sugarcane,2.98,66.1,27.9,22.6,36.5,61.1,0.335,0.184,0.429,80.49,81.91,0.316,Annual,Partial,0.287,365.0,0.433,0.578,0.3589,1
FARM-1250,Shanti Patel,Jodhpur,Rajasthan,26.2764,73.0137,Cotton,1.97,59.9,31.1,26.0,40.8,41.7,0.543,0.263,0.513,2.5,2.51,0.691,Kharif,Good,0.817,6081.0,0.128,0.641,0.7311,1
FARM-1251,Ramesh Jat,Patiala,Punjab,30.4579,76.5066,Wheat,1.62,72.1,38.0,20.7,41.9,59.4,0.167,0.251,0.462,4.99,5.23,0.489,Rabi,Good,0.345,2265.0,0.016,0.849,0.0239,0
FARM-1252,Ganesh Chauhan,Hisar,Haryana,29.4724,75.7039,Rice,2.68,52.8,36.9,23.4,89.6,54.9,0.452,0.217,0.415,4.21,4.48,0.25,Kharif,Good,0.444,2433.0,0.228,0.713,0.1509,0
FARM-1253,Sunita Chauhan,Nashik,Maharashtra,19.8939,73.9742,Rice,1.68,63.3,29.1,27.8,22.8,45.0,0.399,0.218,0.443,4.09,4.01,0.259,Kharif,Partial,0.323,2463.0,0.296,0.544,0.4727,1
FARM-1254,Anita Murugan,Hooghly,West Bengal,22.9334,88.5953,Rice,3.71,85.1,29.8,29.8,109.7,66.5,0.118,0.574,0.594,4.68,4.71,0.213,Kharif,None,0.171,2209.0,0.386,0.489,0.116,0
FARM-1255,Sanjay Murugan,Gwalior,Madhya Pradesh,26.3272,78.3748,Rice,0.7,60.0,37.1,27.9,191.7,63.8,0.627,0.309,0.494,4.24,4.61,0.639,Kharif,Partial,0.356,2038.0,0.503,0.513,0.6481,0
FARM-1256,Kavita Sharma,Rohtak,Haryana,28.7295,76.521,Mustard,0.4,54.6,29.9,24.3,48.1,52.9,0.228,0.0,0.438,1.92,2.02,0.39,Rabi,Partial,0.37,5932.0,0.127,0.447,0.0808,0
FARM-1257,Savita Patil,Ujjain,Madhya Pradesh,23.232,75.5446,Mustard,4.59,61.6,30.1,23.7,98.8,61.8,0.714,0.321,0.145,1.3,1.41,0.689,Rabi,Good,0.373,5757.0,0.221,0.55,0.2621,0
FARM-1258,Kamla Jat,Coimbatore,Tamil Nadu,10.8708,76.8484,Rice,1.37,48.7,37.1,29.0,71.7,55.0,0.305,0.32,0.391,3.47,3.75,0.582,Kharif,Good,0.6,2499.0,0.475,0.486,0.608,0
FARM-1259,Ramesh Gowda,Bathinda,Punjab,30.7284,74.9521,Wheat,3.24,90.7,35.7,25.4,27.7,46.3,0.328,0.262,0.065,5.06,5.24,0.691,Rabi,Good,0.395,2138.0,0.128,0.708,0.0389,0
FARM-1260,Anil Naidu,Thanjavur,Tamil Nadu,10.6442,78.9449,Sugarcane,1.58,48.8,35.5,31.1,41.4,67.7,0.538,0.196,0.378,82.56,85.9,0.366,Annual,Good,0.458,314.0,0.471,0.654,0.4726,0
FARM-1261,Dinesh Rao,Jabalpur,Madhya Pradesh,23.1241,79.9252,Wheat,1.09,76.5,29.5,25.4,88.7,49.0,0.232,0.014,0.099,5.01,5.4,0.114,Rabi,None,0.267,2274.0,0.182,0.449,0.01,0
FARM-1262,Sunil Choudhary,Bikaner,Rajasthan,28.0997,73.2214,Wheat,1.62,51.1,21.6,29.5,26.6,51.9,0.629,0.0,0.253,5.12,5.27,0.301,Rabi,Partial,0.339,2016.0,0.203,0.446,0.3102,0
FARM-1263,Lakshmi Patil,Rohtak,Haryana,28.8796,76.7013,Wheat,1.14,68.4,30.5,23.9,39.5,48.6,0.578,0.237,0.013,4.79,4.77,0.29,Rabi,Good,0.644,2106.0,0.277,0.596,0.185,0
FARM-1264,Bhagwan Deshmukh,Lucknow,Uttar Pradesh,26.8158,80.9403,Mustard,3.37,62.8,30.6,24.4,56.4,69.8,0.25,0.389,0.256,1.42,1.58,0.319,Rabi,Good,0.421,6231.0,0.52,0.651,0.1523,0
FARM-1265,Laxman Meena,Sirsa,Haryana,29.3586,75.115,Wheat,2.01,82.5,50.0,28.8,87.6,54.9,0.182,0.074,0.229,4.22,3.95,0.189,Rabi,Good,0.342,2156.0,0.059,0.687,0.0683,0
FARM-1266,Vijay Patel,Latur,Maharashtra,18.0627,76.6131,Cotton,4.53,67.9,29.7,27.6,102.4,55.9,0.476,0.199,0.701,2.21,2.22,0.415,Kharif,None,0.451,6109.0,0.336,0.385,0.5652,1
FARM-1267,Meena Patil,Guntur,Andhra Pradesh,15.8985,80.4207,Maize,16.58,61.7,16.9,30.6,51.8,73.8,0.641,0.558,0.309,2.95,3.09,0.236,Kharif,None,0.34,1989.0,0.429,0.42,0.71,1
FARM-1268,Narayan Ghosh,Indore,Madhya Pradesh,22.846,76.0771,Pulses,8.43,50.6,31.6,25.6,58.3,46.5,0.416,0.188,0.503,1.05,1.11,0.56,Rabi,Good,0.287,6758.0,0.259,0.795,0.1604,1
FARM-1269,Anita Kumar,Bareilly,Uttar Pradesh,28.188,79.1374,Wheat,1.74,68.0,37.4,25.0,54.4,63.1,0.14,0.359,0.171,3.13,3.13,0.508,Rabi,Good,0.192,2417.0,0.242,0.693,0.0903,0
FARM-1270,Radha Patel,Salem,Tamil Nadu,11.5614,78.0129,Rice,1.27,50.0,23.5,25.9,115.2,67.6,0.52,0.201,0.485,3.73,3.91,0.21,Kharif,None,0.283,2398.0,0.178,0.301,0.5716,1
FARM-1271,Mahesh Kaur,Krishna,Andhra Pradesh,16.5587,80.9274,Rice,8.09,67.1,32.7,28.6,72.1,66.6,0.393,0.401,0.429,3.82,4.06,0.237,Kharif,Good,0.224,2411.0,0.252,0.662,0.1309,0
FARM-1272,Sunita Reddy,Warangal,Telangana,17.6976,79.8188,Rice,1.79,56.9,21.2,31.8,115.3,61.8,0.654,0.29,0.406,4.5,4.59,0.092,Kharif,None,0.141,1947.0,0.418,0.389,0.5612,1
FARM-1273,Anil Reddy,Thanjavur,Tamil Nadu,10.8873,78.8951,Rice,4.36,56.2,35.0,28.8,146.2,63.7,0.573,0.123,0.647,4.34,3.82,0.27,Kharif,Partial,0.286,2383.0,0.206,0.535,0.2512,0
FARM-1274,Mahesh Bishnoi,Nalgonda,Telangana,17.0919,79.5467,Rice,5.67,63.1,45.9,32.1,120.4,59.0,0.298,0.344,0.366,3.76,3.81,0.648,Kharif,Good,0.262,2464.0,0.239,0.699,0.0933,0
FARM-1275,Ganesh Murugan,Amritsar,Punjab,31.4176,74.9408,Rice,2.29,64.0,47.1,23.4,79.2,68.4,0.103,0.324,0.645,5.09,5.09,0.403,Kharif,Good,0.478,2368.0,0.489,0.603,0.2133,1
FARM-1276,Kamla Patil,Coimbatore,Tamil Nadu,10.8013,77.098,Cotton,1.33,74.8,31.2,33.1,73.3,80.1,0.446,0.257,0.563,1.78,1.73,0.475,Kharif,Good,0.26,6467.0,0.39,0.702,0.1896,0
FARM-1277,Meena Jat,Rajkot,Gujarat,22.4132,70.8188,Maize,5.77,53.0,22.1,29.3,29.5,50.2,0.559,0.353,0.304,3.27,3.19,0.395,Kharif,Partial,0.537,1990.0,0.262,0.427,0.5586,0
FARM-1278,Gurpreet Kumar,Raichur,Karnataka,16.2676,77.2661,Sugarcane,1.05,65.4,13.1,22.8,36.8,74.1,0.7,0.371,0.433,75.18,76.65,0.455,Annual,None,0.346,392.0,0.207,0.408,0.9513,1
FARM-1279,Sunil Gowda,Jabalpur,Madhya Pradesh,22.8668,79.8592,Maize,5.57,47.7,31.8,25.7,83.4,65.5,0.583,0.405,0.585,3.19,3.25,0.471,Kharif,Good,0.789,1933.0,0.298,0.559,0.78,1
FARM-1280,Gurpreet Meena,Hooghly,West Bengal,22.8641,88.4082,Rice,1.77,73.2,49.4,26.5,231.6,85.4,0.159,0.435,0.475,3.72,3.82,0.614,Kharif,None,0.529,2395.0,0.147,0.454,0.4079,0
FARM-1281,Gurpreet Jadhav,Coimbatore,Tamil Nadu,10.9975,76.8039,Rice,2.91,61.2,21.2,29.1,88.7,62.5,0.374,0.411,0.3,4.21,3.98,0.302,Kharif,None,0.696,2339.0,0.331,0.37,0.8162,1
FARM-1282,Sanjay Sharma,Karnal,Haryana,29.5117,77.0282,Rice,0.7,64.2,33.4,26.5,28.5,52.1,0.231,0.232,0.421,3.59,3.57,0.211,Kharif,Good,0.216,2415.0,0.444,0.632,0.0734,0
FARM-1283,Meena Pillai,Kota,Rajasthan,25.2179,75.9954,Pulses,0.4,41.7,14.0,27.0,29.8,53.2,0.647,0.189,0.347,1.24,1.25,0.55,Rabi,None,0.361,6038.0,0.213,0.25,0.8235,0
FARM-1284,Vijay Kaur,Solapur,Maharashtra,17.5316,75.8537,Cotton,1.24,51.9,15.0,26.8,41.7,49.3,0.454,0.155,0.72,1.43,1.45,0.414,Kharif,None,0.485,6383.0,0.483,0.432,0.9252,1
FARM-1285,Suresh Ghosh,Lucknow,Uttar Pradesh,26.7805,81.1085,Sugarcane,1.72,55.7,28.0,28.1,54.4,61.6,0.569,0.35,0.357,71.32,76.5,0.63,Annual,Partial,0.725,360.0,0.379,0.375,0.9712,1
FARM-1286,Dinesh Jadhav,Muzaffarpur,Bihar,26.3184,85.3057,Wheat,0.93,55.2,21.4,25.1,61.7,73.0,0.147,0.603,0.198,4.45,4.67,0.723,Rabi,None,0.555,2150.0,0.354,0.42,0.7322,1
FARM-1287,Sunita Naidu,Bareilly,Uttar Pradesh,28.4824,79.0647,Rice,3.43,58.4,28.2,28.0,35.9,54.5,0.438,0.448,0.182,3.79,3.69,0.224,Kharif,Good,0.172,2286.0,0.225,0.594,0.0998,1
FARM-1288,Kamla Verma,Patiala,Punjab,30.2924,76.3344,Rice,0.94,51.9,24.1,27.5,56.2,66.5,0.552,0.309,0.335,5.1,5.24,0.436,Kharif,Partial,0.18,2130.0,0.317,0.537,0.5591,1
FARM-1289,Vijay Bishnoi,Karnal,Haryana,29.8598,77.1615,Sugarcane,7.38,69.9,40.6,25.1,48.9,44.9,0.123,0.394,0.367,87.37,86.35,0.279,Annual,Good,0.419,303.0,0.443,0.799,0.0237,0
FARM-1290,Ganesh Deshmukh,Patiala,Punjab,30.4725,76.3295,Wheat,2.27,61.9,34.8,24.2,18.7,80.3,0.455,0.145,0.237,4.49,4.65,0.177,Rabi,Partial,0.448,2079.0,0.146,0.496,0.1196,0
FARM-1291,Ramesh Reddy,Ujjain,Madhya Pradesh,23.083,75.9636,Wheat,3.99,42.6,37.0,24.5,172.4,65.3,0.687,0.31,0.268,4.58,4.94,0.35,Rabi,Partial,0.291,2468.0,0.47,0.405,0.5536,1
FARM-1292,Vijay Yadav,Bathinda,Punjab,30.2131,75.0194,Rice,2.06,65.0,42.6,21.4,77.1,51.1,0.427,0.092,0.297,4.5,4.58,0.418,Kharif,Good,0.442,2445.0,0.261,0.635,0.1531,1
FARM-1293,Dinesh Murugan,Darbhanga,Bihar,26.1007,85.9804,Wheat,0.48,48.4,53.3,27.3,184.2,66.1,0.355,0.569,0.121,4.46,4.63,0.428,Rabi,Good,0.139,2407.0,0.353,0.665,0.0529,1
FARM-1294,Raju Choudhary,Madurai,Tamil Nadu,9.847,78.2211,Rice,5.2,47.1,23.1,29.4,110.2,53.2,0.544,0.285,0.501,3.82,3.78,0.521,Kharif,None,0.193,2322.0,0.401,0.468,0.7096,1
FARM-1295,Radha Verma,Murshidabad,West Bengal,24.1216,88.402,Maize,1.4,61.9,46.2,28.2,170.4,80.7,0.397,0.54,0.556,4.1,4.15,0.49,Kharif,Good,0.334,2037.0,0.234,0.632,0.2959,1
FARM-1296,Sunita Bishnoi,Jabalpur,Madhya Pradesh,23.2415,79.8708,Maize,1.89,92.0,41.2,23.1,119.8,43.4,0.533,0.285,0.323,3.57,3.9,0.81,Kharif,Good,0.739,2097.0,0.564,0.682,0.4004,0
FARM-1297,Rajinder Naidu,Nashik,Maharashtra,19.8926,73.9509,Cotton,0.67,58.9,40.5,26.3,40.9,57.9,0.314,0.161,0.514,2.51,2.73,0.125,Kharif,Good,0.363,6852.0,0.211,0.668,0.0555,0
FARM-1298,Lakshmi Singh,Murshidabad,West Bengal,23.6142,88.1834,Rice,2.9,64.0,41.9,27.8,263.6,68.9,0.334,0.49,0.455,4.28,4.34,0.639,Kharif,None,0.188,2346.0,0.179,0.399,0.3583,1
FARM-1299,Kamla Mondal,Agra,Uttar Pradesh,27.0243,78.0452,Wheat,2.37,73.2,41.9,28.2,107.1,51.5,0.152,0.515,0.191,4.67,4.8,0.23,Rabi,Partial,0.388,2389.0,0.342,0.58,0.0805,0
FARM-1300,Rajinder Reddy,Meerut,Uttar Pradesh,29.0159,77.4657,Pulses,3.04,46.7,35.7,25.1,38.6,66.6,0.255,0.46,0.61,1.73,1.69,0.099,Rabi,Good,0.203,5731.0,0.255,0.707,0.1649,0
FARM-1301,Shankar Reddy,Bathinda,Punjab,30.5311,74.8968,Wheat,1.41,62.2,30.9,25.0,53.2,44.5,0.168,0.247,0.331,4.48,4.27,0.212,Rabi,None,0.288,2598.0,0.116,0.437,0.039,0
FARM-1302,Laxman Bishnoi,Sri Ganganagar,Rajasthan,29.985,74.035,Mustard,2.63,40.8,15.4,28.5,57.4,46.7,0.768,0.005,0.279,0.94,0.96,0.353,Rabi,None,0.263,5237.0,0.338,0.315,0.6087,1
FARM-1303,Bhagwan Meena,Jaipur,Rajasthan,27.0512,75.7166,Wheat,14.88,41.0,22.5,28.6,67.5,41.2,0.583,0.261,0.012,4.2,4.25,0.679,Rabi,None,0.426,2314.0,0.476,0.308,0.69,0
FARM-1304,Vijay Choudhary,Karnal,Haryana,29.6664,77.1201,Wheat,1.8,71.1,38.9,25.4,64.0,53.0,0.48,0.448,0.229,3.89,4.3,0.611,Rabi,Good,0.417,2365.0,0.182,0.646,0.1992,1
FARM-1305,Gurpreet Bishnoi,Raichur,Karnataka,16.2329,77.281,Maize,2.04,61.3,32.4,27.3,97.9,63.6,0.285,0.364,0.315,3.07,3.0,0.4,Kharif,None,0.644,1923.0,0.548,0.348,0.5275,1
FARM-1306,Sanjay Pillai,Hooghly,West Bengal,22.9346,88.3409,Rice,1.5,67.0,54.9,27.2,246.5,73.8,0.321,0.589,0.425,3.88,4.06,0.351,Kharif,Partial,0.58,2310.0,0.328,0.42,0.4653,0
FARM-1307,Sunita Yadav,Ahmedabad,Gujarat,23.2782,72.8547,Maize,3.46,61.5,34.4,28.7,24.2,54.2,0.369,0.241,0.558,4.45,4.89,0.328,Kharif,Good,0.31,1871.0,0.452,0.76,0.1482,0
FARM-1308,Vijay Rathore,Bhavnagar,Gujarat,21.7197,72.1792,Sugarcane,4.15,74.5,33.1,31.2,99.2,49.4,0.464,0.307,0.426,82.2,79.04,0.759,Annual,None,0.533,354.0,0.58,0.389,0.8722,1
FARM-1309,Babu Deshmukh,Sri Ganganagar,Rajasthan,29.9175,73.9601,Pulses,3.41,58.0,26.0,29.3,45.7,43.1,0.562,0.105,0.31,1.16,1.16,0.411,Rabi,Good,0.214,5483.0,0.331,0.656,0.0814,0
FARM-1310,Mahesh Meena,Latur,Maharashtra,18.7362,76.5531,Rice,2.42,49.4,37.7,27.1,103.5,57.9,0.576,0.358,0.194,4.18,4.25,0.151,Kharif,Partial,0.28,2041.0,0.386,0.479,0.196,0
FARM-1311,Sunita Singh,Varanasi,Uttar Pradesh,25.2756,82.8523,Sugarcane,11.49,55.2,27.7,23.5,44.1,57.4,0.457,0.292,0.252,70.08,73.57,0.367,Annual,Good,0.189,373.0,0.297,0.753,0.1204,0
FARM-1312,Kavita Chauhan,Jodhpur,Rajasthan,26.0844,73.2803,Mustard,2.71,43.0,18.0,25.4,58.1,37.0,0.784,0.198,0.258,1.51,1.62,0.449,Rabi,None,0.586,6340.0,0.235,0.285,0.9277,1
FARM-1313,Suresh Reddy,Kolhapur,Maharashtra,17.0327,74.1071,Sugarcane,0.8,56.7,40.4,27.9,166.8,62.7,0.556,0.282,0.448,74.29,74.49,0.194,Annual,Partial,0.425,299.0,0.391,0.538,0.3364,0
FARM-1314,Rajinder Jat,Rajkot,Gujarat,22.1755,70.9344,Wheat,3.83,61.6,20.8,27.0,62.6,61.3,0.668,0.332,0.165,5.22,5.57,0.514,Rabi,None,0.434,2657.0,0.821,0.307,0.8127,0
FARM-1315,Suresh Meena,Kurnool,Andhra Pradesh,15.5003,78.039,Cotton,1.72,75.2,42.9,30.7,105.0,62.9,0.561,0.479,0.721,2.68,2.69,0.338,Kharif,Good,0.3,7029.0,0.165,0.724,0.1779,0
FARM-1316,Shankar Meena,Latur,Maharashtra,18.4184,76.5299,Sugarcane,1.66,45.8,31.5,25.5,63.8,57.6,0.402,0.07,0.281,78.04,77.34,0.382,Annual,Partial,0.395,335.0,0.167,0.475,0.3355,0
FARM-1317,Radha Deshmukh,Ludhiana,Punjab,30.9149,75.6779,Cotton,1.9,54.8,30.6,24.3,72.7,45.9,0.443,0.2,0.688,1.01,1.01,0.349,Kharif,Good,0.355,6185.0,0.098,0.575,0.1865,0
FARM-1318,Kishan Pillai,Sri Ganganagar,Rajasthan,29.8649,74.0394,Mustard,1.17,59.6,28.5,27.8,26.7,39.3,0.686,0.078,0.197,1.75,1.67,0.573,Rabi,Good,0.677,5124.0,0.433,0.538,0.5254,0
FARM-1319,Ganesh Gowda,Hooghly,West Bengal,22.8867,88.3104,Rice,0.9,43.2,46.9,27.7,129.5,81.2,0.221,0.41,0.717,3.4,3.16,0.338,Kharif,Good,0.142,1850.0,0.187,0.568,0.0897,0
FARM-1320,Kishan Singh,Belagavi,Karnataka,15.9775,74.5556,Maize,1.83,68.1,32.3,28.0,118.8,66.7,0.298,0.281,0.466,2.7,2.65,0.554,Kharif,None,0.624,2122.0,0.142,0.431,0.5,0
FARM-1321,Pushpa Patil,Latur,Maharashtra,18.4644,76.6299,Pulses,1.24,61.0,28.2,28.9,72.7,53.6,0.447,0.157,0.421,1.08,1.08,0.298,Rabi,None,0.163,6627.0,0.162,0.428,0.2268,0
FARM-1322,Lakshmi Kaur,Aurangabad,Maharashtra,19.9295,75.1725,Sugarcane,2.21,65.5,14.8,29.0,77.0,49.2,0.642,0.233,0.234,67.07,66.23,0.32,Annual,None,0.296,366.0,0.253,0.444,0.6544,1
FARM-1323,Geeta Patil,Raichur,Karnataka,15.9785,77.3045,Sugarcane,1.63,55.3,30.8,27.1,81.6,63.6,0.547,0.387,0.377,86.44,85.71,0.396,Annual,Partial,0.558,294.0,0.325,0.305,0.8239,1
FARM-1324,Shanti Patel,Aurangabad,Maharashtra,19.8049,75.5072,Maize,0.47,59.6,10.7,26.9,24.0,61.1,0.611,0.229,0.116,3.61,3.57,0.392,Kharif,None,0.821,2134.0,0.242,0.449,0.9135,1
FARM-1325,Mahesh Bishnoi,Darbhanga,Bihar,25.9898,85.7505,Rice,1.17,65.2,30.5,27.9,44.7,65.9,0.191,0.534,0.286,4.04,4.1,0.731,Kharif,Good,0.536,2190.0,0.57,0.624,0.5442,0
FARM-1326,Radha Yadav,Patna,Bihar,25.5948,85.3761,Rice,2.89,56.6,38.2,31.0,128.3,59.3,0.166,0.465,0.508,4.29,4.15,0.106,Kharif,None,0.331,2196.0,0.112,0.425,0.1988,1
FARM-1327,Laxman Naidu,Jalandhar,Punjab,31.156,75.8466,Rice,1.34,72.3,19.3,25.5,53.0,61.4,0.488,0.046,0.517,3.09,2.92,0.226,Kharif,Partial,0.517,2161.0,0.064,0.498,0.3908,0
FARM-1328,Lakshmi Mondal,Surat,Gujarat,20.9139,72.5435,Cotton,1.47,56.3,18.6,27.8,49.4,43.2,0.593,0.262,0.697,1.24,1.26,0.252,Kharif,None,0.392,6532.0,0.155,0.338,0.8781,1
FARM-1329,Dinesh Patil,Madurai,Tamil Nadu,10.2285,77.9801,Rice,3.24,65.2,24.3,33.0,23.9,64.0,0.41,0.376,0.681,4.85,5.43,0.211,Kharif,Good,0.233,2534.0,0.28,0.697,0.3206,0
FARM-1330,Prakash Naidu,Hisar,Haryana,28.9927,75.6425,Wheat,3.22,53.5,46.4,24.6,55.1,52.2,0.307,0.236,0.299,4.54,4.24,0.233,Rabi,Good,0.403,2443.0,0.054,0.635,0.01,0
FARM-1331,Kavita Meena,Varanasi,Uttar Pradesh,25.3765,82.8064,Rice,2.03,61.5,40.0,23.0,47.3,59.1,0.431,0.247,0.362,3.92,4.18,0.434,Kharif,Good,0.337,2407.0,0.198,0.655,0.191,0
FARM-1332,Anil Kaur,Krishna,Andhra Pradesh,16.5055,80.8077,Maize,0.88,59.0,36.0,28.1,70.2,66.8,0.306,0.488,0.525,2.13,2.27,0.286,Kharif,None,0.214,1905.0,0.539,0.379,0.4843,1
FARM-1333,Rekha Bishnoi,Latur,Maharashtra,18.2536,76.7606,Maize,3.11,60.7,30.3,24.6,86.8,56.3,0.407,0.209,0.685,3.4,3.38,0.475,Kharif,Partial,0.35,2036.0,0.251,0.47,0.3865,1
FARM-1334,Savita Patil,Kolhapur,Maharashtra,16.564,74.1527,Rice,14.63,77.6,21.5,28.1,75.6,55.8,0.496,0.416,0.287,6.24,6.07,0.373,Kharif,None,0.262,2275.0,0.392,0.613,0.4484,0
FARM-1335,Mohan Das,Nashik,Maharashtra,19.9158,73.6222,Sugarcane,4.05,45.6,20.5,27.8,42.4,56.0,0.63,0.123,0.295,77.6,78.31,0.338,Annual,Good,0.75,350.0,0.399,0.571,0.7159,1
FARM-1336,Lakshmi Singh,Bhavnagar,Gujarat,22.0041,72.1473,Cotton,1.52,53.5,22.6,31.3,66.1,62.1,0.329,0.295,0.761,1.44,1.46,0.339,Kharif,Partial,0.479,6257.0,0.375,0.428,0.6652,0
FARM-1337,Raju Patel,Ujjain,Madhya Pradesh,23.1184,75.8851,Pulses,1.06,58.0,46.2,23.5,145.9,55.4,0.63,0.282,0.618,1.28,1.38,0.197,Rabi,Good,0.368,5845.0,0.409,0.732,0.1739,0
FARM-1338,Sunil Gowda,Raichur,Karnataka,16.4171,77.4584,Rice,3.41,61.9,32.5,29.3,46.0,65.2,0.516,0.383,0.368,3.85,3.83,0.261,Kharif,Good,0.501,2751.0,0.266,0.678,0.3452,0
FARM-1339,Savita Pillai,Darbhanga,Bihar,25.8482,85.9045,Rice,2.68,62.4,35.8,30.3,136.7,63.5,0.081,0.611,0.31,3.61,3.43,0.394,Kharif,Partial,0.254,2656.0,0.123,0.65,0.01,0
FARM-1340,Shankar Choudhary,Lucknow,Uttar Pradesh,26.7638,80.9252,Wheat,1.66,41.6,28.9,28.9,90.6,43.5,0.141,0.256,0.286,4.04,4.09,0.397,Rabi,None,0.291,2351.0,0.526,0.286,0.3014,0
FARM-1341,Vijay Verma,Karnal,Haryana,29.9218,76.6018,Cotton,1.77,66.0,42.0,23.1,45.1,53.2,0.318,0.172,0.628,1.93,2.11,0.431,Kharif,Good,0.173,5707.0,0.122,0.672,0.01,0
FARM-1342,Anil Mondal,Nagpur,Maharashtra,21.0607,79.0836,Maize,9.91,32.8,20.3,28.2,66.2,53.0,0.564,0.555,0.254,2.96,3.08,0.49,Kharif,Partial,0.329,1922.0,0.508,0.457,0.7733,1
FARM-1343,Kavita Kumar,Kurnool,Andhra Pradesh,15.9984,78.0415,Rice,2.73,44.1,22.5,31.0,58.1,82.3,0.395,0.252,0.344,3.66,3.51,0.379,Kharif,None,0.562,2211.0,0.182,0.303,0.9519,1
FARM-1344,Gurpreet Gowda,Ludhiana,Punjab,31.0762,76.1834,Maize,2.45,62.5,27.2,25.0,38.5,68.3,0.363,0.053,0.576,2.56,2.56,0.412,Kharif,Good,0.294,2148.0,0.04,0.666,0.0628,1
FARM-1345,Anil Kaur,Amritsar,Punjab,31.4467,74.9253,Rice,1.13,65.1,39.5,24.6,20.0,63.1,0.184,0.279,0.45,4.77,4.52,0.32,Kharif,Partial,0.429,2319.0,0.285,0.533,0.4245,0
FARM-1346,Manoj Choudhary,Thanjavur,Tamil Nadu,10.9728,79.1569,Sugarcane,5.71,76.8,47.3,32.5,93.7,73.5,0.509,0.329,0.517,95.61,94.04,0.656,Annual,Good,0.398,273.0,0.199,0.663,0.2902,0
FARM-1347,Savita Patel,Bhopal,Madhya Pradesh,23.5141,77.5202,Maize,4.06,58.5,42.8,23.6,67.8,63.9,0.342,0.124,0.494,1.79,1.95,0.297,Kharif,Good,0.471,1951.0,0.021,0.701,0.0164,0
FARM-1348,Sunil Kumar,Murshidabad,West Bengal,24.0311,88.0484,Pulses,1.25,45.2,30.7,22.5,148.4,73.6,0.413,0.391,0.534,0.87,0.86,0.206,Rabi,None,0.238,6671.0,0.245,0.361,0.4479,0
FARM-1349,Lakshmi Gowda,Jodhpur,Rajasthan,26.6058,73.2429,Wheat,1.55,55.8,23.0,26.3,19.9,37.1,0.369,0.114,0.241,4.0,4.13,0.308,Rabi,None,0.373,2278.0,0.566,0.337,0.6544,1
FARM-1350,Meena Chauhan,Mandya,Karnataka,12.8378,76.7968,Pulses,1.1,56.3,30.8,27.3,58.3,64.9,0.61,0.089,0.553,1.21,1.27,0.185,Rabi,None,0.229,5556.0,0.158,0.439,0.3271,0
FARM-1351,Kavita Meena,Muzaffarpur,Bihar,26.0175,85.2958,Rice,1.75,41.9,49.2,28.3,119.0,62.5,0.348,0.477,0.486,3.82,3.71,0.209,Kharif,Good,0.207,2661.0,0.185,0.71,0.139,0
FARM-1352,Lakshmi Meena,Jalandhar,Punjab,30.9597,75.8583,Wheat,2.17,81.6,34.4,26.4,28.2,61.0,0.293,0.189,0.315,4.23,4.25,0.099,Rabi,Good,0.137,2353.0,0.133,0.852,0.01,0
FARM-1353,Lakshmi Chauhan,Bardhaman,West Bengal,23.1891,88.3063,Rice,0.75,63.4,43.2,28.3,233.8,79.5,0.478,0.53,0.613,4.41,4.51,0.737,Kharif,Partial,0.625,2298.0,0.16,0.423,0.7527,1
FARM-1354,Dinesh Meena,Nadia,West Bengal,23.5209,88.6331,Rice,1.8,61.5,25.3,25.6,130.0,69.7,0.542,0.496,0.599,3.49,3.8,0.4,Kharif,Partial,0.735,2473.0,0.194,0.479,0.8326,1
FARM-1355,Sukhwinder Das,Sri Ganganagar,Rajasthan,29.9873,73.6473,Maize,0.8,49.6,19.8,23.5,23.6,43.5,0.815,0.365,0.336,2.38,2.24,0.452,Kharif,Partial,0.568,2221.0,0.311,0.451,0.9561,1
FARM-1356,Rajinder Kaur,Bhopal,Madhya Pradesh,23.1996,77.456,Pulses,2.49,67.3,26.3,22.3,96.1,52.9,0.365,0.165,0.348,1.3,1.3,0.398,Rabi,None,0.091,6694.0,0.047,0.397,0.0291,0
FARM-1357,Kishan Naidu,Lucknow,Uttar Pradesh,26.9331,80.4484,Wheat,8.6,73.5,33.0,24.2,49.0,64.9,0.484,0.529,0.381,4.55,4.43,0.197,Rabi,Good,0.326,2205.0,0.401,0.712,0.1192,0
FARM-1358,Gurpreet Das,Nizamabad,Telangana,18.5891,78.1278,Cotton,2.41,36.9,36.7,27.7,109.5,69.6,0.416,0.251,0.818,0.71,0.77,0.295,Kharif,Good,0.124,6755.0,0.508,0.588,0.3124,1
FARM-1359,Narayan Jat,Kurnool,Andhra Pradesh,15.8808,78.1392,Rice,3.73,55.4,20.8,27.1,28.3,64.0,0.604,0.41,0.236,4.58,4.6,0.843,Kharif,None,0.49,2223.0,0.776,0.429,0.9306,1
FARM-1360,Sunil Jadhav,Ahmedabad,Gujarat,23.0644,72.527,Pulses,2.49,64.2,16.1,29.9,54.5,54.7,0.478,0.311,0.418,1.03,1.07,0.29,Rabi,None,0.705,6808.0,0.547,0.406,0.8251,1
FARM-1361,Kishan Naidu,Karnal,Haryana,29.8542,77.304,Sugarcane,1.11,64.5,36.3,32.2,82.9,47.8,0.323,0.304,0.281,84.85,74.89,0.507,Annual,Partial,0.56,313.0,0.149,0.481,0.4595,0
FARM-1362,Ramesh Choudhary,Thanjavur,Tamil Nadu,10.7258,79.2502,Rice,1.36,62.9,30.8,30.8,52.8,74.9,0.328,0.368,0.446,3.68,3.96,0.677,Kharif,Partial,0.474,2503.0,0.163,0.504,0.7443,0
FARM-1363,Kavita Deshmukh,Lucknow,Uttar Pradesh,27.0913,80.9133,Wheat,3.05,35.6,16.7,26.3,45.6,70.4,0.465,0.436,0.588,4.93,5.21,0.497,Rabi,None,0.269,1920.0,0.402,0.329,0.8641,1
FARM-1364,Sohan Yadav,Thanjavur,Tamil Nadu,10.5688,79.0588,Cotton,1.68,58.7,26.9,30.1,142.3,68.6,0.527,0.351,0.565,1.63,1.61,0.404,Kharif,None,0.886,6497.0,0.324,0.387,0.9395,1
FARM-1365,Sunita Chauhan,Bathinda,Punjab,29.9746,75.4445,Wheat,2.13,76.1,34.8,26.2,35.1,50.5,0.114,0.118,0.096,4.99,4.67,0.234,Rabi,Good,0.602,2319.0,0.054,0.647,0.0233,0
FARM-1366,Laxman Murugan,Jabalpur,Madhya Pradesh,23.2948,79.9481,Mustard,3.68,77.1,43.4,30.2,95.2,44.5,0.333,0.334,0.295,1.51,1.56,0.618,Rabi,Good,0.213,5419.0,0.224,0.753,0.0421,0
FARM-1367,Laxman Yadav,Rohtak,Haryana,28.682,76.8451,Rice,2.75,51.0,37.6,22.8,38.5,57.0,0.414,0.124,0.309,3.96,3.72,0.53,Kharif,Good,0.196,1913.0,0.315,0.646,0.0569,0
FARM-1368,Gurpreet Jat,Amritsar,Punjab,31.646,74.9977,Cotton,3.33,82.4,31.9,24.3,8.2,62.0,0.108,0.3,0.443,2.16,2.11,0.135,Kharif,Good,0.142,6519.0,0.106,0.805,0.0114,0
FARM-1369,Narayan Kumar,Bhopal,Madhya Pradesh,23.2424,77.2885,Pulses,1.01,62.0,23.9,23.6,76.9,47.6,0.672,0.116,0.467,1.76,1.77,0.48,Rabi,None,0.221,6464.0,0.281,0.35,0.5741,0
FARM-1370,Babu Rao,Anantapur,Andhra Pradesh,14.7793,77.6993,Pulses,2.19,71.8,28.7,30.0,15.8,58.7,0.589,0.383,0.486,1.73,1.83,0.92,Rabi,Good,0.935,5448.0,0.37,0.558,0.9505,1
FARM-1371,Sukhwinder Kumar,Gaya,Bihar,24.8462,84.8961,Wheat,7.99,57.7,33.3,27.8,225.2,66.1,0.497,0.634,0.213,5.39,5.31,0.452,Rabi,None,0.453,2023.0,0.202,0.375,0.5725,1
FARM-1372,Shanti Sharma,Rohtak,Haryana,28.7855,76.3585,Rice,4.54,86.3,34.4,21.8,13.1,32.6,0.322,0.247,0.272,4.28,4.16,0.496,Kharif,Partial,0.236,2430.0,0.174,0.637,0.1121,0
FARM-1373,Anita Choudhary,Khammam,Telangana,17.2444,79.939,Cotton,5.47,47.5,18.7,29.5,54.7,64.9,0.856,0.398,0.704,2.52,2.47,0.348,Kharif,Partial,0.452,6622.0,0.353,0.466,0.99,1
FARM-1374,Anil Patel,Varanasi,Uttar Pradesh,25.411,83.032,Wheat,3.08,62.7,34.2,27.7,81.5,61.5,0.274,0.435,0.499,5.24,5.68,0.185,Rabi,Partial,0.405,2361.0,0.424,0.576,0.1822,0
FARM-1375,Dinesh Das,Bareilly,Uttar Pradesh,28.1582,79.3266,Wheat,1.28,65.4,21.7,27.9,87.7,71.6,0.304,0.438,0.238,3.4,3.45,0.231,Rabi,Partial,0.174,2353.0,0.168,0.531,0.0244,0
FARM-1376,Suresh Rathore,Bhavnagar,Gujarat,22.0108,72.1093,Cotton,6.8,57.9,27.1,28.6,105.3,48.6,0.431,0.19,0.615,1.96,2.14,0.33,Kharif,Partial,0.31,6692.0,0.104,0.531,0.2065,0
FARM-1377,Radha Gowda,Mandya,Karnataka,12.7906,77.0258,Cotton,3.54,61.2,23.2,28.3,77.1,53.4,0.491,0.422,0.378,1.94,1.93,0.458,Kharif,None,0.461,7820.0,0.31,0.509,0.6476,1
FARM-1378,Kamla Bishnoi,Indore,Madhya Pradesh,22.5399,76.1278,Maize,1.98,54.8,37.4,23.8,75.1,36.8,0.155,0.105,0.312,4.72,5.36,0.546,Kharif,Partial,0.254,1853.0,0.544,0.577,0.0944,0
FARM-1379,Shanti Rao,Solapur,Maharashtra,17.7656,75.664,Sugarcane,3.43,69.2,24.1,26.0,84.0,60.4,0.535,0.179,0.191,80.86,72.72,0.737,Annual,None,0.54,342.0,0.281,0.572,0.7448,1
FARM-1380,Geeta Yadav,Gwalior,Madhya Pradesh,26.0703,78.0636,Wheat,1.78,62.9,34.7,30.1,108.2,51.1,0.436,0.308,0.406,4.54,4.78,0.253,Rabi,Partial,0.251,2221.0,0.639,0.459,0.302,1
FARM-1381,Ramesh Pillai,Coimbatore,Tamil Nadu,11.3632,77.1957,Rice,1.39,56.8,46.5,31.2,53.9,72.4,0.262,0.178,0.523,4.24,4.55,0.566,Kharif,Good,0.267,2276.0,0.059,0.734,0.0274,0
FARM-1382,Pushpa Ghosh,Guntur,Andhra Pradesh,16.7648,80.2398,Cotton,6.01,45.3,22.2,27.5,64.9,63.0,0.428,0.456,0.77,1.34,1.42,0.088,Kharif,None,0.145,6392.0,0.22,0.478,0.4846,1
FARM-1383,Ramesh Patil,Khammam,Telangana,17.3186,80.0044,Pulses,4.05,53.5,8.0,27.4,44.4,49.8,0.607,0.403,0.454,1.29,1.3,0.364,Rabi,None,0.393,6424.0,0.509,0.391,0.8981,1
FARM-1384,Lakshmi Murugan,Murshidabad,West Bengal,23.8622,88.3293,Rice,1.5,70.1,44.2,23.8,236.2,77.0,0.222,0.471,0.369,4.11,4.29,0.621,Kharif,None,0.249,2153.0,0.464,0.482,0.2261,0
FARM-1385,Ganesh Pillai,Ahmedabad,Gujarat,22.98,72.7134,Sugarcane,5.18,73.4,18.2,28.7,36.8,49.3,0.359,0.269,0.321,93.06,89.8,0.552,Annual,None,0.253,350.0,0.33,0.447,0.7294,1
FARM-1386,Narayan Kaur,Jodhpur,Rajasthan,26.2178,73.2047,Pulses,28.47,49.0,11.6,25.4,22.0,48.6,0.876,0.161,0.518,1.35,1.4,0.527,Rabi,Partial,0.336,6855.0,0.26,0.544,0.7503,0
FARM-1387,Anita Verma,Rohtak,Haryana,28.8345,76.4485,Mustard,3.11,86.9,37.9,23.5,46.1,47.1,0.196,0.125,0.325,1.29,1.27,0.257,Rabi,Good,0.14,5248.0,0.183,0.87,0.01,0
FARM-1388,Mohan Sharma,Amritsar,Punjab,31.4904,74.8728,Wheat,2.74,63.6,24.8,21.6,36.8,46.1,0.462,0.057,0.18,4.45,4.97,0.476,Rabi,Partial,0.184,2469.0,0.335,0.503,0.0848,0
FARM-1389,Pushpa Rathore,Jalandhar,Punjab,31.2163,75.755,Rice,3.9,67.8,31.5,22.8,40.5,48.7,0.359,0.451,0.355,3.39,3.53,0.285,Kharif,Good,0.261,2541.0,0.283,0.728,0.1885,0
FARM-1390,Mahesh Jat,Ujjain,Madhya Pradesh,23.3957,75.8167,Mustard,2.62,40.7,18.4,26.9,88.6,34.6,0.819,0.217,0.342,1.25,1.27,0.555,Rabi,None,0.592,4879.0,0.564,0.163,0.8805,0
FARM-1391,Rajinder Naidu,Warangal,Telangana,18.1171,79.6165,Rice,3.0,48.5,47.0,32.0,128.8,59.2,0.442,0.282,0.401,3.64,3.74,0.36,Kharif,Good,0.356,2603.0,0.632,0.534,0.3196,0
FARM-1392,Sukhwinder Singh,Gwalior,Madhya Pradesh,26.2338,78.1948,Pulses,3.55,53.5,44.1,29.2,98.4,44.4,0.373,0.286,0.426,1.14,1.07,0.375,Rabi,Good,0.573,6677.0,0.195,0.559,0.3604,0
FARM-1393,Harpreet Rathore,Gaya,Bihar,24.9308,85.1865,Rice,1.1,91.3,26.5,27.6,102.9,59.6,0.306,0.602,0.477,5.21,5.02,0.304,Kharif,Partial,0.409,2070.0,0.549,0.648,0.3047,0
FARM-1394,Mohan Singh,Guntur,Andhra Pradesh,16.2956,80.6264,Rice,1.98,69.3,40.0,30.6,117.8,65.6,0.404,0.351,0.502,4.16,4.56,0.266,Kharif,Good,0.171,2270.0,0.235,0.783,0.01,0
FARM-1395,Raju Bishnoi,Nagpur,Maharashtra,21.3425,79.1799,Sugarcane,1.25,71.0,31.0,28.1,76.6,57.7,0.462,0.207,0.34,91.5,102.85,0.398,Annual,None,0.172,307.0,0.59,0.592,0.4966,0
FARM-1396,Kamla Ghosh,Kolhapur,Maharashtra,16.1673,74.5446,Maize,4.63,58.1,15.0,27.4,61.6,60.1,0.765,0.221,0.422,3.2,3.17,0.263,Kharif,None,0.166,2068.0,0.626,0.455,0.6341,1
FARM-1397,Ramesh Kaur,Nalgonda,Telangana,16.8314,79.288,Rice,1.25,58.8,30.6,28.3,55.6,61.6,0.589,0.508,0.453,4.29,4.32,0.303,Kharif,Good,0.32,2735.0,0.245,0.714,0.3384,1
FARM-1398,Sunita Chauhan,Khammam,Telangana,17.3142,80.0343,Cotton,0.98,63.0,42.5,27.5,88.5,60.0,0.564,0.187,0.519,2.03,2.22,0.465,Kharif,Good,0.38,6354.0,0.342,0.671,0.2354,0
FARM-1399,Prakash Deshmukh,Ludhiana,Punjab,30.6141,76.0808,Maize,1.69,74.1,24.8,23.6,14.7,58.8,0.445,0.384,0.255,1.53,1.66,0.357,Kharif,Partial,0.611,2112.0,0.6,0.553,0.5398,1
FARM-1400,Dinesh Kaur,Rohtak,Haryana,29.0295,76.3517,Wheat,3.57,66.3,34.1,22.7,42.6,49.4,0.478,0.098,0.27,4.81,5.17,0.431,Rabi,Good,0.473,2242.0,0.087,0.708,0.0884,0
FARM-1401,Ramesh Pillai,Madurai,Tamil Nadu,10.0025,78.3761,Sugarcane,1.8,52.8,37.0,30.8,47.4,56.2,0.236,0.297,0.563,76.69,75.56,0.41,Annual,Good,0.446,342.0,0.198,0.573,0.4406,1
FARM-1402,Rajinder Pillai,Kota,Rajasthan,25.3146,75.9898,Wheat,1.07,70.1,21.3,27.3,24.9,34.9,0.617,0.229,0.516,4.37,4.31,0.692,Rabi,Partial,0.443,2399.0,0.117,0.523,0.6942,1
FARM-1403,Kamla Das,Bareilly,Uttar Pradesh,28.3718,79.3741,Rice,2.9,61.8,22.0,25.7,64.9,55.4,0.441,0.446,0.262,4.27,4.15,0.198,Kharif,Partial,0.43,2403.0,0.335,0.512,0.3962,1
FARM-1404,Harpreet Choudhary,Jaipur,Rajasthan,26.8565,75.8487,Mustard,2.94,58.6,31.4,27.9,35.3,40.3,0.398,0.123,0.114,1.42,1.37,0.354,Rabi,Good,0.234,5948.0,0.307,0.731,0.1124,0
FARM-1405,Sohan Naidu,Latur,Maharashtra,18.3416,76.6363,Cotton,2.46,49.0,37.6,28.5,128.3,47.6,0.375,0.344,0.454,2.14,2.16,0.169,Kharif,Partial,0.471,5866.0,0.094,0.483,0.2324,0
FARM-1406,Babu Patel,Nagpur,Maharashtra,21.2596,79.0739,Pulses,4.22,72.6,46.1,28.1,164.5,65.6,0.412,0.292,0.475,1.4,1.4,0.414,Rabi,Partial,0.594,5916.0,0.118,0.549,0.2354,1
FARM-1407,Mohan Deshmukh,Rajkot,Gujarat,22.2041,70.5257,Pulses,1.53,55.1,29.5,28.1,57.6,45.5,0.381,0.334,0.423,1.68,1.63,0.307,Rabi,None,0.269,5323.0,0.468,0.423,0.3454,0
FARM-1408,Vijay Ghosh,Nagpur,Maharashtra,21.2513,79.1931,Maize,3.34,55.9,22.5,26.8,68.2,49.8,0.632,0.324,0.682,3.3,3.25,0.268,Kharif,Partial,0.419,2531.0,0.235,0.469,0.6732,0
FARM-1409,Anita Pillai,Warangal,Telangana,18.1462,79.6397,Cotton,3.05,50.1,28.5,29.6,71.8,61.0,0.384,0.543,0.594,2.46,2.56,0.721,Kharif,Partial,0.428,6379.0,0.314,0.431,0.7629,0
FARM-1410,Ramesh Gowda,Murshidabad,West Bengal,24.235,88.0242,Rice,1.02,61.4,56.4,32.2,209.6,70.8,0.348,0.478,0.506,3.43,3.44,0.631,Kharif,Good,0.46,2807.0,0.401,0.486,0.5301,0
FARM-1411,Sohan Jadhav,Gwalior,Madhya Pradesh,25.9418,78.4279,Pulses,6.95,55.9,27.4,24.2,58.7,49.4,0.407,0.346,0.494,1.21,1.23,0.347,Rabi,Good,0.437,6025.0,0.259,0.596,0.2233,0
FARM-1412,Bhagwan Meena,Patna,Bihar,25.596,85.1681,Maize,3.76,72.6,35.8,27.9,102.1,83.4,0.499,0.442,0.311,4.09,4.21,0.617,Kharif,Good,0.347,1906.0,0.244,0.802,0.0701,0
FARM-1413,Lakshmi Naidu,Jalandhar,Punjab,31.2908,75.4393,Wheat,8.8,72.1,36.6,23.0,46.4,81.0,0.386,0.225,0.442,4.9,4.9,0.069,Rabi,Good,0.081,2339.0,0.727,0.871,0.01,0
FARM-1414,Sukhwinder Pillai,Meerut,Uttar Pradesh,29.1374,77.7538,Sugarcane,2.15,55.7,19.2,26.3,110.9,52.4,0.603,0.283,0.376,76.21,76.66,0.282,Annual,None,0.819,333.0,0.482,0.282,0.99,1
FARM-1415,Kishan Pillai,Amritsar,Punjab,31.5046,75.0209,Wheat,2.46,73.3,44.7,27.1,37.8,51.5,0.438,0.385,0.122,5.58,5.68,0.139,Rabi,Good,0.383,2507.0,0.256,0.778,0.0432,0
FARM-1416,Mohan Reddy,Solapur,Maharashtra,17.64,75.7085,Sugarcane,0.8,56.5,32.1,27.6,99.1,57.7,0.383,0.158,0.449,65.68,64.7,0.385,Annual,Partial,0.293,358.0,0.162,0.581,0.2836,0
FARM-1417,Sunil Patel,Gorakhpur,Uttar Pradesh,26.8306,83.2554,Rice,2.2,71.4,26.2,23.2,62.1,74.4,0.608,0.529,0.453,3.62,3.72,0.242,Kharif,Good,0.657,2399.0,0.321,0.733,0.5291,0
FARM-1418,Raju Reddy,Aurangabad,Maharashtra,19.8038,75.2507,Rice,2.46,83.4,26.1,26.3,87.2,44.8,0.668,0.411,0.369,5.29,5.24,0.283,Kharif,Partial,0.243,2318.0,0.348,0.561,0.2977,0
FARM-1419,Kishan Rathore,Ahmedabad,Gujarat,22.9275,72.5774,Cotton,1.27,28.2,17.7,30.7,38.2,50.6,0.523,0.262,0.493,1.82,1.9,0.188,Kharif,None,0.285,6052.0,0.31,0.14,0.9247,0
FARM-1420,Shanti Singh,Ahmedabad,Gujarat,22.9959,72.2047,Cotton,3.56,48.8,40.3,28.4,54.2,54.2,0.429,0.506,0.662,1.29,1.32,0.311,Kharif,Good,0.396,5927.0,0.117,0.656,0.3298,0
FARM-1421,Pushpa Jadhav,Anantapur,Andhra Pradesh,14.2635,78.0676,Rice,11.31,76.9,37.5,27.2,71.7,68.0,0.49,0.411,0.563,3.91,4.17,0.426,Kharif,Good,0.319,2380.0,0.183,0.657,0.0903,0
FARM-1422,Prakash Sharma,Nagpur,Maharashtra,21.4231,78.9957,Cotton,3.45,62.0,30.1,27.5,48.4,60.4,0.422,0.29,0.635,1.75,1.84,0.4,Kharif,Good,0.526,6730.0,0.119,0.672,0.3005,0
FARM-1423,Sukhwinder Mondal,Khammam,Telangana,17.3035,80.2919,Maize,2.26,67.7,28.6,27.7,119.5,58.5,0.403,0.184,0.395,3.72,3.91,0.326,Kharif,None,0.231,2126.0,0.254,0.42,0.1635,0
FARM-1424,Rekha Singh,Bhopal,Madhya Pradesh,23.5932,77.4009,Pulses,2.09,61.0,30.8,21.1,146.1,48.4,0.46,0.361,0.476,1.14,1.14,0.463,Rabi,None,0.42,6455.0,0.448,0.352,0.653,1
FARM-1425,Shankar Naidu,Gwalior,Madhya Pradesh,26.0052,77.8582,Maize,3.59,57.8,41.1,26.0,62.6,56.3,0.207,0.159,0.239,4.48,4.48,0.157,Kharif,Good,0.421,2349.0,0.798,0.64,0.0536,0
FARM-1426,Vijay Rathore,Bardhaman,West Bengal,22.8882,87.7088,Mustard,1.55,78.9,33.8,27.0,50.0,79.1,0.35,0.827,0.422,2.25,2.36,0.521,Rabi,Good,0.592,6039.0,0.341,0.625,0.4554,1
FARM-1427,Radha Gowda,Aurangabad,Maharashtra,20.0451,75.2154,Rice,2.94,70.3,30.6,31.1,100.8,64.6,0.631,0.264,0.625,3.84,4.1,0.634,Kharif,Good,0.57,2358.0,0.227,0.63,0.5245,0
FARM-1428,Anil Patil,Latur,Maharashtra,18.5482,76.4376,Pulses,1.68,74.2,27.9,24.3,95.1,50.6,0.672,0.179,0.428,1.37,1.39,0.322,Rabi,None,0.528,6675.0,0.198,0.449,0.4121,0
FARM-1429,Prakash Yadav,Kota,Rajasthan,25.1562,75.9815,Wheat,8.33,46.6,17.2,28.5,18.7,20.0,0.482,0.153,0.003,4.75,5.09,0.229,Rabi,None,0.101,2641.0,0.58,0.475,0.3043,1
FARM-1430,Sunita Deshmukh,Rajkot,Gujarat,22.3671,71.0107,Sugarcane,2.43,63.5,34.7,28.6,67.0,58.5,0.63,0.349,0.443,83.87,82.89,0.41,Annual,Good,0.387,329.0,0.353,0.666,0.4561,1
FARM-1431,Bhagwan Kumar,Varanasi,Uttar Pradesh,25.3436,83.0848,Sugarcane,2.47,57.2,33.9,22.8,44.4,66.4,0.406,0.401,0.447,80.04,80.31,0.295,Annual,Good,0.36,355.0,0.168,0.59,0.2903,1
FARM-1432,Sanjay Ghosh,Bareilly,Uttar Pradesh,28.1517,79.3796,Mustard,0.4,51.1,39.1,23.8,74.5,62.0,0.214,0.387,0.292,1.78,1.85,0.171,Rabi,Good,0.403,5597.0,0.219,0.477,0.1889,0
FARM-1433,Raju Pillai,Madurai,Tamil Nadu,10.1541,78.2168,Pulses,0.99,83.4,45.0,30.6,165.0,67.9,0.35,0.273,0.509,1.64,1.67,0.375,Rabi,Partial,0.297,5866.0,0.149,0.638,0.0937,0
FARM-1434,Sunil Ghosh,Bareilly,Uttar Pradesh,28.3753,79.3435,Rice,1.59,74.3,41.8,26.6,23.7,68.4,0.247,0.325,0.442,4.88,4.92,0.521,Kharif,Good,0.306,2289.0,0.14,0.687,0.1474,0
FARM-1435,Radha Meena,Bhopal,Madhya Pradesh,22.9069,77.4535,Pulses,3.87,70.7,27.7,24.5,75.1,58.5,0.623,0.305,0.601,1.53,1.63,0.478,Rabi,None,0.269,6196.0,0.534,0.461,0.692,0
FARM-1436,Ramesh Patil,Bathinda,Punjab,30.1326,74.8947,Wheat,3.58,67.3,42.7,29.8,19.9,53.4,0.164,0.309,0.143,4.7,4.67,0.644,Rabi,Good,0.258,2354.0,0.426,0.605,0.1081,0
FARM-1437,Mohan Murugan,Guntur,Andhra Pradesh,16.4149,80.131,Pulses,2.97,66.1,37.2,28.3,104.3,80.9,0.393,0.338,0.613,1.58,1.51,0.418,Rabi,None,0.613,5766.0,0.4,0.462,0.6229,0
FARM-1438,Sukhwinder Jadhav,Mysuru,Karnataka,12.467,76.787,Cotton,4.05,70.4,44.0,21.3,107.1,41.9,0.698,0.332,0.331,2.3,2.24,0.429,Kharif,Good,0.459,6746.0,0.552,0.686,0.2267,1
FARM-1439,Meena Patel,Mandya,Karnataka,12.3498,77.003,Pulses,3.28,55.8,24.1,22.7,27.5,53.2,0.692,0.256,0.268,1.18,1.17,0.207,Rabi,Partial,0.453,6407.0,0.276,0.653,0.2182,1
FARM-1440,Suresh Jadhav,Belagavi,Karnataka,15.9064,74.6599,Maize,3.14,87.7,39.2,26.9,47.0,67.1,0.502,0.321,0.343,3.02,3.15,0.19,Kharif,Good,0.496,1892.0,0.146,0.602,0.0209,0
FARM-1441,Sunil Bishnoi,Jaipur,Rajasthan,26.8328,75.752,Cotton,1.59,30.4,29.6,27.2,19.3,35.2,0.791,0.35,0.35,1.69,1.85,0.669,Kharif,Good,0.437,6483.0,0.472,0.558,0.8009,0
FARM-1442,Bhagwan Mondal,Rajkot,Gujarat,22.5066,70.7235,Wheat,3.44,77.4,35.4,27.1,28.4,40.1,0.726,0.15,0.18,4.04,4.17,0.543,Rabi,Partial,0.547,1991.0,0.121,0.521,0.3733,0
FARM-1443,Lakshmi Sharma,Surat,Gujarat,20.88,72.707,Wheat,4.35,56.6,30.3,27.6,117.5,46.5,0.566,0.291,0.324,4.24,4.24,0.475,Rabi,Partial,0.194,2522.0,0.191,0.51,0.1552,0
FARM-1444,Raju Sharma,Hooghly,West Bengal,22.7954,88.236,Mustard,0.99,72.3,37.1,27.1,251.3,77.9,0.532,0.521,0.433,1.41,1.5,0.189,Rabi,None,0.38,6451.0,0.531,0.492,0.5242,0
FARM-1445,Rekha Rathore,Rajkot,Gujarat,22.0592,71.0282,Pulses,1.29,43.0,21.3,24.2,72.9,51.0,0.333,0.394,0.52,1.2,1.13,0.574,Rabi,None,0.777,6121.0,0.173,0.248,0.9608,1
FARM-1446,Manoj Pillai,Bareilly,Uttar Pradesh,28.4088,79.58,Rice,6.58,61.0,23.2,23.6,52.8,56.4,0.441,0.343,0.274,4.56,4.53,0.453,Kharif,None,0.397,2374.0,0.138,0.269,0.8001,1
FARM-1447,Ganesh Sharma,Thanjavur,Tamil Nadu,10.8701,79.5263,Rice,1.33,73.2,39.2,25.2,81.0,49.5,0.22,0.273,0.159,3.36,3.61,0.209,Kharif,Partial,0.209,2536.0,0.112,0.576,0.01,0
FARM-1448,Kamla Jat,Patna,Bihar,25.5859,85.0839,Wheat,5.43,59.6,29.9,30.7,96.7,67.7,0.226,0.794,0.344,5.57,5.52,0.303,Rabi,Partial,0.446,2307.0,0.206,0.492,0.356,0
FARM-1449,Vijay Mondal,Latur,Maharashtra,18.3323,76.5916,Cotton,2.15,61.3,43.4,26.3,166.3,66.5,0.269,0.249,0.603,2.19,2.38,0.202,Kharif,Good,0.294,6730.0,0.197,0.777,0.01,0
FARM-1450,Kamla Kumar,Gorakhpur,Uttar Pradesh,26.6809,83.3775,Pulses,0.88,74.8,37.6,22.8,159.0,66.5,0.408,0.497,0.439,1.76,1.74,0.291,Rabi,Partial,0.454,6168.0,0.468,0.473,0.3923,0
FARM-1451,Geeta Deshmukh,Madurai,Tamil Nadu,9.9894,77.8431,Sugarcane,2.31,61.9,39.5,28.9,95.3,66.1,0.544,0.227,0.3,68.77,63.76,0.64,Annual,Good,0.636,356.0,0.586,0.686,0.4215,0
FARM-1452,Geeta Kaur,Sirsa,Haryana,29.7203,75.0449,Wheat,4.11,90.7,29.8,24.1,52.9,52.8,0.521,0.29,0.13,5.44,6.1,0.347,Rabi,Partial,0.168,2275.0,0.381,0.683,0.0598,0
FARM-1453,Ganesh Kaur,Nagpur,Maharashtra,21.328,79.0372,Pulses,1.93,61.3,31.1,30.0,174.8,69.9,0.596,0.246,0.751,1.1,1.1,0.24,Rabi,Partial,0.183,6763.0,0.43,0.481,0.4074,0
FARM-1454,Kishan Jat,Krishna,Andhra Pradesh,16.7579,80.6963,Pulses,5.66,75.3,38.7,25.4,88.7,64.9,0.647,0.386,0.406,1.76,1.66,0.428,Rabi,Good,0.384,7092.0,0.356,0.739,0.1585,1
FARM-1455,Lakshmi Ghosh,Mandya,Karnataka,12.7952,76.8122,Rice,1.56,50.3,26.6,26.4,53.1,75.9,0.315,0.416,0.471,3.59,3.81,0.488,Kharif,Partial,0.562,2073.0,0.406,0.5,0.7516,0
FARM-1456,Dinesh Patil,Khammam,Telangana,17.0853,80.1423,Rice,1.68,47.0,30.0,31.3,50.1,54.2,0.33,0.352,0.327,4.14,3.79,0.427,Kharif,Partial,0.51,2424.0,0.124,0.508,0.5959,1
FARM-1457,Sunil Jadhav,Karnal,Haryana,29.5581,76.9646,Cotton,3.81,65.9,31.2,24.7,49.0,54.5,0.559,0.099,0.574,1.66,1.66,0.485,Kharif,Good,0.134,6798.0,0.339,0.671,0.0888,0
FARM-1458,Babu Patil,Jaipur,Rajasthan,27.0279,75.4643,Mustard,3.71,45.3,9.9,27.2,17.0,45.2,0.629,0.265,0.223,1.11,1.05,0.521,Rabi,None,0.44,6147.0,0.61,0.316,0.8275,0
FARM-1459,Sohan Rathore,Solapur,Maharashtra,17.6958,75.9559,Maize,10.12,47.7,34.8,26.5,51.5,61.0,0.505,0.339,0.515,3.32,3.29,0.683,Kharif,Good,0.608,2032.0,0.218,0.589,0.4524,1
FARM-1460,Mahesh Patil,Anantapur,Andhra Pradesh,14.6253,77.6124,Rice,4.23,71.3,29.2,29.8,63.5,63.6,0.368,0.202,0.535,3.3,3.32,0.208,Kharif,Partial,0.27,2541.0,0.406,0.561,0.1953,0
FARM-1461,Lakshmi Patil,Hisar,Haryana,28.9162,75.2693,Cotton,8.03,65.9,31.4,26.4,42.2,52.6,0.208,0.157,0.65,2.34,2.24,0.18,Kharif,Good,0.366,6192.0,0.015,0.785,0.0151,0
FARM-1462,Radha Singh,Anantapur,Andhra Pradesh,14.8712,77.5855,Rice,1.38,54.9,19.7,24.5,39.4,38.5,0.32,0.302,0.224,2.71,2.61,0.479,Kharif,None,0.68,2262.0,0.246,0.26,0.9284,1
FARM-1463,Bhagwan Bishnoi,Rajkot,Gujarat,22.0714,70.9953,Wheat,3.3,71.4,37.1,27.8,86.2,49.0,0.348,0.258,0.37,4.64,4.63,0.331,Rabi,Good,0.633,2471.0,0.157,0.629,0.088,0
FARM-1464,Gurpreet Kaur,Mysuru,Karnataka,12.2717,76.8141,Rice,4.29,72.6,10.0,23.2,59.0,64.2,0.645,0.41,0.503,4.46,4.72,0.222,Kharif,None,0.284,2366.0,0.206,0.485,0.8429,1
FARM-1465,Savita Patil,Murshidabad,West Bengal,23.8009,88.1194,Pulses,5.69,63.2,31.3,30.6,143.9,83.4,0.194,0.483,0.681,0.8,0.82,0.185,Rabi,None,0.315,6450.0,0.088,0.453,0.205,0
FARM-1466,Sanjay Meena,Lucknow,Uttar Pradesh,26.9746,81.2232,Rice,2.11,69.2,39.6,27.7,96.5,71.7,0.243,0.396,0.307,2.95,3.1,0.468,Kharif,Good,0.788,2154.0,0.284,0.644,0.3282,1
FARM-1467,Harpreet Jat,Hooghly,West Bengal,22.6403,88.7678,Mustard,2.6,89.9,41.0,24.0,109.9,73.6,0.0,0.418,0.455,1.69,1.57,0.236,Rabi,None,0.076,5496.0,0.011,0.605,0.016,0
FARM-1468,Kavita Rao,Raichur,Karnataka,16.5087,77.1439,Maize,6.22,71.7,35.8,29.8,61.2,47.8,0.548,0.251,0.418,3.62,3.85,0.533,Kharif,Good,0.415,2325.0,0.114,0.588,0.1465,0
FARM-1469,Kamla Kaur,Surat,Gujarat,21.1733,72.9789,Cotton,0.47,45.4,28.4,29.7,33.2,57.9,0.408,0.19,0.643,2.88,3.19,0.57,Kharif,Good,0.531,7029.0,0.136,0.616,0.5102,0
FARM-1470,Babu Patil,Dharwad,Karnataka,15.3759,75.1879,Sugarcane,0.67,64.8,39.8,26.4,109.7,48.2,0.489,0.219,0.28,65.02,61.36,0.354,Annual,Good,0.302,356.0,0.391,0.673,0.0992,0
FARM-1471,Manoj Deshmukh,Coimbatore,Tamil Nadu,11.3121,76.8858,Rice,14.23,60.6,15.3,27.1,78.3,68.5,0.706,0.375,0.476,5.42,5.15,0.727,Kharif,None,0.448,2098.0,0.158,0.419,0.8832,1
FARM-1472,Bhagwan Gowda,Bardhaman,West Bengal,23.4282,87.9029,Rice,4.2,80.0,20.7,25.6,88.3,61.1,0.393,0.518,0.294,5.46,5.7,0.459,Kharif,None,0.696,2343.0,0.187,0.477,0.7415,0
FARM-1473,Sunil Jadhav,Indore,Madhya Pradesh,22.9035,75.6443,Wheat,3.94,43.2,34.0,25.7,45.8,47.6,0.466,0.213,0.123,5.01,4.43,0.334,Rabi,Good,0.106,2034.0,0.226,0.711,0.0567,0
FARM-1474,Lakshmi Jat,Krishna,Andhra Pradesh,16.86,80.8363,Cotton,8.62,61.0,33.4,30.2,97.4,61.9,0.53,0.564,0.655,1.54,1.51,0.222,Kharif,Good,0.297,7040.0,0.189,0.638,0.2848,0
FARM-1475,Geeta Kaur,Jalandhar,Punjab,31.3306,75.1369,Wheat,2.19,50.3,37.8,18.6,24.4,61.8,0.182,0.307,0.119,4.83,4.77,0.499,Rabi,Good,0.505,2170.0,0.12,0.574,0.0798,0
FARM-1476,Sukhwinder Verma,Lucknow,Uttar Pradesh,26.9628,81.0946,Wheat,2.32,63.6,49.1,25.8,134.8,72.1,0.143,0.64,0.413,4.2,4.64,0.61,Rabi,Good,0.375,2136.0,0.093,0.543,0.1866,0
FARM-1477,Ganesh Naidu,Patiala,Punjab,30.4479,76.581,Wheat,1.89,58.8,42.6,23.4,69.5,76.5,0.314,0.313,0.386,5.19,5.24,0.545,Rabi,Good,0.452,2385.0,0.705,0.617,0.3581,0
FARM-1478,Shanti Gowda,Sirsa,Haryana,29.0877,74.9925,Cotton,3.93,68.8,39.7,29.3,36.8,54.0,0.571,0.255,0.585,2.72,2.91,0.386,Kharif,Good,0.346,6521.0,0.175,0.696,0.1759,0
FARM-1479,Rekha Kumar,Varanasi,Uttar Pradesh,25.0094,83.0625,Wheat,1.49,85.9,40.9,27.9,116.5,51.2,0.41,0.232,0.212,5.01,5.36,0.231,Rabi,Good,0.378,1879.0,0.296,0.801,0.01,0
FARM-1480,Ganesh Reddy,Muzaffarpur,Bihar,25.925,85.2369,Wheat,3.38,65.5,30.2,25.8,60.2,91.6,0.372,0.484,0.528,4.86,5.0,0.313,Rabi,Good,0.232,2266.0,0.601,0.67,0.1328,0
FARM-1481,Ganesh Murugan,Gwalior,Madhya Pradesh,26.3672,78.2843,Maize,5.82,65.4,23.6,27.6,46.6,59.9,0.769,0.232,0.405,3.5,3.69,0.961,Kharif,Good,0.748,2079.0,0.297,0.631,0.8363,1
FARM-1482,Meena Ghosh,Gwalior,Madhya Pradesh,26.2647,78.1994,Pulses,1.86,70.3,31.0,26.9,180.9,52.9,0.708,0.306,0.453,1.33,1.35,0.253,Rabi,Partial,0.507,6080.0,0.139,0.558,0.3265,1
FARM-1483,Gurpreet Reddy,Nizamabad,Telangana,18.7056,77.9833,Rice,4.16,44.8,35.4,29.1,98.0,77.3,0.637,0.247,0.581,4.81,5.03,0.25,Kharif,Partial,0.415,2094.0,0.127,0.498,0.5905,1
FARM-1484,Rajinder Choudhary,Hooghly,West Bengal,22.4815,88.5365,Rice,1.73,55.7,33.1,26.1,153.4,72.8,0.251,0.454,0.289,3.29,3.26,0.35,Kharif,None,0.135,2101.0,0.306,0.575,0.0585,0
FARM-1485,Rajinder Singh,Gwalior,Madhya Pradesh,26.4648,78.117,Wheat,1.05,33.1,36.4,28.3,55.4,52.2,0.454,0.134,0.265,3.3,3.47,0.461,Rabi,Good,0.531,2351.0,0.255,0.488,0.2369,1
FARM-1486,Mahesh Bishnoi,Solapur,Maharashtra,17.8878,76.1274,Cotton,1.84,38.3,17.1,27.8,53.8,44.1,0.263,0.288,0.575,1.5,1.57,0.216,Kharif,None,0.156,5523.0,0.083,0.328,0.5525,0
FARM-1487,Suresh Meena,Patna,Bihar,25.5097,84.8725,Rice,0.89,68.6,32.6,28.3,168.4,66.7,0.19,0.62,0.36,4.34,4.57,0.56,Kharif,None,0.495,2502.0,0.163,0.522,0.3478,0
FARM-1488,Meena Meena,Gaya,Bihar,24.7669,85.1879,Rice,2.02,70.3,54.4,27.4,287.3,73.1,0.306,0.391,0.408,4.74,4.79,0.454,Kharif,None,0.215,2357.0,0.29,0.481,0.224,0
FARM-1489,Narayan Deshmukh,Bathinda,Punjab,30.4138,75.0203,Cotton,0.9,84.7,28.5,25.8,39.6,69.1,0.352,0.096,0.705,2.26,2.42,0.29,Kharif,Good,0.374,6154.0,0.093,0.756,0.1384,0
FARM-1490,Kavita Deshmukh,Amritsar,Punjab,31.3659,75.138,Cotton,2.08,98.0,38.2,27.0,87.0,45.5,0.207,0.087,0.6,2.68,2.9,0.755,Kharif,Good,0.331,6874.0,0.258,0.822,0.01,0
FARM-1491,Anita Gowda,Gorakhpur,Uttar Pradesh,26.7284,83.1898,Sugarcane,1.17,85.6,30.3,26.3,45.1,59.8,0.375,0.502,0.554,71.2,71.98,0.336,Annual,Good,0.236,384.0,0.369,0.753,0.1678,0
FARM-1492,Kishan Kaur,Mysuru,Karnataka,12.254,76.4291,Pulses,1.39,63.2,15.1,27.8,60.0,68.6,0.54,0.222,0.541,0.71,0.71,0.421,Rabi,None,0.833,6651.0,0.111,0.27,0.8648,1
FARM-1493,Mohan Naidu,Sirsa,Haryana,29.9894,75.0966,Sugarcane,1.48,82.9,31.0,24.7,20.8,55.7,0.552,0.424,0.312,78.48,83.27,0.483,Annual,Good,0.261,327.0,0.275,0.832,0.1894,0
FARM-1494,Rekha Choudhary,Nalgonda,Telangana,16.7821,79.4552,Pulses,1.86,64.4,25.3,30.9,47.4,55.7,0.234,0.417,0.469,1.34,1.34,0.301,Rabi,None,0.237,6333.0,0.273,0.443,0.1955,0
FARM-1495,Savita Verma,Jaipur,Rajasthan,26.8979,75.9558,Pulses,2.43,37.0,21.0,30.4,45.2,35.8,0.705,0.177,0.232,0.88,0.94,0.447,Rabi,Partial,0.274,7022.0,0.626,0.412,0.7123,0
FARM-1496,Harpreet Meena,Bareilly,Uttar Pradesh,28.121,79.4908,Rice,6.17,54.0,37.8,28.1,36.0,62.9,0.532,0.237,0.352,4.07,4.14,0.26,Kharif,Good,0.45,2626.0,0.105,0.576,0.3082,0
FARM-1497,Anita Bishnoi,Amritsar,Punjab,32.0367,75.0462,Rice,3.23,73.0,31.0,25.9,22.1,55.4,0.431,0.06,0.625,5.01,5.57,0.132,Kharif,Good,0.289,2474.0,0.202,0.579,0.154,1
FARM-1498,Babu Jadhav,Raichur,Karnataka,16.225,77.38,Sugarcane,1.78,77.9,34.6,25.1,22.4,58.5,0.484,0.237,0.379,64.27,59.98,0.178,Annual,Good,0.21,318.0,0.256,0.786,0.0176,0
FARM-1499,Mahesh Sharma,Aurangabad,Maharashtra,19.4474,75.0955,Sugarcane,2.05,67.9,10.0,28.5,19.0,53.4,0.516,0.314,0.495,60.06,64.5,0.631,Annual,None,0.486,359.0,0.237,0.337,0.99,1
FARM-1500,Kavita Choudhary,Thanjavur,Tamil Nadu,10.6009,79.1132,Sugarcane,3.73,52.1,17.8,30.0,67.3,75.7,0.623,0.301,0.497,70.37,76.64,0.397,Annual,None,0.705,347.0,0.514,0.459,0.99,1
